"Year","Month","ONI","SOI","DMI","MEI","NAO","PDO","AMO"
1949,1,NA,-1.7,0.093,NA,NA,-2.01,0.151
1949,2,NA,-0.3,0.257,NA,NA,-3.6,0.158
1949,3,NA,-1,-0.021,NA,NA,-1,0.037
1949,4,NA,-1,0.241,NA,NA,-0.53,0.097
1949,5,NA,-1.1,-0.011,NA,NA,-1.07,-0.026
1949,6,NA,-0.9,0.104,NA,NA,-0.7,-0.001
1949,7,NA,-0.6,0.088,NA,NA,-0.56,0.07
1949,8,NA,-0.6,0.123,NA,NA,-1.3,0.1
1949,9,NA,-0.1,0.016,NA,NA,-0.93,0.068
1949,10,NA,0,0.035,NA,NA,-1.41,0.102
1949,11,NA,0.2,-0.272,NA,NA,-0.83,0.106
1949,12,NA,0.2,-0.261,NA,NA,-0.8,0.116
1950,1,-1.53,0.9,0.022,NA,0.56,-2.13,0.109
1950,2,-1.34,1.4,-0.474,NA,0.01,-2.91,-0.035
1950,3,-1.16,0.8,-0.592,NA,-0.78,-1.13,-0.107
1950,4,-1.18,-0.2,-0.399,NA,0.65,-1.2,-0.132
1950,5,-1.07,-0.4,-0.229,NA,-0.5,-2.23,-0.06
1950,6,-0.85,-0.1,-0.38,NA,0.25,-1.77,-0.044
1950,7,-0.54,-0.1,-0.251,NA,-1.23,-2.93,-0.057
1950,8,-0.42,-0.2,-0.107,NA,-0.19,-0.7,0.018
1950,9,-0.39,0.1,-0.525,NA,0.39,-2.14,0.008
1950,10,-0.44,-0.3,-0.431,NA,1.43,-1.36,-0.092
1950,11,-0.6,0.3,-0.104,NA,-1.46,-2.46,0.078
1950,12,-0.8,-0.5,0.043,NA,-1.03,-0.76,0.086
1951,1,-0.82,0.1,0.321,NA,-0.42,-1.54,0.101
1951,2,-0.54,0.3,0.291,NA,0.35,-1.06,-0.004
1951,3,-0.17,-1.2,0.359,NA,-1.47,-1.9,0.01
1951,4,0.18,-1,-0.438,NA,-0.38,-0.36,0.167
1951,5,0.36,-1.3,-0.059,NA,-0.5,-0.25,0.171
1951,6,0.58,-1.5,-0.076,NA,-1.35,-1.09,0.287
1951,7,0.7,-1.7,-0.123,NA,1.39,0.7,0.42
1951,8,0.89,-1.1,0.236,NA,-0.41,-1.37,0.302
1951,9,0.99,-1.1,0.101,NA,-1.18,-0.08,0.247
1951,10,1.15,-1.6,-0.008,NA,2.54,-0.32,0.257
1951,11,1.04,-1.8,0.246,NA,-0.54,-0.28,0.173
1951,12,0.81,-1.3,-0.003,NA,1.13,-1.68,0.173
1952,1,0.53,-1.4,-0.004,NA,0.57,-2.01,0.17
1952,2,0.37,-0.7,0.16,NA,-1.38,-0.46,0.181
1952,3,0.34,-0.5,0.226,NA,-1.97,-0.63,0.228
1952,4,0.29,-1.1,0.149,NA,0.95,-1.05,0.189
1952,5,0.2,-1,-0.069,NA,-0.99,-1,0.179
1952,6,0,-0.6,0.134,NA,-0.1,-1.43,0.381
1952,7,-0.08,-0.3,-0.333,NA,-0.06,-1.25,0.37
1952,8,0,-0.2,-0.351,NA,-0.49,-0.6,0.401
1952,9,0.15,-0.7,-0.501,NA,-0.38,-0.89,0.36
1952,10,0.1,-0.9,-0.386,NA,-0.28,-0.35,0.352
1952,11,0.04,-0.7,-0.047,NA,-1.32,-0.76,0.248
1952,12,0.15,-1,0.039,NA,-0.49,0.04,0.338
1953,1,0.4,-0.2,0.37,NA,-0.12,-0.57,0.263
1953,2,0.6,-1.4,0.365,NA,-1,-0.07,0.183
1953,3,0.63,-1,0.288,NA,-0.45,-1.12,0.139
1953,4,0.66,-0.7,0.021,NA,-1.96,0.05,0.311
1953,5,0.75,-1.7,0.396,NA,-0.56,0.43,0.34
1953,6,0.77,-1,0,NA,1.41,0.29,0.273
1953,7,0.75,-1,-0.081,NA,0.43,0.74,0.341
1953,8,0.73,-0.8,-0.119,NA,-1.04,0.05,0.256
1953,9,0.78,-1.1,-0.134,NA,-0.19,-0.63,0.278
1953,10,0.84,-0.8,-0.153,NA,1.95,-1.09,0.146
1953,11,0.84,-1.3,-0.013,NA,0.96,-0.03,0.242
1953,12,0.81,-1.1,-0.049,NA,-0.52,0.07,0.256
1954,1,0.76,0.2,-0.273,NA,-0.08,-1.32,0.225
1954,2,0.47,0.2,-0.191,NA,0.4,-1.61,0.093
1954,3,-0.05,-0.2,-0.062,NA,-1.27,-0.52,0.098
1954,4,-0.41,0.2,0.066,NA,1.31,-1.33,-0.016
1954,5,-0.54,0,-0.471,NA,-0.03,0.01,0.067
1954,6,-0.5,0.1,-0.391,NA,0.06,0.97,0.097
1954,7,-0.64,0.2,-0.758,NA,-0.57,0.43,-0.047
1954,8,-0.84,0.8,-0.519,NA,-2.57,0.08,-0.017
1954,9,-0.9,0.4,-0.612,NA,-0.28,-0.94,-0.013
1954,10,-0.77,0.1,-0.676,NA,1.16,0.52,-0.035
1954,11,-0.73,0.3,-0.327,NA,0.29,0.72,-0.029
1954,12,-0.66,0.6,0.017,NA,0.55,-0.5,-0.054
1955,1,-0.68,-0.2,0.016,NA,-2.65,0.2,0.073
1955,2,-0.62,0.6,-0.073,NA,-1.71,-1.52,0.038
1955,3,-0.69,-0.5,0.119,NA,-0.96,-1.26,0.039
1955,4,-0.8,0,0.031,NA,-0.6,-1.97,0.093
1955,5,-0.79,0.6,-0.616,NA,-0.26,-1.21,0.174
1955,6,-0.72,0.5,-0.273,NA,-0.8,-2.44,0.191
1955,7,-0.68,0.3,-0.342,NA,1.78,-2.35,0.266
1955,8,-0.75,0.7,-0.317,NA,1.25,-2.25,0.172
1955,9,-1.09,1,-0.632,NA,0.46,-1.95,0.2
1955,10,-1.42,1.1,-0.571,NA,-1.09,-2.8,0.277
1955,11,-1.67,1.1,-0.146,NA,-1.49,-3.08,0.384
1955,12,-1.47,0.9,-0.231,NA,0.07,-2.75,0.254
1956,1,-1.11,0.8,-0.036,NA,-0.76,-2.48,0.184
1956,2,-0.76,0.4,0.059,NA,-1.71,-2.74,0.092
1956,3,-0.63,-0.3,0.099,NA,-0.46,-2.56,0.011
1956,4,-0.54,0.4,-0.224,NA,-1.3,-2.17,0.061
1956,5,-0.52,0.1,-0.491,NA,2.1,-1.41,-0.061
1956,6,-0.51,0.1,-0.712,NA,0.41,-1.7,-0.267
1956,7,-0.57,0.7,-0.986,NA,-0.72,-1.03,-0.093
1956,8,-0.55,0.9,-0.66,NA,-1.89,-1.16,-0.101
1956,9,-0.46,0.7,-0.697,NA,0.38,-0.71,-0.092
1956,10,-0.42,0.2,-0.512,NA,1.47,-2.3,-0.046
1956,11,-0.43,0.1,-0.393,NA,0.4,-2.11,-0.09
1956,12,-0.43,0.1,-0.081,NA,0,-1.28,0.016
1957,1,-0.25,0.3,-0.371,NA,0.71,-1.82,-0.084
1957,2,0.06,-1.1,-0.484,NA,-0.32,-0.68,-0.109
1957,3,0.41,-0.5,-0.097,NA,-1.73,0.03,-0.022
1957,4,0.72,-1.1,-0.225,NA,0.39,-0.58,-0.077
1957,5,0.92,-0.8,-0.247,NA,-0.68,0.57,-0.124
1957,6,1.11,-1,-0.351,NA,-0.42,1.76,-0.015
1957,7,1.25,-0.5,-0.392,NA,-1.16,0.72,0.037
1957,8,1.32,-0.9,-0.154,NA,-0.83,0.51,0.199
1957,9,1.33,-0.8,-0.277,NA,-1.47,1.59,0.218
1957,10,1.39,-0.6,-0.363,NA,1.95,1.5,0.147
1957,11,1.53,-2,-0.359,NA,0.63,-0.32,0.081
1957,12,1.74,-0.9,-0.18,NA,0.02,-0.55,0.076
1958,1,1.81,-1.6,-0.331,NA,-1.14,0.25,0.046
1958,2,1.66,-1.1,-0.154,NA,-1.64,0.62,0.186
1958,3,1.27,-1.2,-0.274,NA,-2.46,0.25,0.341
1958,4,0.93,-0.2,-0.272,NA,0.26,1.06,0.343
1958,5,0.74,-0.6,-0.417,NA,-0.17,1.28,0.198
1958,6,0.64,-0.2,-0.741,NA,-1.08,1.33,0.218
1958,7,0.57,0,-0.966,NA,-1.69,0.89,0.161
1958,8,0.43,0.3,-1.148,NA,-2.13,1.06,0.158
1958,9,0.39,0.1,-1.197,NA,0.08,0.29,0.209
1958,10,0.44,-0.1,-0.807,NA,0.68,0.01,0.149
1958,11,0.5,-0.4,-0.551,NA,1.59,-0.18,0.182
1958,12,0.61,-0.6,-0.569,NA,-0.74,0.86,0.216
1959,1,0.61,-0.8,0.038,NA,-1.52,0.69,0.097
1959,2,0.62,-0.8,-0.452,NA,0.33,-0.43,0.111
1959,3,0.52,0,-0.424,NA,-0.56,-0.95,-0.031
1959,4,0.33,-0.8,-0.281,NA,0.25,-0.02,-0.007
1959,5,0.2,0,-0.662,NA,0.41,0.23,0.004
1959,6,-0.07,-0.2,-0.632,NA,0.71,0.44,-0.063
1959,7,-0.18,-0.3,-0.57,NA,0.77,-0.5,-0.035
1959,8,-0.28,0,-0.8,NA,-0.05,-0.62,0.009
1959,9,-0.09,-0.1,-0.733,NA,1,-0.85,0.122
1959,10,-0.03,-0.4,-0.427,NA,1.48,0.52,0.109
1959,11,0.05,0.2,-0.451,NA,0.3,1.11,0.047
1959,12,-0.04,-0.4,-0.287,NA,0.32,0.06,0.106
1960,1,-0.1,0.3,-0.171,NA,-2.01,0.3,0.173
1960,2,-0.1,0.2,0.036,NA,-2.59,0.52,0.213
1960,3,-0.07,0.2,-0.333,NA,-0.93,-0.21,0.085
1960,4,0.03,0.2,-0.67,NA,1.33,0.09,0.093
1960,5,0.02,0.1,-0.659,NA,0.47,0.91,0.299
1960,6,0.03,0,-0.567,NA,0.1,0.64,0.315
1960,7,0.13,0.2,-0.638,NA,0.38,-0.27,0.267
1960,8,0.24,0.4,-0.472,NA,-1.93,-0.38,0.331
1960,9,0.27,0.3,-0.476,NA,0.53,-0.94,0.207
1960,10,0.2,0.3,-0.747,NA,-1.37,0.09,0.292
1960,11,0.12,0.3,-0.688,NA,-0.67,-0.23,0.246
1960,12,0.05,0.4,-0.572,NA,-0.03,0.17,0.134
1961,1,0.04,-0.2,-0.079,NA,-0.03,1.18,0.057
1961,2,0.03,0.9,0,NA,0.07,0.43,0.077
1961,3,0.04,-0.7,-0.022,NA,0.17,0.09,0.144
1961,4,0.09,0.3,-0.537,NA,-1.83,0.34,0.223
1961,5,0.23,0.4,-0.358,NA,-0.28,-0.06,0.189
1961,6,0.27,-0.3,0.108,NA,1.17,-0.61,0.029
1961,7,0.14,0.2,0.727,NA,-0.36,-1.22,-0.023
1961,8,-0.13,0.5,0.888,NA,1.03,-1.13,0.032
1961,9,-0.3,0.3,0.66,NA,1.36,-2.01,-0.001
1961,10,-0.26,-0.1,0.616,NA,1.07,-2.28,0.025
1961,11,-0.19,0.3,0.446,NA,-0.79,-1.85,0.063
1961,12,-0.16,0.9,0.381,NA,-1.46,-2.69,0.209
1962,1,-0.24,1.5,0.577,NA,0.2,-1.29,0.145
1962,2,-0.22,0.3,0.624,NA,0.18,-1.15,0.148
1962,3,-0.2,0.7,0.457,NA,-2.99,-1.42,0.161
1962,4,-0.26,0.7,0.056,NA,0.93,-0.8,0.083
1962,5,-0.28,1.1,-0.305,NA,-0.04,-1.22,0.019
1962,6,-0.2,0.8,-0.344,NA,0.47,-1.62,-0.076
1962,7,-0.04,0.6,-0.371,NA,-2.43,-1.46,-0.012
1962,8,-0.07,0.5,-0.191,NA,0.05,-0.48,-0.068
1962,9,-0.11,0.6,-0.08,NA,-0.21,-1.58,0
1962,10,-0.22,1,-0.168,NA,0.96,-1.55,0.061
1962,11,-0.31,0.4,-0.09,NA,-0.38,-0.37,0.042
1962,12,-0.43,0.6,-0.001,NA,-1.31,-0.96,0.186
1963,1,-0.4,1,0.394,NA,-2.98,-0.33,0.153
1963,2,-0.15,0.9,0.475,NA,-1.53,-0.16,0.161
1963,3,0.15,-0.1,0.301,NA,-0.85,-0.54,0.129
1963,4,0.27,0.3,0.014,NA,-1.61,-0.41,0.099
1963,5,0.31,0.2,-0.244,NA,2.05,-0.65,-0.089
1963,6,0.52,-0.6,-0.134,NA,-0.13,-0.88,-0.052
1963,7,0.86,-0.6,0.308,NA,-0.74,-1,-0.04
1963,8,1.14,-0.6,0.585,NA,-0.95,-1.03,-0.078
1963,9,1.22,-0.7,0.187,NA,1.89,0.45,-0.207
1963,10,1.29,-0.9,0.591,NA,1.53,-0.52,-0.076
1963,11,1.37,-0.3,0.442,NA,-1.47,-2.08,-0.062
1963,12,1.31,-1,0.011,NA,-1.87,-1.08,-0.065
1964,1,1.07,-0.5,-0.396,NA,-1.62,0.01,-0.08
1964,2,0.62,0,-0.612,NA,-2.06,-0.21,0.017
1964,3,0.12,0.2,-0.212,NA,-1.66,-0.87,0.035
1964,4,-0.33,1.2,-0.149,NA,0.25,-1.03,-0.151
1964,5,-0.58,1.2,-0.44,NA,0.53,-1.91,0.036
1964,6,-0.58,1,-0.23,NA,1.61,-0.32,-0.001
1964,7,-0.6,0.6,-0.732,NA,1.92,-0.51,-0.149
1964,8,-0.66,1.1,-0.571,NA,-2.4,-1.03,-0.239
1964,9,-0.76,1.2,-0.875,NA,0.34,-0.68,-0.225
1964,10,-0.8,1.1,-0.868,NA,1.32,-0.37,-0.276
1964,11,-0.82,0.6,-0.161,NA,-0.14,-0.8,-0.171
1964,12,-0.78,0.2,-0.113,NA,-0.23,-1.52,-0.126
1965,1,-0.59,-0.2,-0.266,NA,-0.65,-1.24,-0.203
1965,2,-0.28,-0.1,-0.367,NA,-2.2,-1.16,-0.182
1965,3,-0.07,0,-0.086,NA,-1.99,0.04,-0.083
1965,4,0.18,0.2,-0.21,NA,0.64,0.62,-0.102
1965,5,0.46,-0.5,-0.46,NA,-0.52,-0.66,-0.104
1965,6,0.83,-1,-0.374,NA,0.6,-0.8,-0.132
1965,7,1.22,-1.1,-0.376,NA,0.35,-0.47,-0.193
1965,8,1.54,-1,-0.135,NA,0.45,0.2,-0.215
1965,9,1.85,-0.7,-0.091,NA,0.51,0.59,-0.227
1965,10,1.98,-0.8,0.177,NA,0.92,-0.36,-0.253
1965,11,1.97,-1.2,-0.102,NA,-1.88,-0.59,-0.281
1965,12,1.72,-0.9,-0.22,NA,1.18,0.06,-0.128
1966,1,1.37,-2.5,-0.167,NA,-2.54,-0.82,-0.081
1966,2,1.17,-0.8,-0.083,NA,-2.02,-0.03,0.005
1966,3,0.98,-0.6,-0.241,NA,0.18,-1.29,-0.015
1966,4,0.66,0,-0.36,NA,-0.96,0.06,0.038
1966,5,0.35,0.4,-0.343,NA,0.25,-0.53,-0.004
1966,6,0.24,-0.1,-0.005,NA,1.37,0.16,-0.05
1966,7,0.24,-0.1,0.092,NA,0.35,0.26,-0.061
1966,8,0.12,0.3,0.241,NA,-2.39,-0.35,-0.049
1966,9,-0.05,0.2,0.208,NA,-0.29,-0.33,-0.005
1966,10,-0.1,0.1,-0.145,NA,-0.23,-1.17,0.008
1966,11,-0.18,0.2,-0.237,NA,-0.18,-1.15,-0.002
1966,12,-0.3,0.6,-0.167,NA,0.58,-0.32,0.075
1967,1,-0.41,0,-0.171,NA,-1.55,-0.2,0.076
1967,2,-0.48,0.7,0.007,NA,-0.23,-0.18,0.083
1967,3,-0.53,0.2,0.348,NA,1.18,-1.2,-0.039
1967,4,-0.45,0,-0.187,NA,0.05,-0.89,-0.021
1967,5,-0.24,0.1,-0.086,NA,-0.87,-1.24,-0.192
1967,6,0,0.3,0.158,NA,1.72,-1.16,-0.266
1967,7,0.05,0.2,0.236,NA,0.44,-0.89,-0.236
1967,8,-0.16,0,0.243,NA,1.73,-1.24,-0.17
1967,9,-0.3,0.4,0.251,NA,1.05,-0.72,-0.102
1967,10,-0.38,-0.2,0.318,NA,0.59,-0.64,-0.105
1967,11,-0.34,-0.1,0.146,NA,0.5,-0.05,-0.24
1967,12,-0.44,-0.4,0.123,NA,-0.51,-0.4,-0.158
1968,1,-0.64,0,0.279,NA,-0.36,-0.95,-0.252
1968,2,-0.74,0.2,0.413,NA,-1.91,-0.4,-0.204
1968,3,-0.62,1,0.254,NA,0.02,-0.31,-0.214
1968,4,-0.44,0.2,0.149,NA,-1.32,-1.03,-0.161
1968,5,-0.04,0.8,-0.044,NA,-1.58,-0.53,-0.129
1968,6,0.28,0.5,0.205,NA,0.64,-0.35,-0.268
1968,7,0.58,-0.1,-0.425,NA,-0.77,0.53,-0.235
1968,8,0.53,0.2,-0.343,NA,-0.97,0.19,-0.219
1968,9,0.45,0,-0.628,NA,-1.73,0.06,-0.156
1968,10,0.55,-0.6,-0.372,NA,-1.99,-0.34,-0.119
1968,11,0.73,-1.1,-0.331,NA,-1.11,-0.44,-0.114
1968,12,0.98,-0.4,-0.144,NA,-1.39,-1.27,-0.133
1969,1,1.13,-1.4,-0.097,NA,-1.48,-1.26,-0.069
1969,2,1.09,-1.5,-0.085,NA,-2.2,-0.95,0.098
1969,3,0.95,-0.4,0.16,NA,-2.04,-0.5,0.201
1969,4,0.77,-0.8,0.025,NA,1.52,-0.44,0.143
1969,5,0.61,-0.6,-0.086,NA,0.56,-0.2,0.004
1969,6,0.43,-0.7,-0.512,NA,0.86,0.89,0.022
1969,7,0.36,-1,-0.31,NA,0.6,0.1,0.088
1969,8,0.51,-0.7,-0.238,NA,-1.99,-0.81,-0.107
1969,9,0.79,-0.6,-0.142,NA,2.17,-0.66,-0.113
1969,10,0.86,-0.9,-0.04,NA,1.23,1.12,-0.191
1969,11,0.81,-1.1,0.119,NA,-1.14,0.15,-0.13
1969,12,0.63,-1.2,-0.016,NA,-0.35,1.38,-0.038
1970,1,0.51,-0.7,0.363,NA,-2.26,0.61,-0.016
1970,2,0.34,-0.9,0.405,NA,0.28,0.43,-0.055
1970,3,0.29,0.1,0.168,NA,-1.41,1.33,0.013
1970,4,0.19,-0.3,0.294,NA,-1.56,0.43,0.014
1970,5,0.04,0.7,0.262,NA,1.11,-0.49,-0.053
1970,6,-0.3,0.5,-0.272,NA,1.87,0.06,-0.189
1970,7,-0.63,0.5,-0.473,NA,0.13,-0.68,-0.206
1970,8,-0.76,0.6,-0.238,NA,0,-1.63,-0.147
1970,9,-0.77,1.1,-0.494,NA,0.06,-1.67,-0.144
1970,10,-0.74,0.6,-0.478,NA,-0.49,-1.39,-0.202
1970,11,-0.86,1.1,-0.184,NA,-0.76,-0.8,-0.247
1970,12,-1.15,-0.1,-0.166,NA,-1.2,-0.97,-0.216
1971,1,-1.36,0.7,0.264,NA,-1.82,-1.9,-0.252
1971,2,-1.38,1.4,0.093,NA,-0.17,-1.74,-0.298
1971,3,-1.12,0.5,0.308,NA,-1.28,-1.68,-0.316
1971,4,-0.85,0.7,0.315,NA,-0.41,-1.59,-0.419
1971,5,-0.73,1.1,0.006,NA,0.51,-1.55,-0.333
1971,6,-0.74,0.6,-0.123,NA,-1.28,-1.55,-0.369
1971,7,-0.8,0.3,-0.257,NA,0.27,-2.2,-0.356
1971,8,-0.77,0.7,-0.435,NA,1.87,-0.15,-0.441
1971,9,-0.82,1,-0.64,NA,0.53,0.21,-0.372
1971,10,-0.85,0.5,-0.469,NA,1.14,-0.22,-0.241
1971,11,-0.96,0.1,0.141,NA,-0.34,-1.25,-0.249
1971,12,-0.9,-0.4,0.284,NA,0.47,-1.87,-0.314
1972,1,-0.71,-0.4,0.209,NA,-0.19,-1.99,-0.324
1972,2,-0.35,0.8,-0.136,NA,-0.08,-1.83,-0.386
1972,3,0.06,-0.3,0.131,NA,0.35,-2.09,-0.445
1972,4,0.41,-0.9,0.207,NA,-0.38,-1.65,-0.332
1972,5,0.67,-1.1,0.237,NA,0.93,-1.57,-0.475
1972,6,0.92,-0.5,0.853,NA,1.19,-1.87,-0.494
1972,7,1.13,-1.4,0.805,NA,0.21,-0.83,-0.381
1972,8,1.37,-1.5,0.623,NA,1.57,0.25,-0.389
1972,9,1.58,-1.4,0.469,NA,0.03,0.17,-0.309
1972,10,1.84,-1.9,0.487,NA,1.7,0.11,-0.292
1972,11,2.09,-1.4,0.794,NA,0.43,0.57,-0.283
1972,12,2.12,-2.2,0.547,NA,0.09,-0.33,-0.357
1973,1,1.84,-1.6,0.108,NA,-0.46,-0.46,-0.38
1973,2,1.25,-0.9,0.002,NA,0.52,-0.61,-0.399
1973,3,0.54,-0.2,0.099,NA,-0.09,-0.5,-0.35
1973,4,-0.1,0.4,-0.041,NA,-0.73,-0.69,-0.27
1973,5,-0.54,0.6,0.164,NA,-0.36,-0.76,-0.175
1973,6,-0.87,0.9,-0.111,NA,0.7,-0.97,-0.181
1973,7,-1.11,1.2,-0.399,NA,0.6,-0.57,-0.109
1973,8,-1.28,1.3,-0.494,NA,-0.2,-1.14,-0.139
1973,9,-1.45,1.2,-0.667,NA,-0.15,-0.51,-0.137
1973,10,-1.71,1.6,-0.289,NA,-0.84,-0.87,-0.221
1973,11,-1.95,1.1,-0.034,NA,-1.11,-1.81,-0.215
1973,12,-2.03,1.6,0.117,NA,0.21,-0.76,-0.244
1974,1,-1.84,1.4,0.344,NA,1.05,-1.22,-0.281
1974,2,-1.55,1.3,0.236,NA,-0.6,-1.65,-0.289
1974,3,-1.23,1.1,0.349,NA,-0.43,-0.9,-0.407
1974,4,-1.03,0.3,0.022,NA,0.41,-0.52,-0.529
1974,5,-0.91,0.4,-0.159,NA,-0.17,-0.28,-0.506
1974,6,-0.77,0.2,0.087,NA,0.17,-0.31,-0.453
1974,7,-0.53,0.4,-0.152,NA,-0.73,-0.08,-0.52
1974,8,-0.37,0.3,-0.385,NA,-0.95,0.27,-0.473
1974,9,-0.41,1,-0.555,NA,0.95,0.44,-0.511
1974,10,-0.61,0.9,-0.686,NA,1.04,-0.1,-0.513
1974,11,-0.75,0.4,-0.428,NA,-0.7,0.43,-0.431
1974,12,-0.64,0,-0.291,NA,1.3,-0.12,-0.366
1975,1,-0.54,-0.4,-0.301,NA,0.17,-0.84,-0.278
1975,2,-0.57,0.8,-0.17,NA,-1.15,-0.71,-0.344
1975,3,-0.65,0.4,-0.364,NA,-1.04,-0.51,-0.315
1975,4,-0.73,0.5,0.163,NA,-1.89,-1.3,-0.351
1975,5,-0.83,0.9,0.146,NA,-0.43,-1.02,-0.394
1975,6,-0.98,0.9,0.169,NA,-0.54,-1.16,-0.301
1975,7,-1.13,0.9,0.058,NA,1.57,-0.4,-0.277
1975,8,-1.2,1.7,-0.232,NA,-0.46,-1.07,-0.191
1975,9,-1.37,1.6,-0.751,NA,1.67,-1.23,-0.341
1975,10,-1.43,1.3,-0.896,NA,-0.08,-1.29,-0.359
1975,11,-1.55,0.6,-0.205,NA,0.3,-2.08,-0.347
1975,12,-1.65,1.4,-0.1,NA,-0.09,-1.61,-0.327
1976,1,-1.56,0.3,0.07,NA,-0.8,-1.14,-0.39
1976,2,-1.17,1.1,0.157,NA,0.61,-1.85,-0.447
1976,3,-0.73,-0.1,0.12,NA,0.38,-0.96,-0.499
1976,4,-0.47,-0.2,0.197,NA,0.14,-0.89,-0.432
1976,5,-0.28,-0.2,0.076,NA,0.94,-0.68,-0.494
1976,6,-0.05,-0.6,0.483,NA,1.11,-0.67,-0.489
1976,7,0.18,-1,0.69,NA,-0.29,0.61,-0.313
1976,8,0.35,-0.7,0.219,NA,2.34,1.28,-0.191
1976,9,0.62,-0.8,-0.102,NA,-1.11,0.82,-0.199
1976,10,0.81,-0.4,-0.072,NA,0.42,1.11,-0.299
1976,11,0.86,-0.6,-0.058,NA,0.04,1.25,-0.421
1976,12,0.85,-1.5,0.098,NA,-1.57,1.22,-0.437
1977,1,0.71,-0.8,0.063,NA,-1.72,1.65,-0.395
1977,2,0.64,-0.2,-0.181,NA,-1,1.11,-0.339
1977,3,0.34,-1.6,0.274,NA,-1.25,0.72,-0.188
1977,4,0.23,-0.1,0.046,NA,0.56,0.3,-0.223
1977,5,0.21,0,-0.261,NA,-0.75,0.31,-0.175
1977,6,0.34,0.1,0.019,NA,-0.27,0.42,-0.113
1977,7,0.35,-0.1,-0.074,NA,-0.42,0.19,-0.111
1977,8,0.42,-0.1,-0.148,NA,-0.49,0.64,-0.15
1977,9,0.57,0.1,-0.153,NA,0.51,-0.55,-0.237
1977,10,0.73,-0.7,0.404,NA,1.08,-0.61,-0.229
1977,11,0.81,-0.9,-0.004,NA,-0.21,-0.72,-0.148
1977,12,0.79,-1.1,0.049,NA,-1.02,-0.69,-0.21
1978,1,0.69,-0.1,-0.574,NA,0.26,0.34,-0.111
1978,2,0.42,-1.5,-0.45,NA,-2.94,1.45,-0.153
1978,3,0.06,0.5,-0.482,NA,0.33,1.34,-0.164
1978,4,-0.18,-0.1,-0.139,NA,-1.42,1.29,-0.2
1978,5,-0.31,0.9,-0.453,NA,1.05,0.9,-0.209
1978,6,-0.29,0.9,-0.061,NA,1.7,0.15,-0.338
1978,7,-0.36,0.6,-0.01,NA,-1.11,-1.24,-0.282
1978,8,-0.42,0.6,-0.112,NA,0.7,-0.56,-0.232
1978,9,-0.42,0.4,-0.155,NA,0.6,-0.44,-0.195
1978,10,-0.29,0.2,-0.343,NA,2.61,0.1,-0.212
1978,11,-0.08,-0.9,-0.335,NA,3.06,-0.07,-0.125
1978,12,0,-0.3,-0.19,NA,-1.54,-0.43,-0.188
1979,1,0.03,-1,0.382,0.47,-2.12,-0.58,-0.197
1979,2,0.07,-0.3,-0.078,0.26,-1.2,-1.33,-0.156
1979,3,0.2,-0.1,0.066,-0.08,0.41,0.3,-0.233
1979,4,0.28,-0.2,-0.132,0.2,-2.01,0.89,-0.242
1979,5,0.23,-0.5,-0.364,0.27,-0.9,1.09,-0.122
1979,6,0.05,0.4,0.222,-0.15,1.92,0.17,-0.047
1979,7,0.04,-0.6,-0.218,-0.14,0.86,0.84,-0.099
1979,8,0.17,-0.5,-0.114,0.44,1.11,0.52,-0.12
1979,9,0.33,-0.6,-0.174,0.38,1.13,1,-0.114
1979,10,0.45,-1.2,-0.154,0.24,0.18,1.06,-0.092
1979,11,0.52,-0.9,-0.128,0.52,0.42,0.48,-0.09
1979,12,0.64,-1.5,-0.032,0.65,0.84,-0.42,-0.064
1980,1,0.59,-0.4,-0.093,0.35,-1.38,-0.11,-0.006
1980,2,0.46,-0.3,-0.12,0.19,-0.39,1.32,-0.083
1980,3,0.34,-1.9,-0.317,0.41,-0.73,1.09,-0.143
1980,4,0.38,-0.5,-0.02,0.59,1.26,1.49,-0.005
1980,5,0.48,-0.4,0.014,0.55,-1.34,1.2,0.125
1980,6,0.46,-0.3,-0.268,0.62,-0.07,-0.22,0.104
1980,7,0.25,-0.4,-0.564,0.62,-0.39,0.23,0.046
1980,8,0.03,-0.2,-0.71,0.15,-3.01,0.51,0.019
1980,9,-0.07,-0.1,-0.639,0.2,0.79,0.1,-0.012
1980,10,0.02,0,-0.498,0.09,-1.41,1.35,-0.066
1980,11,0.11,0.1,-0.294,-0.03,-0.52,0.37,-0.201
1980,12,-0.01,0.1,-0.413,-0.06,0.63,-0.1,-0.254
1981,1,-0.26,0.3,-0.136,-0.33,-0.08,0.59,-0.181
1981,2,-0.5,-0.7,0.056,-0.24,0.6,1.46,-0.18
1981,3,-0.47,-0.4,0.127,0.33,-1.65,0.99,0.001
1981,4,-0.37,-0.5,0.168,0.41,0.25,1.45,-0.095
1981,5,-0.26,0.6,0.062,-0.27,0.24,1.75,-0.084
1981,6,-0.29,0.1,-0.126,-0.6,-0.15,1.69,-0.062
1981,7,-0.3,0.4,-0.463,-0.51,0.08,0.84,-0.094
1981,8,-0.25,0.4,-0.516,-0.31,0.38,0.18,-0.115
1981,9,-0.16,0.3,-0.651,-0.01,-1.27,0.42,-0.036
1981,10,-0.13,-0.2,-0.447,-0.1,-0.96,0.18,-0.186
1981,11,-0.15,0.2,-0.204,-0.22,-0.53,0.8,-0.136
1981,12,-0.08,-0.9,0.05,-0.16,-0.11,0.67,-0.006
1982,1,-0.05,0,0.209,-0.38,-1.55,0.34,-0.081
1982,2,0.07,-0.2,0.246,-0.47,0.86,0.2,-0.078
1982,3,0.19,-0.4,0.154,-0.28,0.8,0.19,-0.08
1982,4,0.47,-0.2,0.194,-0.34,-0.04,-0.19,-0.182
1982,5,0.66,-0.7,0.302,-0.03,-0.44,-0.58,-0.191
1982,6,0.72,-1.5,0.369,0.78,-1.34,-0.78,-0.184
1982,7,0.79,-1.4,0.362,1.79,1.18,0.58,-0.228
1982,8,1.07,-1.4,0.369,2.02,0.21,0.39,-0.308
1982,9,1.58,-1.4,0.548,1.81,1.86,0.84,-0.307
1982,10,1.97,-1.5,0.783,1.93,-0.29,0.37,-0.371
1982,11,2.18,-2.5,0.407,2.28,1.55,-0.25,-0.417
1982,12,2.23,-2.3,-0.093,2.48,1.56,0.26,-0.38
1983,1,2.18,-3.5,-0.416,2.57,1.34,0.56,-0.298
1983,2,1.92,-2.7,-0.507,2.74,-1.04,1.14,-0.103
1983,3,1.54,-1.9,-0.652,2.68,0.59,2.11,0.082
1983,4,1.29,-1.4,-0.481,2.79,-1.07,1.87,0.06
1983,5,1.06,-1.9,0.021,2.89,-0.01,1.8,-0.048
1983,6,0.72,-1.2,0.484,2.02,1.31,2.36,-0.054
1983,7,0.31,-1.5,0.621,0.75,1.22,3.51,-0.015
1983,8,-0.08,-0.5,0.457,-0.11,1.95,1.85,-0.158
1983,9,-0.46,-0.2,0.037,-0.41,-0.95,0.91,-0.215
1983,10,-0.81,0,-0.128,-0.43,1.22,0.96,-0.195
1983,11,-1,-0.5,-0.22,-0.43,-1.16,1.02,-0.158
1983,12,-0.91,0,-0.031,-0.43,0.18,1.69,-0.003
1984,1,-0.6,0.8,-0.158,-0.5,1.42,1.5,-0.106
1984,2,-0.42,0.6,-0.069,-0.52,0.37,1.21,-0.088
1984,3,-0.34,0.3,-0.022,-0.11,-0.79,1.77,-0.125
1984,4,-0.43,0.5,0.125,0.09,-0.45,1.52,-0.157
1984,5,-0.51,0.1,-0.225,-0.47,0.55,1.3,-0.166
1984,6,-0.45,0.2,-0.243,-0.72,-0.12,0.18,-0.324
1984,7,-0.3,0,-0.269,-0.31,-0.04,-0.18,-0.266
1984,8,-0.16,0.4,-0.385,-0.15,1.35,-0.03,-0.225
1984,9,-0.24,0.2,-0.502,-0.11,0.31,0.67,-0.208
1984,10,-0.56,-0.2,-0.494,-0.15,0.43,0.58,-0.343
1984,11,-0.92,0.5,-0.295,-0.58,-0.2,0.71,-0.424
1984,12,-1.14,-0.4,-0.209,-0.31,-0.09,0.82,-0.318
1985,1,-1.04,0.5,-0.401,-0.25,-2.38,1.27,-0.354
1985,2,-0.85,1.7,-0.547,-0.58,-1,0.94,-0.329
1985,3,-0.77,-0.3,-0.441,-0.6,-0.19,0.57,-0.356
1985,4,-0.78,0.7,-0.125,-0.76,0.2,0.19,-0.401
1985,5,-0.78,0.5,-0.143,-1.22,-0.4,0,-0.337
1985,6,-0.63,-0.4,-0.516,-0.57,-0.5,0.18,-0.128
1985,7,-0.49,-0.1,-0.307,-0.02,1.25,1.07,-0.153
1985,8,-0.46,0.4,-0.346,-0.37,-0.74,0.81,-0.281
1985,9,-0.4,0.2,-0.132,-0.44,-0.36,0.44,-0.247
1985,10,-0.35,-0.4,-0.339,-0.04,1.49,0.29,-0.245
1985,11,-0.27,0.1,0.197,0,-0.84,-0.75,-0.295
1985,12,-0.36,0.6,-0.348,-0.34,0.11,0.38,-0.337
1986,1,-0.49,0.6,-0.047,-0.36,0.78,1.12,-0.343
1986,2,-0.47,0.4,-0.056,-0.3,-1.58,1.61,-0.275
1986,3,-0.31,0.4,-0.1,-0.39,1.39,2.18,-0.293
1986,4,-0.2,-0.5,-0.211,-0.52,-0.79,1.55,-0.325
1986,5,-0.12,-0.4,-0.074,-0.18,0.84,1.16,-0.229
1986,6,-0.04,0.2,-0.165,0.12,1.54,0.89,-0.261
1986,7,0.22,-0.3,-0.449,0.56,0.15,1.38,-0.249
1986,8,0.44,-0.3,-0.288,1.05,-1.53,0.22,-0.273
1986,9,0.71,-0.6,-0.036,1.31,-0.95,0.22,-0.22
1986,10,0.94,0,0.111,0.57,2.2,1,-0.319
1986,11,1.14,-1.7,-0.12,0.65,2.27,1.77,-0.398
1986,12,1.22,-1.4,-0.205,1.06,0.83,1.77,-0.372
1987,1,1.23,-1.4,-0.015,0.98,-1.85,1.88,-0.278
1987,2,1.19,-2.4,0.121,1.08,-1.27,1.75,-0.218
1987,3,1.06,-1.3,-0.037,1.47,-0.26,2.1,-0.033
1987,4,0.95,-1.5,-0.081,1.66,2.03,2.16,0.029
1987,5,0.97,-1.7,0.244,1.91,0.96,1.85,0.068
1987,6,1.22,-1.1,0.223,2.02,-1.53,0.73,0.202
1987,7,1.51,-2,0.304,1.92,0.55,2.01,0.279
1987,8,1.7,-1.4,0.409,1.48,-1.19,2.83,0.279
1987,9,1.65,-1,0.499,1.23,-1.04,2.44,0.193
1987,10,1.48,-0.9,0.414,1.13,0.66,1.36,0.046
1987,11,1.25,-1,0.072,0.85,0.06,1.47,-0.07
1987,12,1.11,-1.7,0.222,0.75,0.21,1.27,0.042
1988,1,0.81,-0.1,0.418,0.59,0.68,0.93,-0.043
1988,2,0.54,-0.6,-0.074,0.31,0.42,1.24,-0.117
1988,3,0.14,0.8,-0.212,0.19,-0.58,1.42,-0.012
1988,4,-0.31,0.5,-0.053,-0.01,-1.42,0.94,0.049
1988,5,-0.88,0.5,-0.434,-0.36,0.64,1.2,0.135
1988,6,-1.3,0.9,-0.158,-1.19,1.19,0.74,0.163
1988,7,-1.3,0.9,-0.053,-1.77,-0.32,0.64,0.107
1988,8,-1.11,0.7,-0.177,-1.79,-0.07,0.19,-0.012
1988,9,-1.19,1.3,-0.288,-1.77,-0.82,-0.37,-0.099
1988,10,-1.48,0.9,-0.365,-1.54,-0.66,-0.1,-0.174
1988,11,-1.8,1.3,-0.06,-1.61,-0.49,-0.02,-0.151
1988,12,-1.85,0.8,0.226,-1.49,0.48,-0.43,-0.168
1989,1,-1.69,1.3,-0.215,-1.09,0.85,-0.95,-0.225
1989,2,-1.43,0.9,0.035,-1.06,1.82,-1.02,-0.16
1989,3,-1.08,1.5,-0.219,-1.2,1.54,-0.83,-0.257
1989,4,-0.83,0.1,-0.405,-1.09,0.16,-0.32,-0.294
1989,5,-0.58,0.9,-0.515,-1.04,1.33,0.47,-0.151
1989,6,-0.4,0.3,-0.666,-1.02,0.03,0.36,0.087
1989,7,-0.31,0.8,-0.35,-1.12,1,0.83,0.173
1989,8,-0.27,0.8,-0.209,-0.73,-0.11,0.09,0.109
1989,9,-0.24,0.1,-0.119,-0.61,2.15,0.05,-0.099
1989,10,-0.22,0.4,-0.253,-0.56,0.48,-0.12,-0.128
1989,11,-0.16,-0.3,-0.215,-0.33,0.03,-0.5,-0.154
1989,12,-0.05,0.5,-0.097,-0.02,-1.15,-0.21,-0.157
1990,1,0.14,-1,-0.033,0.12,0.7,-0.3,-0.303
1990,2,0.21,-0.1,-0.209,0.43,1.16,-0.65,-0.166
1990,3,0.28,-1,-0.043,0.61,1.13,-0.62,-0.183
1990,4,0.29,0,-0.31,0.17,2.03,0.27,-0.122
1990,5,0.29,0,-0.269,0.03,-1.37,0.44,-0.063
1990,6,0.31,-0.2,-0.455,0.04,0.29,0.44,-0.061
1990,7,0.33,0.1,-0.149,0.17,0.56,0.27,-0.026
1990,8,0.38,0.3,-0.279,0.06,1.12,0.11,0.048
1990,9,0.39,-0.1,-0.077,0.21,1.18,0.38,0.142
1990,10,0.35,0.4,-0.186,-0.06,0.76,-0.69,0.108
1990,11,0.4,-0.5,0.029,0.12,-0.39,-1.69,-0.058
1990,12,0.41,-0.5,0.073,0.28,0.11,-2.23,-0.04
1991,1,0.41,0.4,0.131,0.16,0.49,-2.02,-0.2
1991,2,0.26,-0.6,-0.017,0.08,0.74,-1.19,-0.122
1991,3,0.22,-0.3,0.063,0.21,-0.61,-0.74,-0.074
1991,4,0.26,-0.2,0.364,0.21,0.17,-1.01,-0.138
1991,5,0.45,-0.3,0.459,0.35,0.12,-0.51,-0.159
1991,6,0.64,-0.4,0.376,0.89,-0.52,-1.47,-0.134
1991,7,0.73,-0.3,0.366,0.88,-0.46,-0.1,-0.112
1991,8,0.64,0,0.17,0.42,1.46,0.36,-0.114
1991,9,0.62,-0.9,0.205,0.62,0.61,0.65,-0.043
1991,10,0.79,-0.7,0.129,1.09,0.3,0.49,-0.268
1991,11,1.21,-1.4,0.164,1.17,0.37,0.42,-0.267
1991,12,1.53,-1.5,0.153,1.29,0.34,0.09,-0.219
1992,1,1.71,-2.5,-0.256,1.7,-0.66,0.05,-0.196
1992,2,1.63,-1.1,-0.309,1.59,0.77,0.31,-0.1
1992,3,1.48,-1.7,-0.571,1.72,0.51,0.67,-0.098
1992,4,1.29,-1.3,-0.478,1.98,1.88,0.75,-0.19
1992,5,1.06,-1.1,-0.47,1.69,2.49,1.54,-0.228
1992,6,0.73,-0.7,-0.747,1.58,0.51,1.26,-0.157
1992,7,0.37,-0.6,-0.382,0.76,0.19,1.9,-0.225
1992,8,0.09,0.4,-0.656,0.08,0.97,1.44,-0.387
1992,9,-0.13,-0.2,-0.727,0.5,-0.28,0.83,-0.376
1992,10,-0.25,-0.3,-0.467,0.81,-1.4,0.93,-0.306
1992,11,-0.28,-1.1,-0.276,0.73,1.12,0.93,-0.341
1992,12,-0.13,-1.4,-0.247,0.78,0.35,0.53,-0.291
1993,1,0.09,-0.2,-0.131,0.83,1.35,0.05,-0.247
1993,2,0.3,-0.7,0.115,0.93,0.12,0.19,-0.193
1993,3,0.5,-0.6,-0.195,0.78,0.3,0.76,-0.251
1993,4,0.67,-1.2,-0.106,0.98,0.91,1.21,-0.18
1993,5,0.7,-0.5,0.053,1.48,-0.67,2.13,-0.17
1993,6,0.57,-1,0.006,1.5,-0.29,2.34,-0.188
1993,7,0.32,-0.4,-0.055,0.91,-3.14,2.35,-0.284
1993,8,0.25,-0.8,-0.193,0.62,0.03,2.69,-0.235
1993,9,0.15,-0.3,-0.064,0.64,-0.41,1.56,-0.171
1993,10,0.1,-0.7,0.004,0.95,-0.26,1.41,-0.25
1993,11,0.04,0.4,-0.026,0.7,2.56,1.24,-0.325
1993,12,0.06,-0.1,-0.136,0.26,1.36,1.07,-0.3
1994,1,0.06,0.4,0.09,0.02,0.7,1.21,-0.303
1994,2,0.07,0.4,-0.066,-0.17,0.08,0.59,-0.316
1994,3,0.17,0.1,0.302,-0.21,0.92,0.8,-0.286
1994,4,0.31,0.1,0.426,0.03,1.1,1.05,-0.207
1994,5,0.42,-0.4,0.624,0,-0.48,1.23,-0.214
1994,6,0.41,0,0.546,0.25,1.84,0.46,-0.229
1994,7,0.44,-0.4,0.654,0.88,1.34,0.06,-0.239
1994,8,0.43,-0.2,0.923,0.84,0.36,-0.79,-0.243
1994,9,0.55,-0.6,0.635,1.06,-1.14,-1.36,-0.16
1994,10,0.74,-0.8,0.867,1.47,-0.54,-1.32,-0.067
1994,11,1.01,-0.1,0.41,0.99,0.54,-1.96,-0.027
1994,12,1.09,-1.2,0.332,0.87,1.78,-1.79,-0.098
1995,1,0.96,-0.7,0.205,0.77,0.57,-0.49,-0.07
1995,2,0.72,-0.1,0.243,0.48,0.85,0.46,-0.048
1995,3,0.53,-0.1,0.05,0.14,0.91,0.75,0.008
1995,4,0.3,-0.4,-0.146,0.18,-1.07,0.83,0.068
1995,5,0.14,0.3,-0.172,0.16,-1.33,1.46,0.264
1995,6,-0.03,0.6,0.036,0,0.44,1.27,0.356
1995,7,-0.24,0.3,-0.073,-0.25,-0.19,1.71,0.306
1995,8,-0.54,0.5,-0.032,-0.65,0.76,0.21,0.175
1995,9,-0.81,0.6,-0.074,-0.86,0.45,1.16,0.046
1995,10,-0.97,1,-0.207,-0.65,0.72,0.47,0.094
1995,11,-1,0.8,-0.171,-0.67,-1.59,-0.28,0.119
1995,12,-0.98,1.1,0.16,-0.82,-1.64,0.16,0.034
1996,1,-0.9,1,0.045,-0.83,-0.65,0.59,-0.018
1996,2,-0.75,0.7,0.047,-0.81,-0.52,0.75,-0.04
1996,3,-0.59,1,0.015,-0.64,-0.66,1.01,-0.066
1996,4,-0.39,0.8,-0.293,-0.69,-0.33,1.46,0.001
1996,5,-0.31,0.7,-0.186,-0.83,-0.93,2.18,-0.073
1996,6,-0.3,0.7,-0.281,-0.9,0.87,1.1,-0.132
1996,7,-0.27,0.8,-0.546,-0.76,0.7,0.77,-0.113
1996,8,-0.32,0.5,-0.568,-0.6,1.19,-0.14,-0.017
1996,9,-0.35,0.7,-0.606,-0.26,-0.69,0.24,-0.01
1996,10,-0.4,0.4,-0.949,-0.31,0.15,-0.33,-0.153
1996,11,-0.45,0.3,-0.674,-0.3,-0.72,0.09,-0.182
1996,12,-0.49,0.1,-0.344,-0.45,-1.4,-0.03,-0.163
1997,1,-0.5,1,-0.045,-0.66,-1.08,0.23,-0.1
1997,2,-0.36,0.3,0.159,-0.72,1.48,0.28,-0.044
1997,3,-0.1,-0.6,0.143,-0.29,1.13,0.65,-0.003
1997,4,0.28,-0.4,0.129,0.17,-1.25,1.05,-0.001
1997,5,0.75,-1.1,0.105,0.68,-0.21,1.83,0.031
1997,6,1.22,-1.5,0.195,2.25,-1.17,2.76,0
1997,7,1.6,-1.9,0.544,2.11,0.37,2.35,0.052
1997,8,1.9,-2.3,0.746,2.2,0.94,2.79,0.007
1997,9,2.14,-2.6,0.877,2.17,0.74,2.19,0.101
1997,10,2.33,-2.6,1.033,2.01,-1.34,1.61,0.142
1997,11,2.4,-2.2,1.402,2.06,-1.08,1.12,0.043
1997,12,2.39,-2.3,0.932,2.03,-0.98,0.67,0.123
1998,1,2.24,-2.6,0.59,2.23,-0.05,0.83,0.122
1998,2,1.93,-1.8,0.502,2.43,-0.57,1.56,0.283
1998,3,1.44,-1.5,0.045,2.27,0.51,2.01,0.313
1998,4,0.99,-0.5,0.122,2.55,-0.88,1.27,0.283
1998,5,0.45,0,0.219,2.26,-1.17,0.7,0.375
1998,6,-0.13,0.2,0.261,0.37,-2.44,0.4,0.481
1998,7,-0.78,0.5,-0.288,-1.42,-0.45,-0.04,0.479
1998,8,-1.12,0.2,-0.467,-1.74,-0.15,-0.22,0.504
1998,9,-1.31,0.5,-0.39,-1.31,-1.8,-1.21,0.404
1998,10,-1.35,0.5,-0.584,-1.21,0.2,-1.39,0.373
1998,11,-1.48,0.9,-0.53,-1.3,-0.43,-0.52,0.308
1998,12,-1.57,1.3,-0.266,-1.25,0.72,-0.44,0.271
1999,1,-1.55,2.4,-0.065,-1.26,0.39,-0.32,0.042
1999,2,-1.3,1.5,0.042,-1.18,-0.11,-0.66,0.049
1999,3,-1.07,2,0.202,-1.11,-0.16,-0.33,0.06
1999,4,-0.98,1.8,0.073,-1.17,-1.18,-0.41,0.043
1999,5,-1.02,1,-0.106,-1.36,0.9,-0.68,0.154
1999,6,-1.04,0.9,-0.032,-1.26,1.44,-1.3,0.171
1999,7,-1.1,1.2,0.208,-1.19,-0.87,-0.66,0.189
1999,8,-1.11,0.5,0.135,-1.07,0.38,-0.96,0.298
1999,9,-1.16,0.9,0.056,-1.17,0.5,-1.53,0.176
1999,10,-1.26,1.3,-0.03,-1.31,0.73,-2.23,0.008
1999,11,-1.46,1.5,0.007,-1.33,0.55,-2.05,-0.057
1999,12,-1.65,2.2,-0.079,-1.43,1.4,-1.63,0.006
2000,1,-1.66,1.9,-0.06,-1.26,0.19,-2,-0.092
2000,2,-1.41,2.9,0.071,-1.27,1.48,-0.83,-0.047
2000,3,-1.07,1.5,0.24,-1.36,0.4,0.29,0.095
2000,4,-0.81,1.3,0.217,-0.93,-0.18,0.35,0.033
2000,5,-0.71,0.8,0.192,-0.97,1.52,-0.05,0.096
2000,6,-0.64,0.7,0.091,-1.14,0.28,-0.44,-0.027
2000,7,-0.55,0.7,0.174,-0.58,-1,-0.66,0.064
2000,8,-0.51,0.2,0.243,-0.08,-0.5,-1.19,0.094
2000,9,-0.55,0.7,0.01,-0.36,-0.06,-1.24,0.093
2000,10,-0.63,0.8,0.017,-0.55,1.51,-1.3,-0.049
2000,11,-0.75,1.2,-0.183,-0.91,-1.1,-0.53,-0.062
2000,12,-0.74,1.2,-0.178,-0.8,-0.63,0.52,-0.136
2001,1,-0.68,1.7,-0.366,-0.82,-0.22,0.6,-0.136
2001,2,-0.52,0.6,0.063,-0.87,0.07,0.29,-0.035
2001,3,-0.44,1,0.09,-0.79,-1.73,0.45,0.006
2001,4,-0.34,0.2,0.212,-0.61,-0.15,-0.31,-0.021
2001,5,-0.25,0.4,0.217,-0.58,0.03,-0.3,-0.018
2001,6,-0.12,0.3,0.241,-0.71,0.11,-0.47,0.189
2001,7,-0.08,0.6,-0.043,-0.02,-0.22,-1.31,0.126
2001,8,-0.13,0.4,-0.189,0.34,-0.22,-0.77,0.169
2001,9,-0.19,0.7,-0.117,-0.07,-0.49,-1.37,0.277
2001,10,-0.29,0.5,-0.291,-0.25,0.25,-1.37,0.243
2001,11,-0.35,0.7,-0.122,-0.32,0.53,-1.26,0.147
2001,12,-0.31,-1.2,0.019,0.02,-0.86,-0.93,0.205
2002,1,-0.15,0.2,-0.077,0.07,0,0.27,0.173
2002,2,0.03,-0.4,-0.018,-0.26,0.8,-0.64,0.156
2002,3,0.09,-0.1,0.108,-0.2,0.32,-0.43,0.136
2002,4,0.2,0.2,-0.277,-0.36,1.14,-0.32,0.018
2002,5,0.43,-0.7,-0.249,-0.1,-0.15,-0.63,-0.057
2002,6,0.65,-0.4,-0.076,0.4,0.69,-0.35,-0.126
2002,7,0.79,-0.3,-0.164,0.42,0.65,-0.31,-0.074
2002,8,0.86,-1,-0.096,0.97,0.36,0.6,0.098
2002,9,1.01,-0.9,0.392,0.84,-0.54,0.43,0.071
2002,10,1.21,-1,0.565,0.79,-1.97,0.42,0.102
2002,11,1.31,-0.8,0.22,0.76,-0.32,1.51,0.01
2002,12,1.14,-0.8,-0.088,0.86,-0.96,2.1,-0.004
2003,1,0.92,-1.1,-0.174,0.8,-0.32,2.09,0.041
2003,2,0.63,-0.6,0.097,0.62,0.26,1.75,-0.022
2003,3,0.38,-0.6,0.061,0.53,-0.07,1.51,0.103
2003,4,-0.04,0.2,-0.024,-0.08,-0.34,1.18,0.07
2003,5,-0.26,0,-0.084,-0.57,0.06,0.89,0.142
2003,6,-0.16,0.2,0.252,-0.07,0.24,0.68,0.196
2003,7,0.08,-0.2,0.228,0.01,0.16,0.96,0.267
2003,8,0.21,0.2,0.22,0.01,-0.22,0.88,0.406
2003,9,0.26,-0.1,0.045,0.14,0.16,0.01,0.443
2003,10,0.29,-0.1,-0.084,0.26,-0.86,0.83,0.417
2003,11,0.35,0,-0.036,0.29,0.77,0.52,0.214
2003,12,0.35,-0.2,0.258,0.1,0.5,0.33,0.215
2004,1,0.37,0.1,0.109,0.16,-0.85,0.43,0.201
2004,2,0.31,0.4,0.194,-0.04,-0.6,0.48,0.2
2004,3,0.23,-0.4,0.177,-0.44,0.67,0.61,0.149
2004,4,0.17,0.3,-0.005,-0.23,1.11,0.57,0.099
2004,5,0.17,0.3,-0.485,-0.44,0.23,0.88,-0.003
2004,6,0.28,-0.6,-0.27,-0.34,-0.59,0.04,0.168
2004,7,0.47,0,-0.204,0.43,1.16,0.44,0.219
2004,8,0.64,-0.2,-0.02,0.74,-0.74,0.85,0.308
2004,9,0.7,-0.3,0,0.54,0.52,0.75,0.231
2004,10,0.67,-0.4,0.155,0.34,-0.69,-0.11,0.233
2004,11,0.66,-0.2,-0.03,0.51,0.63,-0.63,0.212
2004,12,0.69,-0.2,-0.063,0.51,1.03,-0.17,0.178
2005,1,0.64,0.1,-0.058,0.08,1.26,0.44,0.102
2005,2,0.58,-1.1,-0.48,0.61,-0.51,0.81,0.116
2005,3,0.45,0.5,-0.332,0.82,-2.32,1.36,0.275
2005,4,0.43,-0.8,0.16,0.13,-0.47,1.03,0.283
2005,5,0.29,-0.2,0.046,0.18,-1.11,1.86,0.284
2005,6,0.11,0.1,-0.062,0.2,0.26,1.17,0.318
2005,7,-0.06,-0.1,-0.287,-0.02,-0.48,0.66,0.438
2005,8,-0.14,0,-0.233,-0.01,0.35,0.25,0.431
2005,9,-0.11,0.3,-0.428,-0.05,0.76,-0.46,0.41
2005,10,-0.29,0.8,-0.276,-0.71,-0.55,-1.32,0.229
2005,11,-0.57,0.7,-0.149,-0.75,-0.46,-1.5,0.131
2005,12,-0.81,1.4,-0.23,-0.73,-0.5,0.2,0.207
2006,1,-0.79,0.8,-0.07,-0.68,0.97,1.03,0.114
2006,2,-0.67,0.3,-0.225,-0.5,-1.02,0.66,0.066
2006,3,-0.47,0.9,-0.126,-0.61,-1.75,0.05,0.051
2006,4,-0.28,0.4,0.06,-0.84,1.2,0.4,0.188
2006,5,-0.05,0.3,-0.128,-0.43,-1.01,0.48,0.299
2006,6,0.04,0.3,0.055,-0.23,1.15,1.04,0.324
2006,7,0.12,0,0.137,0.11,0.93,0.35,0.365
2006,8,0.27,-0.6,0.341,0.56,-2.35,-0.65,0.392
2006,9,0.48,-0.3,0.534,0.63,-1.43,-0.94,0.355
2006,10,0.71,-0.8,0.736,0.68,-1.92,-0.05,0.325
2006,11,0.9,-0.3,0.624,0.9,0.33,-0.22,0.28
2006,12,0.95,0.5,0.241,0.59,1.15,0.14,0.162
2007,1,0.71,-0.8,0.29,0.62,-0.25,0.01,0.162
2007,2,0.32,0.4,0.23,0.39,-0.98,0.04,0.208
2007,3,-0.03,0.1,0.216,-0.22,1.11,-0.36,0.118
2007,4,-0.23,0.7,0.175,-0.36,0.04,0.16,0.15
2007,5,-0.29,0.6,0.349,-0.44,0.66,-0.1,0.102
2007,6,-0.41,1.4,0.144,-0.86,-1.01,0.09,0.079
2007,7,-0.54,0.6,0.141,-0.77,-0.55,0.78,0.12
2007,8,-0.84,0.9,0.349,-0.93,-0.31,0.5,0.046
2007,9,-1.13,1.1,0.341,-1.1,0.85,-0.36,0.089
2007,10,-1.4,1.4,0.227,-1.14,1,-1.45,0.149
2007,11,-1.54,0.7,0.1,-1.13,0.48,-1.08,0.167
2007,12,-1.6,2.5,-0.157,-1.22,0.23,-0.58,0.102
2008,1,-1.59,1.3,0.18,-1.08,0.53,-1,0.021
2008,2,-1.42,2.4,0.008,-1.27,0.38,-0.77,0.119
2008,3,-1.19,1.6,0.197,-1.54,-0.32,-0.71,0.149
2008,4,-0.92,0.9,-0.078,-1.13,-1.31,-1.52,0.034
2008,5,-0.75,0.4,0.258,-0.98,-1.55,-1.37,0.163
2008,6,-0.54,0.3,0.329,-0.86,-1.09,-1.34,0.247
2008,7,-0.35,0.7,0.343,-0.87,-1.24,-1.67,0.197
2008,8,-0.26,0.3,0.237,-1.08,-1.62,-1.7,0.166
2008,9,-0.3,0.1,0.192,-1.07,1.14,-1.55,0.189
2008,10,-0.41,0.9,0.188,-1.12,0.47,-1.76,0.093
2008,11,-0.6,1.2,-0.005,-1.05,-0.47,-1.25,-0.008
2008,12,-0.73,1.4,0.016,-1.05,-0.35,-0.87,0.009
2009,1,-0.8,1,0.097,-1.01,-0.52,-1.4,-0.068
2009,2,-0.69,1,0.243,-0.85,-0.38,-1.55,-0.173
2009,3,-0.52,0.4,0.2,-0.94,0.19,-1.59,-0.169
2009,4,-0.24,0.5,0.201,-0.81,-0.36,-1.65,-0.14
2009,5,0.09,0.7,0.336,-0.72,1.61,-0.88,-0.071
2009,6,0.35,0,0.214,-0.06,-0.91,-0.31,0.112
2009,7,0.47,0,-0.095,0.49,-2.11,-0.53,0.219
2009,8,0.54,0.1,0.008,0.52,-0.37,0.09,0.143
2009,9,0.65,0,0.003,0.39,1.62,0.52,0.048
2009,10,0.95,-0.8,0.147,0.56,-0.61,0.27,0.155
2009,11,1.31,-0.3,0.056,1.05,-0.16,-0.4,0.06
2009,12,1.57,-0.5,0.23,0.96,-1.88,0.08,0.073
2010,1,1.55,-1.9,0.359,0.93,-1.8,0.83,0.03
2010,2,1.31,-1.2,0.103,1.28,-2.69,0.82,0.168
2010,3,0.94,-0.9,0.558,1.31,-1.33,0.44,0.278
2010,4,0.44,-0.1,0.445,0.49,-0.93,0.78,0.416
2010,5,-0.09,1,0.05,-0.17,-1.33,0.62,0.45
2010,6,-0.59,1.5,-0.026,-1.33,-0.52,-0.22,0.438
2010,7,-1.03,1.8,0.096,-2.43,-0.39,-1.05,0.441
2010,8,-1.38,1.6,0.051,-2.4,-1.69,-1.27,0.516
2010,9,-1.61,1.6,-0.162,-2.28,-0.62,-1.61,0.44
2010,10,-1.7,2.3,-0.277,-2.18,-0.5,-1.06,0.315
2010,11,-1.69,2.1,-0.372,-2.04,-1.84,-0.82,0.226
2010,12,-1.59,3,-0.142,-1.91,-1.8,-1.21,0.198
2011,1,-1.37,1.7,0.257,-1.83,-1.53,-0.92,0.134
2011,2,-1.09,2,0.322,-1.63,0.35,-0.83,0.098
2011,3,-0.83,1.8,0.467,-1.79,0.24,-0.69,0.046
2011,4,-0.64,1.2,0.229,-1.74,2.55,-0.42,0.082
2011,5,-0.47,0.4,-0.01,-1.29,-0.01,-0.37,0.142
2011,6,-0.38,0.6,0.169,-1.08,-0.98,-0.69,0.169
2011,7,-0.46,0.4,0.319,-0.86,-1.48,-1.86,0.082
2011,8,-0.65,0.5,0.457,-0.88,-1.85,-1.74,0.137
2011,9,-0.89,1,0.308,-1.16,0.67,-1.79,0.135
2011,10,-1.06,1.2,0.516,-1.37,0.94,-1.34,0.053
2011,11,-1.14,1.4,0.459,-1.21,1.3,-2.33,-0.08
2011,12,-1.03,1.3,-0.059,-1.24,2.25,-1.79,-0.054
2012,1,-0.81,1.8,0.111,-1.08,0.86,-1.38,-0.075
2012,2,-0.62,1.5,0.002,-0.67,0.03,-0.85,-0.005
2012,3,-0.5,0.1,0.126,-0.59,0.93,-1.05,0.016
2012,4,-0.38,0.2,-0.196,-0.43,0.37,-0.27,0.07
2012,5,-0.18,0.1,-0.29,-0.35,-0.79,-1.26,0.155
2012,6,0.05,0,0.115,-0.28,-2.25,-0.87,0.29
2012,7,0.27,-0.2,0.643,0.3,-1.29,-1.52,0.366
2012,8,0.33,0.2,0.764,-0.06,-1.39,-1.93,0.421
2012,9,0.31,0.4,0.559,-0.32,-0.43,-2.21,0.439
2012,10,0.21,0.4,0.27,-0.22,-1.73,-0.79,0.32
2012,11,0.01,0.6,0.024,-0.07,-0.74,-0.59,0.155
2012,12,-0.21,0.6,0.337,-0.07,0.07,-0.48,0.131
2013,1,-0.38,0,0.001,-0.05,-0.11,-0.13,0.118
2013,2,-0.33,1.1,0.269,-0.07,-0.96,-0.43,0.106
2013,3,-0.24,0.3,0.183,-0.14,-2.09,-0.63,0.148
2013,4,-0.21,0.8,-0.222,-0.37,0.6,-0.16,0.127
2013,5,-0.27,1.2,-0.426,-0.71,0.58,0.08,0.091
2013,6,-0.34,1.2,-0.383,-1.18,0.83,-0.78,0.037
2013,7,-0.38,1,-0.083,-0.85,0.7,-1.25,0.18
2013,8,-0.35,0.5,-0.082,-0.5,1.12,-1.04,0.184
2013,9,-0.31,0.5,-0.204,-0.38,0.38,-0.48,0.245
2013,10,-0.23,0,-0.009,-0.16,-0.88,-0.87,0.337
2013,11,-0.22,0.6,0.323,-0.18,0.81,-0.11,0.118
2013,12,-0.27,0.8,0.21,-0.35,0.79,-0.41,0.027
2014,1,-0.37,-0.2,-0.036,-0.51,-0.17,0.3,-0.072
2014,2,-0.36,0,-0.009,-0.43,1.07,0.38,-0.053
2014,3,-0.17,0,-0.051,-0.08,0.44,0.97,-0.091
2014,4,0.13,-0.6,0.017,-0.16,0.19,1.13,-0.104
2014,5,0.3,0.4,-0.012,-0.18,-0.8,1.8,-0.011
2014,6,0.23,0.2,0.086,-0.01,-0.67,0.82,0.052
2014,7,0.07,0.1,-0.266,0.32,0.21,0.7,0.212
2014,8,0.03,0.1,-0.26,0.16,-2.28,0.67,0.325
2014,9,0.18,-0.1,-0.039,-0.15,1.72,1.08,0.3
2014,10,0.44,0.1,0.3,0.07,-0.87,1.49,0.282
2014,11,0.59,0,0.133,0.34,0.58,1.72,0.055
2014,12,0.66,-0.1,0.116,0.34,1.63,2.51,0.048
2015,1,0.6,-1,-0.034,0.23,1.57,2.45,-0.018
2015,2,0.56,-0.5,-0.265,0.05,1.05,2.3,-0.014
2015,3,0.62,-0.9,-0.141,0.13,1.12,2,-0.139
2015,4,0.79,-1.1,0.067,0.35,0.64,1.44,-0.082
2015,5,1.02,-1.8,0.32,0.96,0.19,1.2,0.035
2015,6,1.25,-1.9,0.41,1.85,0.24,1.54,0.019
2015,7,1.54,-1.7,0.322,1.73,-3.14,1.84,0.122
2015,8,1.83,-2.2,0.68,1.92,-1.1,1.56,0.168
2015,9,2.11,-2.2,0.4,2.21,-0.49,1.94,0.29
2015,10,2.37,-2.1,0.642,2.11,0.99,1.47,0.314
2015,11,2.53,-2.1,0.47,1.88,1.7,0.86,0.176
2015,12,2.64,-3.2,0.341,1.9,1.99,1.01,0.219
2016,1,2.53,-1.8,0.331,1.94,-0.37,1.53,0.221
2016,2,2.23,-2.6,-0.03,1.81,1.35,1.75,0.145
2016,3,1.68,-1.2,0.091,1.31,0.37,2.4,0.178
2016,4,1.03,-1,0.222,1.33,0.26,2.62,0.167
2016,5,0.48,0,-0.034,1.26,-0.67,2.35,0.334
2016,6,0,-0.1,-0.329,0.36,-0.13,2.03,0.399
2016,7,-0.34,0.3,-0.661,-0.51,-1.72,1.25,0.422
2016,8,-0.57,0.4,-0.332,-0.28,-2.24,0.52,0.446
2016,9,-0.68,0.6,-0.331,-0.34,0.74,0.45,0.447
2016,10,-0.74,0.2,-0.212,-0.6,0.96,0.56,0.37
2016,11,-0.71,0.2,-0.259,-0.51,-0.31,1.88,0.38
2016,12,-0.56,0.5,-0.241,-0.34,0.35,1.17,0.325
2017,1,-0.29,0.8,-0.02,-0.41,0.05,0.77,0.215
2017,2,-0.06,0.1,0.181,-0.41,0.69,0.7,0.217
2017,3,0.15,0,0.457,-0.58,0.37,0.74,0.157
2017,4,0.29,-1,0.574,-0.21,1.74,1.12,0.272
2017,5,0.39,0.2,0.616,0.17,-1.72,0.88,0.304
2017,6,0.38,-0.1,0.537,-0.29,0.35,0.79,0.298
2017,7,0.16,0.2,0.617,-0.7,1.28,0.1,0.292
2017,8,-0.14,0.5,0.461,-0.77,-1.53,0.09,0.299
2017,9,-0.44,0.5,0.14,-0.8,-0.45,0.32,0.34
2017,10,-0.7,0.3,0.175,-0.63,0.71,0.05,0.423
2017,11,-0.88,1.5,0.412,-0.63,-0.14,0.15,0.341
2017,12,-0.97,0.9,0.179,-0.73,0.73,0.5,0.354
2018,1,-0.87,1.3,-0.135,-0.77,1.17,NA,NA
2018,2,-0.76,0.5,0.295,-0.7,1.34,NA,NA
2018,3,-0.6,0.1,-0.02,-0.79,-1.38,NA,NA
2018,4,-0.41,0.9,-0.008,-1.29,1.2,NA,NA
2018,5,-0.13,0.6,0.202,-0.91,2.02,NA,NA
2018,6,0.06,0.1,0.269,-0.51,1.41,NA,NA
2018,7,0.11,0.4,0.15,-0.17,1.42,NA,NA
2018,8,0.2,0.4,0.234,0.36,2.4,NA,NA
2018,9,0.43,-0.7,0.71,0.52,1.78,NA,NA
2018,10,0.7,-0.3,0.844,0.41,1.53,NA,NA
2018,11,0.85,-0.6,0.623,0.26,-0.25,NA,NA
2018,12,0.81,-0.2,0.379,0.13,0.48,NA,NA
2019,1,0.8,-0.6,NA,0.08,NA,NA,NA
2019,2,0.82,-1.4,NA,0.52,NA,NA,NA
2019,3,0.81,-1.2,NA,0.77,NA,NA,NA
2019,4,0.75,0,NA,0.33,NA,NA,NA
2019,5,0.63,-0.5,NA,0.26,NA,NA,NA
2019,6,0.52,-0.3,NA,0.35,NA,NA,NA
2019,7,0.3,-0.2,NA,0.24,NA,NA,NA
2019,8,0.11,0,NA,0.3,NA,NA,NA
2019,9,0.13,-0.1,NA,0.15,NA,NA,NA
2019,10,0.29,0.1,NA,0.27,NA,NA,NA
2019,11,0.46,-0.3,NA,0.45,NA,NA,NA
2019,12,0.55,0,NA,0.41,NA,NA,NA
2020,1,0.54,-0.1,NA,NA,NA,NA,NA
2020,2,0.57,-0.6,NA,NA,NA,NA,NA
2020,3,0.49,0.4,NA,NA,NA,NA,NA
2020,4,0.27,0.3,NA,NA,NA,NA,NA
2020,5,-0.01,0.8,NA,NA,NA,NA,NA
2020,6,-0.25,0.6,NA,NA,NA,NA,NA
2020,7,-0.4,0.6,NA,NA,NA,NA,NA
2020,8,-0.62,1,NA,NA,NA,NA,NA
2020,9,-0.95,1.3,NA,NA,NA,NA,NA
2020,10,NA,0.8,NA,NA,NA,NA,NA
2020,11,NA,NA,NA,NA,NA,NA,NA
2020,12,NA,NA,NA,NA,NA,NA,NA
