"Year","Month","SST.UPW.1","SST.UPW.2","SST.UPW.3","SST.UPW.4","SST.UPW.5","Bakun.UPW","EMTperp.UPW","Wetip.UPW","Weperp.UPW"
1956,1,NA,NA,NA,NA,NA,NA,NA,NA,NA
1956,2,NA,NA,NA,NA,NA,NA,NA,NA,NA
1956,3,NA,NA,NA,NA,NA,NA,NA,NA,NA
1956,4,NA,NA,NA,NA,NA,NA,NA,NA,NA
1956,5,NA,NA,NA,NA,NA,NA,NA,NA,NA
1956,6,NA,NA,NA,NA,NA,NA,NA,NA,NA
1956,7,NA,NA,NA,NA,NA,NA,NA,NA,NA
1956,8,NA,NA,NA,NA,NA,NA,NA,NA,NA
1956,9,NA,NA,NA,NA,NA,NA,NA,NA,NA
1956,10,NA,NA,NA,NA,NA,NA,NA,NA,NA
1956,11,NA,NA,NA,NA,NA,NA,NA,NA,NA
1956,12,NA,NA,NA,NA,NA,NA,NA,NA,NA
1957,1,NA,NA,NA,NA,NA,NA,NA,NA,NA
1957,2,NA,NA,NA,NA,NA,NA,NA,NA,NA
1957,3,NA,NA,NA,NA,NA,NA,NA,NA,NA
1957,4,NA,NA,NA,NA,NA,NA,NA,NA,NA
1957,5,NA,NA,NA,NA,NA,NA,NA,NA,NA
1957,6,NA,NA,NA,NA,NA,NA,NA,NA,NA
1957,7,NA,NA,NA,NA,NA,NA,NA,NA,NA
1957,8,NA,NA,NA,NA,NA,NA,NA,NA,NA
1957,9,NA,NA,NA,NA,NA,NA,NA,NA,NA
1957,10,NA,NA,NA,NA,NA,NA,NA,NA,NA
1957,11,NA,NA,NA,NA,NA,NA,NA,NA,NA
1957,12,NA,NA,NA,NA,NA,NA,NA,NA,NA
1958,1,NA,NA,NA,NA,NA,NA,NA,NA,NA
1958,2,NA,NA,NA,NA,NA,NA,NA,NA,NA
1958,3,NA,NA,NA,NA,NA,NA,NA,NA,NA
1958,4,NA,NA,NA,NA,NA,NA,NA,NA,NA
1958,5,NA,NA,NA,NA,NA,NA,NA,NA,NA
1958,6,NA,NA,NA,NA,NA,NA,NA,NA,NA
1958,7,NA,NA,NA,NA,NA,NA,NA,NA,NA
1958,8,NA,NA,NA,NA,NA,NA,NA,NA,NA
1958,9,NA,NA,NA,NA,NA,NA,NA,NA,NA
1958,10,NA,NA,NA,NA,NA,NA,NA,NA,NA
1958,11,NA,NA,NA,NA,NA,NA,NA,NA,NA
1958,12,NA,NA,NA,NA,NA,NA,NA,NA,NA
1959,1,NA,NA,NA,NA,NA,NA,NA,NA,NA
1959,2,NA,NA,NA,NA,NA,NA,NA,NA,NA
1959,3,NA,NA,NA,NA,NA,NA,NA,NA,NA
1959,4,NA,NA,NA,NA,NA,NA,NA,NA,NA
1959,5,NA,NA,NA,NA,NA,NA,NA,NA,NA
1959,6,NA,NA,NA,NA,NA,NA,NA,NA,NA
1959,7,NA,NA,NA,NA,NA,NA,NA,NA,NA
1959,8,NA,NA,NA,NA,NA,NA,NA,NA,NA
1959,9,NA,NA,NA,NA,NA,NA,NA,NA,NA
1959,10,NA,NA,NA,NA,NA,NA,NA,NA,NA
1959,11,NA,NA,NA,NA,NA,NA,NA,NA,NA
1959,12,NA,NA,NA,NA,NA,NA,NA,NA,NA
1960,1,NA,NA,NA,NA,NA,NA,NA,NA,NA
1960,2,NA,NA,NA,NA,NA,NA,NA,NA,NA
1960,3,NA,NA,NA,NA,NA,NA,NA,NA,NA
1960,4,NA,NA,NA,NA,NA,NA,NA,NA,NA
1960,5,NA,NA,NA,NA,NA,NA,NA,NA,NA
1960,6,NA,NA,NA,NA,NA,NA,NA,NA,NA
1960,7,NA,NA,NA,NA,NA,NA,NA,NA,NA
1960,8,NA,NA,NA,NA,NA,NA,NA,NA,NA
1960,9,NA,NA,NA,NA,NA,NA,NA,NA,NA
1960,10,NA,NA,NA,NA,NA,NA,NA,NA,NA
1960,11,NA,NA,NA,NA,NA,NA,NA,NA,NA
1960,12,NA,NA,NA,NA,NA,NA,NA,NA,NA
1961,1,NA,NA,NA,NA,NA,NA,NA,NA,NA
1961,2,NA,NA,NA,NA,NA,NA,NA,NA,NA
1961,3,NA,NA,NA,NA,NA,NA,NA,NA,NA
1961,4,NA,NA,NA,NA,NA,NA,NA,NA,NA
1961,5,NA,NA,NA,NA,NA,NA,NA,NA,NA
1961,6,NA,NA,NA,NA,NA,NA,NA,NA,NA
1961,7,NA,NA,NA,NA,NA,NA,NA,NA,NA
1961,8,NA,NA,NA,NA,NA,NA,NA,NA,NA
1961,9,NA,NA,NA,NA,NA,NA,NA,NA,NA
1961,10,NA,NA,NA,NA,NA,NA,NA,NA,NA
1961,11,NA,NA,NA,NA,NA,NA,NA,NA,NA
1961,12,NA,NA,NA,NA,NA,NA,NA,NA,NA
1962,1,NA,NA,NA,NA,NA,NA,NA,NA,NA
1962,2,NA,NA,NA,NA,NA,NA,NA,NA,NA
1962,3,NA,NA,NA,NA,NA,NA,NA,NA,NA
1962,4,NA,NA,NA,NA,NA,NA,NA,NA,NA
1962,5,NA,NA,NA,NA,NA,NA,NA,NA,NA
1962,6,NA,NA,NA,NA,NA,NA,NA,NA,NA
1962,7,NA,NA,NA,NA,NA,NA,NA,NA,NA
1962,8,NA,NA,NA,NA,NA,NA,NA,NA,NA
1962,9,NA,NA,NA,NA,NA,NA,NA,NA,NA
1962,10,NA,NA,NA,NA,NA,NA,NA,NA,NA
1962,11,NA,NA,NA,NA,NA,NA,NA,NA,NA
1962,12,NA,NA,NA,NA,NA,NA,NA,NA,NA
1963,1,NA,NA,NA,NA,NA,NA,NA,NA,NA
1963,2,NA,NA,NA,NA,NA,NA,NA,NA,NA
1963,3,NA,NA,NA,NA,NA,NA,NA,NA,NA
1963,4,NA,NA,NA,NA,NA,NA,NA,NA,NA
1963,5,NA,NA,NA,NA,NA,NA,NA,NA,NA
1963,6,NA,NA,NA,NA,NA,NA,NA,NA,NA
1963,7,NA,NA,NA,NA,NA,NA,NA,NA,NA
1963,8,NA,NA,NA,NA,NA,NA,NA,NA,NA
1963,9,NA,NA,NA,NA,NA,NA,NA,NA,NA
1963,10,NA,NA,NA,NA,NA,NA,NA,NA,NA
1963,11,NA,NA,NA,NA,NA,NA,NA,NA,NA
1963,12,NA,NA,NA,NA,NA,NA,NA,NA,NA
1964,1,NA,NA,NA,NA,NA,NA,NA,NA,NA
1964,2,NA,NA,NA,NA,NA,NA,NA,NA,NA
1964,3,NA,NA,NA,NA,NA,NA,NA,NA,NA
1964,4,NA,NA,NA,NA,NA,NA,NA,NA,NA
1964,5,NA,NA,NA,NA,NA,NA,NA,NA,NA
1964,6,NA,NA,NA,NA,NA,NA,NA,NA,NA
1964,7,NA,NA,NA,NA,NA,NA,NA,NA,NA
1964,8,NA,NA,NA,NA,NA,NA,NA,NA,NA
1964,9,NA,NA,NA,NA,NA,NA,NA,NA,NA
1964,10,NA,NA,NA,NA,NA,NA,NA,NA,NA
1964,11,NA,NA,NA,NA,NA,NA,NA,NA,NA
1964,12,NA,NA,NA,NA,NA,NA,NA,NA,NA
1965,1,NA,NA,NA,NA,NA,NA,NA,NA,NA
1965,2,NA,NA,NA,NA,NA,NA,NA,NA,NA
1965,3,NA,NA,NA,NA,NA,NA,NA,NA,NA
1965,4,NA,NA,NA,NA,NA,NA,NA,NA,NA
1965,5,NA,NA,NA,NA,NA,NA,NA,NA,NA
1965,6,NA,NA,NA,NA,NA,NA,NA,NA,NA
1965,7,NA,NA,NA,NA,NA,NA,NA,NA,NA
1965,8,NA,NA,NA,NA,NA,NA,NA,NA,NA
1965,9,NA,NA,NA,NA,NA,NA,NA,NA,NA
1965,10,NA,NA,NA,NA,NA,NA,NA,NA,NA
1965,11,NA,NA,NA,NA,NA,NA,NA,NA,NA
1965,12,NA,NA,NA,NA,NA,NA,NA,NA,NA
1966,1,NA,NA,NA,NA,NA,NA,NA,NA,NA
1966,2,NA,NA,NA,NA,NA,NA,NA,NA,NA
1966,3,NA,NA,NA,NA,NA,NA,NA,NA,NA
1966,4,NA,NA,NA,NA,NA,NA,NA,NA,NA
1966,5,NA,NA,NA,NA,NA,NA,NA,NA,NA
1966,6,NA,NA,NA,NA,NA,NA,NA,NA,NA
1966,7,NA,NA,NA,NA,NA,NA,NA,NA,NA
1966,8,NA,NA,NA,NA,NA,NA,NA,NA,NA
1966,9,NA,NA,NA,NA,NA,NA,NA,NA,NA
1966,10,NA,NA,NA,NA,NA,NA,NA,NA,NA
1966,11,NA,NA,NA,NA,NA,NA,NA,NA,NA
1966,12,NA,NA,NA,NA,NA,NA,NA,NA,NA
1967,1,NA,NA,NA,NA,NA,-161.474874255497,NA,NA,NA
1967,2,NA,NA,NA,NA,NA,-212.542438545536,NA,NA,NA
1967,3,NA,NA,NA,NA,NA,197.716461178837,NA,NA,NA
1967,4,NA,NA,NA,NA,NA,731.883120316036,NA,NA,NA
1967,5,NA,NA,NA,NA,NA,1279.44238958305,NA,NA,NA
1967,6,NA,NA,NA,NA,NA,730.941344258211,NA,NA,NA
1967,7,NA,NA,NA,NA,NA,745.27456284469,NA,NA,NA
1967,8,NA,NA,NA,NA,NA,1234.87001571936,NA,NA,NA
1967,9,NA,NA,NA,NA,NA,1013.34112270622,NA,NA,NA
1967,10,NA,NA,NA,NA,NA,124.476760635798,NA,NA,NA
1967,11,NA,NA,NA,NA,NA,-579.265557627701,NA,NA,NA
1967,12,NA,NA,NA,NA,NA,-407.164065424923,NA,NA,NA
1968,1,NA,NA,NA,NA,NA,-318.731718673602,NA,NA,NA
1968,2,NA,NA,NA,NA,NA,53.1788934064727,NA,NA,NA
1968,3,NA,NA,NA,NA,NA,292.918137018031,NA,NA,NA
1968,4,NA,NA,NA,NA,NA,790.476992881556,NA,NA,NA
1968,5,NA,NA,NA,NA,NA,1878.66331061222,NA,NA,NA
1968,6,NA,NA,NA,NA,NA,2261.41287647047,NA,NA,NA
1968,7,NA,NA,NA,NA,NA,2182.51974339356,NA,NA,NA
1968,8,NA,NA,NA,NA,NA,2268.05230762747,NA,NA,NA
1968,9,NA,NA,NA,NA,NA,2153.39453555007,NA,NA,NA
1968,10,NA,NA,NA,NA,NA,341.838479332216,NA,NA,NA
1968,11,NA,NA,NA,NA,NA,-227.5415072911,NA,NA,NA
1968,12,NA,NA,NA,NA,NA,-415.641877266901,NA,NA,NA
1969,1,NA,NA,NA,NA,NA,-362.291683940581,NA,NA,NA
1969,2,NA,NA,NA,NA,NA,-39.9598478296244,NA,NA,NA
1969,3,NA,NA,NA,NA,NA,687.395409507802,NA,NA,NA
1969,4,NA,NA,NA,NA,NA,968.644576061792,NA,NA,NA
1969,5,NA,NA,NA,NA,NA,1634.65917732116,NA,NA,NA
1969,6,NA,NA,NA,NA,NA,1281.58430017898,NA,NA,NA
1969,7,NA,NA,NA,NA,NA,1055.05288569131,NA,NA,NA
1969,8,NA,NA,NA,NA,NA,771.399808999705,NA,NA,NA
1969,9,NA,NA,NA,NA,NA,1000.93019023695,NA,NA,NA
1969,10,NA,NA,NA,NA,NA,145.303271707489,NA,NA,NA
1969,11,NA,NA,NA,NA,NA,-87.3846719475143,NA,NA,NA
1969,12,NA,NA,NA,NA,NA,-591.976536888278,NA,NA,NA
1970,1,NA,NA,NA,NA,NA,-294.759889777114,NA,NA,NA
1970,2,NA,NA,NA,NA,NA,-135.222095395477,NA,NA,NA
1970,3,NA,NA,NA,NA,NA,391.850903181837,NA,NA,NA
1970,4,NA,NA,NA,NA,NA,673.428309500662,NA,NA,NA
1970,5,NA,NA,NA,NA,NA,1061.77341873583,NA,NA,NA
1970,6,NA,NA,NA,NA,NA,794.217633054617,NA,NA,NA
1970,7,NA,NA,NA,NA,NA,509.37692453686,NA,NA,NA
1970,8,NA,NA,NA,NA,NA,547.487159748944,NA,NA,NA
1970,9,NA,NA,NA,NA,NA,486.202825038812,NA,NA,NA
1970,10,NA,NA,NA,NA,NA,257.775827979933,NA,NA,NA
1970,11,NA,NA,NA,NA,NA,-314.58777373083,NA,NA,NA
1970,12,NA,NA,NA,NA,NA,-713.265030069118,NA,NA,NA
1971,1,NA,NA,NA,NA,NA,-421.73105710688,NA,NA,NA
1971,2,NA,NA,NA,NA,NA,9.37049296719974,NA,NA,NA
1971,3,NA,NA,NA,NA,NA,208.258738482285,NA,NA,NA
1971,4,NA,NA,NA,NA,NA,641.22500236968,NA,NA,NA
1971,5,NA,NA,NA,NA,NA,1060.43889337692,NA,NA,NA
1971,6,NA,NA,NA,NA,NA,548.924063420924,NA,NA,NA
1971,7,NA,NA,NA,NA,NA,843.196311448266,NA,NA,NA
1971,8,NA,NA,NA,NA,NA,963.17915654149,NA,NA,NA
1971,9,NA,NA,NA,NA,NA,906.297920729652,NA,NA,NA
1971,10,NA,NA,NA,NA,NA,534.102156204952,NA,NA,NA
1971,11,NA,NA,NA,NA,NA,-272.951833219823,NA,NA,NA
1971,12,NA,NA,NA,NA,NA,-419.72782732802,NA,NA,NA
1972,1,NA,NA,NA,NA,NA,-576.171627687579,NA,NA,NA
1972,2,NA,NA,NA,NA,NA,238.816993285376,NA,NA,NA
1972,3,NA,NA,NA,NA,NA,467.682693783733,NA,NA,NA
1972,4,NA,NA,NA,NA,NA,626.531775493248,NA,NA,NA
1972,5,NA,NA,NA,NA,NA,555.766938331799,NA,NA,NA
1972,6,NA,NA,NA,NA,NA,883.246858957632,NA,NA,NA
1972,7,NA,NA,NA,NA,NA,798.938609290081,NA,NA,NA
1972,8,NA,NA,NA,NA,NA,865.446062779298,NA,NA,NA
1972,9,NA,NA,NA,NA,NA,631.24342101458,NA,NA,NA
1972,10,NA,NA,NA,NA,NA,71.3503565151998,NA,NA,NA
1972,11,NA,NA,NA,NA,NA,-54.9829318266042,NA,NA,NA
1972,12,NA,NA,NA,NA,NA,18.819054848169,NA,NA,NA
1973,1,NA,NA,NA,NA,NA,-75.9668656074229,NA,NA,NA
1973,2,NA,NA,NA,NA,NA,-44.8968572813321,NA,NA,NA
1973,3,NA,NA,NA,NA,NA,60.4781832406651,NA,NA,NA
1973,4,NA,NA,NA,NA,NA,299.048198071667,NA,NA,NA
1973,5,NA,NA,NA,NA,NA,1130.86180771196,NA,NA,NA
1973,6,NA,NA,NA,NA,NA,1180.93544066041,NA,NA,NA
1973,7,NA,NA,NA,NA,NA,1463.79526600295,NA,NA,NA
1973,8,NA,NA,NA,NA,NA,1022.41626280887,NA,NA,NA
1973,9,NA,NA,NA,NA,NA,603.250535050071,NA,NA,NA
1973,10,NA,NA,NA,NA,NA,119.209245378714,NA,NA,NA
1973,11,NA,NA,NA,NA,NA,-40.6389106985268,NA,NA,NA
1973,12,NA,NA,NA,NA,NA,-201.919588778226,NA,NA,NA
1974,1,NA,NA,NA,NA,NA,-149.736976287095,NA,NA,NA
1974,2,NA,NA,NA,NA,NA,-15.8735209651546,NA,NA,NA
1974,3,NA,NA,NA,NA,NA,117.573842187318,NA,NA,NA
1974,4,NA,NA,NA,NA,NA,445.073493669963,NA,NA,NA
1974,5,NA,NA,NA,NA,NA,539.131504673687,NA,NA,NA
1974,6,NA,NA,NA,NA,NA,1149.045289249,NA,NA,NA
1974,7,NA,NA,NA,NA,NA,923.599086501763,NA,NA,NA
1974,8,NA,NA,NA,NA,NA,1289.02500066298,NA,NA,NA
1974,9,NA,NA,NA,NA,NA,634.112149265488,NA,NA,NA
1974,10,NA,NA,NA,NA,NA,389.237047842997,NA,NA,NA
1974,11,NA,NA,NA,NA,NA,62.9055684470281,NA,NA,NA
1974,12,NA,NA,NA,NA,NA,-334.925844851075,NA,NA,NA
1975,1,NA,NA,NA,NA,NA,-140.658478178067,NA,NA,NA
1975,2,NA,NA,NA,NA,NA,14.6139181089593,NA,NA,NA
1975,3,NA,NA,NA,NA,NA,222.039279498501,NA,NA,NA
1975,4,NA,NA,NA,NA,NA,315.981301069676,NA,NA,NA
1975,5,NA,NA,NA,NA,NA,786.033038842975,NA,NA,NA
1975,6,NA,NA,NA,NA,NA,1360.87636464882,NA,NA,NA
1975,7,NA,NA,NA,NA,NA,783.780641772135,NA,NA,NA
1975,8,NA,NA,NA,NA,NA,1102.61144787609,NA,NA,NA
1975,9,NA,NA,NA,NA,NA,589.216595108704,NA,NA,NA
1975,10,NA,NA,NA,NA,NA,521.068859543582,NA,NA,NA
1975,11,NA,NA,NA,NA,NA,44.0340609397813,NA,NA,NA
1975,12,NA,NA,NA,NA,NA,-180.355822253183,NA,NA,NA
1976,1,NA,NA,NA,NA,NA,-224.408076161732,NA,NA,NA
1976,2,NA,NA,NA,NA,NA,-15.8805017324628,NA,NA,NA
1976,3,NA,NA,NA,NA,NA,307.409258135133,NA,NA,NA
1976,4,NA,NA,NA,NA,NA,735.692647129004,NA,NA,NA
1976,5,NA,NA,NA,NA,NA,1721.97948596112,NA,NA,NA
1976,6,NA,NA,NA,NA,NA,952.642855864297,NA,NA,NA
1976,7,NA,NA,NA,NA,NA,1354.41998232972,NA,NA,NA
1976,8,NA,NA,NA,NA,NA,1087.6296519186,NA,NA,NA
1976,9,NA,NA,NA,NA,NA,821.761144468371,NA,NA,NA
1976,10,NA,NA,NA,NA,NA,271.244010660358,NA,NA,NA
1976,11,NA,NA,NA,NA,NA,34.8775126907874,NA,NA,NA
1976,12,NA,NA,NA,NA,NA,-168.264066013017,NA,NA,NA
1977,1,NA,NA,NA,NA,NA,-114.648382665535,NA,NA,NA
1977,2,NA,NA,NA,NA,NA,8.50398532568205,NA,NA,NA
1977,3,NA,NA,NA,NA,NA,157.497821875014,NA,NA,NA
1977,4,NA,NA,NA,NA,NA,493.854217010461,NA,NA,NA
1977,5,NA,NA,NA,NA,NA,872.103527229331,NA,NA,NA
1977,6,NA,NA,NA,NA,NA,1254.23623499685,NA,NA,NA
1977,7,NA,NA,NA,NA,NA,1253.54653759586,NA,NA,NA
1977,8,NA,NA,NA,NA,NA,1249.37529504676,NA,NA,NA
1977,9,NA,NA,NA,NA,NA,1324.46155805563,NA,NA,NA
1977,10,NA,NA,NA,NA,NA,126.150619483138,NA,NA,NA
1977,11,NA,NA,NA,NA,NA,-469.204799469664,NA,NA,NA
1977,12,NA,NA,NA,NA,NA,-322.324070061788,NA,NA,NA
1978,1,NA,NA,NA,NA,NA,-97.3372416390851,NA,NA,NA
1978,2,NA,NA,NA,NA,NA,94.3097641478891,NA,NA,NA
1978,3,NA,NA,NA,NA,NA,520.325278226235,NA,NA,NA
1978,4,NA,NA,NA,NA,NA,1163.29141520645,NA,NA,NA
1978,5,NA,NA,NA,NA,NA,1627.65983617393,NA,NA,NA
1978,6,NA,NA,NA,NA,NA,1249.40459456285,NA,NA,NA
1978,7,NA,NA,NA,NA,NA,1560.70629590664,NA,NA,NA
1978,8,NA,NA,NA,NA,NA,2382.64790401219,NA,NA,NA
1978,9,NA,NA,NA,NA,NA,1364.26509919189,NA,NA,NA
1978,10,NA,NA,NA,NA,NA,398.771050246833,NA,NA,NA
1978,11,NA,NA,NA,NA,NA,-478.435957808224,NA,NA,NA
1978,12,NA,NA,NA,NA,NA,-279.677324133963,NA,NA,NA
1979,1,NA,NA,NA,NA,NA,-163.885616981778,-269.121169412127,-16.5830550354555,0.15343969533664
1979,2,NA,NA,NA,NA,NA,69.36034310921,-893.179484963369,-2.12531228830196,0.518645354911314
1979,3,NA,NA,NA,NA,NA,346.179593362445,-389.722694249938,-0.967066707325438,0.533006291359496
1979,4,NA,NA,NA,NA,NA,1228.13389116266,-601.786097222225,1.6167031217433,0.48999313597264
1979,5,NA,NA,NA,NA,NA,2262.87336952573,-958.7353622104,8.4592211741393,1.88686856412088
1979,6,NA,NA,NA,NA,NA,1997.30615431001,-697.818535938376,8.71582003074507,2.74318432462309
1979,7,NA,NA,NA,NA,NA,2138.63685548584,-1621.12218535408,12.0819526532535,4.78569852691023
1979,8,NA,NA,NA,NA,NA,1790.13287671905,-1286.44200024846,7.8271586614726,2.14784111294495
1979,9,NA,NA,NA,NA,NA,805.06058174174,-744.6421824647,10.69110475757,5.88775552097581
1979,10,NA,NA,NA,NA,NA,263.703454133836,-96.5853018163326,-0.0457471062501789,-0.0714251430818328
1979,11,NA,NA,NA,NA,NA,-125.620829720491,83.2383778286216,1.78024774915043,0.585035181309333
1979,12,NA,NA,NA,NA,NA,-168.297000163798,-119.697682629299,-15.4586870686031,-0.244229397795837
1980,1,NA,NA,NA,NA,NA,-169.401496738152,-380.167051327009,-13.8933751675844,0.680535033645564
1980,2,NA,NA,NA,NA,NA,82.4562764786656,-351.274537637289,-6.51528768527455,0.0831104042364495
1980,3,NA,NA,NA,NA,NA,363.55919961176,-405.304995427204,-0.600529323124864,0.0558109756742424
1980,4,NA,NA,NA,NA,NA,747.316196387997,-337.428892183725,0.884470404356665,0.105779105886533
1980,5,NA,NA,NA,NA,NA,1488.91259095502,-576.871330599422,5.91185495927388,1.10971702589839
1980,6,NA,NA,NA,NA,NA,1174.55557382773,-924.649702132344,9.46051478140595,3.25374244545107
1980,7,NA,NA,NA,NA,NA,1500.27770441777,-1753.84752711341,9.78419554064087,1.68213958454025
1980,8,NA,NA,NA,NA,NA,1318.784718702,-1214.52619419026,8.2474632826079,2.25787757886706
1980,9,NA,NA,NA,NA,NA,1008.44036940512,-863.120205870153,7.09852736438596,2.7366590197252
1980,10,NA,NA,NA,NA,NA,293.53576218581,-262.353199027347,3.50132343605677,1.4820016568962
1980,11,NA,NA,NA,NA,NA,-123.30509293383,-15.8152524862807,-1.85522435722134,0.0574497919420535
1980,12,NA,NA,NA,NA,NA,-154.410816231269,-261.666822459547,-2.69357442168894,0.406254666593626
1981,1,-0.0460847750000042,-0.0706932571428531,-0.201503031578941,-0.0273929999999964,0.0342547999999958,-44.8068134347126,-346.066215014664,-10.5182526103304,0.475003704049694
1981,2,-0.387297674999996,-0.254492200000001,-0.20392082105263,-0.0522646999999949,-0.0341029333333296,-3.4436467739316,-348.124291649052,-8.21142069518164,0.185015804818966
1981,3,-0.421965799999995,-0.299671999999997,-0.150598526315797,0.0527124000000043,0.124605466666676,43.1616790989945,-463.250494910577,-2.38273418967493,-0.106270798331926
1981,4,-0.0479892500000076,-0.163386885714289,-0.0819206105263213,0.00325389999999715,0.218631600000005,284.093302236152,-587.558406553261,2.5706973969895,0.576817437722225
1981,5,0.000719799999998827,0.0391459999999988,0.165778442105264,0.345360700000001,0.616748000000012,519.192756019254,-674.522775196266,7.23355161870126,1.38400182240559
1981,6,0.0902964750000059,0.264667371428576,0.472799957894743,0.792889499999998,1.38852613333334,908.540204271433,-920.400613909928,10.5732955363769,5.8140992745991
1981,7,0.133282374999997,0.632349085714296,0.843038757894742,1.31222029999999,1.55513013333334,581.353331929876,-1658.29720870952,8.97055464467027,2.18866156738967
1981,8,0.563783800000007,0.853555514285723,0.917490126315794,1.2385765,1.37255226666666,623.776869868058,-1230.42263115539,5.40052095407624,0.99743631506764
1981,9,0.496430924999999,0.446914314285706,0.391515936842108,0.531466000000005,0.954882399999999,143.095697639892,-788.035118582275,10.366716441125,6.55311403292047
1981,10,0.146302999999993,0.201981885714279,0.302594884210528,0.319012600000001,0.501941066666667,4.6824167160124,-143.098475113688,4.06706034965373,1.54291975011
1981,11,-0.551487600000005,-0.395057228571435,-0.277343642105265,-0.0135077999999993,0.205025599999995,-26.5005271636364,-241.964119684629,1.64735641546102,1.51030203354502
1981,12,-0.115106275000006,-0.046894657142861,-0.156159789473687,-0.0364232999999992,0.159335600000002,-124.7584236369,-215.744481339301,-12.1068026375736,0.25370237567955
1982,1,-0.33259539170507,-0.225774910394264,0.0723453510436407,-0.0688409867172659,0.516105990783409,-88.4867780321752,-236.820333829559,-21.5144437648739,-0.363528350060431
1982,2,-0.620049659863945,-0.334780158730162,-0.165267226890755,-0.306757983193275,0.0875438775510204,-33.0492459760112,-621.054883568353,-4.54302551792924,0.886104324171668
1982,3,-0.561600614439325,-0.417493906810037,-0.340050853889945,-0.173864895635674,-0.11470599078341,7.3586180490517,-819.273611738125,0.773550364601955,0.29984950149299
1982,4,-0.182253968253971,0.0977125925925897,0.0937835294117626,0.0269874509803891,0.0117980952380954,19.5485119958943,-999.330225109844,2.57415077925368,0.543625001261972
1982,5,0.221775729646698,0.562366308243728,0.378736242884251,0.319851992409866,0.934255299539171,39.4802334521226,-456.473403002703,4.01749567902835,1.10455029428222
1982,6,0.548167619047621,0.650577777777777,0.168270588235295,0.572397647058821,1.63900095238095,105.3376106489,-1324.63639833339,14.3034608020014,5.9940906640625
1982,7,0.111399078341012,0.484003584229391,0.767385199240987,1.6031165085389,2.22850967741936,103.212855439151,-923.616147575843,8.77403878434185,2.3330726533453
1982,8,-0.0727784946236554,0.599101792114695,0.9069495256167,1.0189275142315,0.941025806451613,345.384735546756,-1368.71750819973,6.98203977192369,0.894489808576198
1982,9,0.738647619047619,1.42852666666667,1.14325176470588,0.92187137254902,1.92238095238095,495.39163033557,-917.889888363457,9.63819204268381,4.09735783020449
1982,10,-0.13381935483871,0.139673835125446,0.015524857685012,0.15929487666034,0.960591705069127,70.9111581409663,-102.838606337163,0.263617533150877,-0.012021725159892
1982,11,-0.493988571428574,-0.363554074074074,-0.356627450980394,-0.474468235294118,0.053567619047616,-56.2880371413464,-17.0367160815171,-4.77642822805915,-0.471611784597741
1982,12,-0.424722580645163,-0.107213620071686,0.206201897533205,-0.156406831119547,0.159159447004608,-133.652091194262,-111.770262564255,-28.2168979837408,-1.16477410930701
1983,1,-0.039839631336406,-0.0535017921146945,0.212535104364328,0.0775438330170779,-0.271923502304148,-145.673359571965,-261.49678481599,-18.8221225249047,0.130386104595862
1983,2,-0.344534693877552,-0.299441269841267,-0.259152100840335,-0.395703361344538,-0.381314285714286,170.143290445043,-1166.60568690289,0.644663306658573,1.11321462012021
1983,3,-0.273927496159754,-0.328217921146955,-0.262962428842506,-0.221389753320686,-0.268724423963135,292.392880905555,-1059.65036966362,0.947382582241861,0.667011516398702
1983,4,-0.553833015873014,-0.448500000000003,-0.47237019607843,-0.439079215686274,-0.030618095238097,573.708120469206,-877.900394362888,1.53689457051722,0.341015583993858
1983,5,-0.398183717357913,-0.302569892473119,-0.139433017077799,-0.0589222011385182,0.286451612903225,1057.73309251691,-988.954790072661,5.78992519716849,1.78881775681276
1983,6,0.398831746031746,0.84781111111111,0.75068549019608,0.701473725490196,1.60109428571429,1280.5681443036,-1067.22003147362,10.9885693833007,4.03802562343377
1983,7,0.343907219662057,0.471027240143368,0.187020872865276,0.707776091081595,1.91176774193548,776.71566603674,-1258.470664473,6.79858019854649,2.03673806532001
1983,8,0.723676190476191,1.1963835125448,1.41347628083491,1.24666413662239,1.4498866359447,995.129960031066,-1568.36730030652,8.74656473468243,3.42828880624324
1983,9,0.13381841269841,0.181075555555555,0.379195294117647,0.281499607843138,0.491201904761901,745.179343914444,-805.573215068076,7.87164917842258,4.48597929305019
1983,10,0.567527496159752,1.36750035842294,1.46900721062618,0.836637571157496,1.36121290322581,491.161779562074,-489.076678183953,5.49861482939501,1.70084533505166
1983,11,-0.520353650793652,-0.164314814814816,-0.0300000000000011,0.08997568627451,0.445994285714285,-18.9539294778413,-213.976800964983,1.49738444225853,1.20027914734496
1983,12,0.111435330261134,0.178559856630823,0.105556736242885,0.269225806451612,0.290937327188939,-201.041985201363,-64.0559858237314,-4.51351150553571,0.790429255802989
1984,1,-0.663178494623654,-0.833104659498208,-0.918665654648954,-0.653904364326376,-0.374235023041471,-115.278493650429,-297.18013718254,-10.6388885230979,0.564976202272932
1984,2,-0.90673563218391,-1.00513639846743,-0.891088032454363,-0.812519269776878,0.0993034482758617,-72.7928302176,-317.235662176859,-5.7155926074043,1.18094706437222
1984,3,-0.428192933947773,-0.18306953405018,0.00269601518026619,0.0312113851992422,0.203269124423965,80.2878335741661,-97.5578395767762,-0.606200750760481,-0.11823186996952
1984,4,-0.375563174603176,0.324685185185185,0.341895686274508,-0.0278133333333344,0.0991666666666688,602.77011754908,-304.491698357032,1.72247952787276,0.481365369829203
1984,5,0.111399078341012,0.425377777777779,0.676900189753319,0.643845161290322,0.968080184331797,1473.92343736556,-1141.03943569142,9.46943432190606,3.01207722396077
1984,6,0.559341587301585,0.913371111111108,1.18574745098039,1.36934980392157,1.13611047619048,1483.9652044184,-1301.68050935078,10.069903667465,3.0713311913437
1984,7,0.198744700460828,0.305544802867384,1.06607969639468,1.56861707779886,1.69461382488479,1194.37544597108,-2032.42655048192,13.6380535183646,5.04149452725623
1984,8,0.58563133640553,1.16722150537635,1.44218216318786,1.88590740037951,2.6250599078341,1241.11137662915,-1819.18275989109,10.2260269022596,1.97799130721463
1984,9,0.727691428571429,1.27714222222222,1.07225019607843,0.853338823529413,2.04754476190476,827.42689250763,-1257.55982515559,9.74454354134027,4.7041461072683
1984,10,0.560114900153611,0.266687455197133,0.243826944971538,0.501383681214421,1.42695852534562,348.75664634153,-397.772042068979,7.38603028954918,3.98130156027924
1984,11,-0.394900317460319,-0.0458555555555549,-0.172115294117646,0.0471435294117626,0.633089523809524,-49.6644221857115,-127.762809372888,-1.56162775225916,0.619664353817674
1984,12,-0.574368049155147,-0.113051612903227,0.144610246679317,0.21735863377609,0.364066359447005,-48.9302603223841,-180.269962251169,-2.1504241402858,1.00967410678499
1985,1,-0.588994777265746,-0.472704659498209,-0.00585047438330122,-0.195705502846298,0.210078341013823,-136.883061699472,-200.55512427149,-12.9070453058986,0.286849576023597
1985,2,-0.804044897959184,-0.564130158730158,-0.1640756302521,-0.226636974789916,-0.194544897959183,86.8510968036509,-476.409727783898,-1.32933728001331,1.02881244748063
1985,3,-0.214753302611367,-0.261798566308244,-0.13478406072106,-0.12278633776091,-0.328488479262674,261.878039752863,-334.131051424095,-0.933493411127227,-0.259389184756237
1985,4,-0.184309206349205,-0.243086666666667,-0.119631372549019,-0.266479215686275,0.00397999999999854,836.196766276493,-804.720081859265,3.12820937030057,1.1143522009237
1985,5,0.185780645161291,0.058174193548389,0.153357115749525,0.102980645161288,0.370144700460827,1382.26759868177,-940.402352874184,7.77272503606811,2.6873341382939
1985,6,-0.0314361904761888,0.551386666666666,0.760282352941175,1.16419529411765,2.26120857142857,1877.56754252474,-1715.37585536217,14.0496683844816,6.14635825543016
1985,7,0.857976651305684,1.19152903225806,1.18406451612903,1.24438178368121,1.65822211981567,1164.15396694805,-1761.45065141535,9.81167866020619,2.91164173656924
1985,8,0.665474039938555,0.908131182795696,1.33689487666034,1.23969867172676,1.32608202764977,1325.94133616373,-2072.29163607762,11.1328271162769,4.52380687416089
1985,9,0.590316825396826,1.04400666666667,0.891985098039218,0.884042352941179,1.54417238095238,857.652128027905,-935.732602913055,9.57940811515876,4.24951277911285
1985,10,0.1853910906298,0.403788530465949,0.196837950664136,0.185074003795066,0.681105990783411,325.873714752203,-441.446733605836,5.71668073922529,3.07006789807542
1985,11,-0.376358730158731,-0.134957777777778,0.0278023529411762,0.120654901960783,0.196921904761904,2.32657139369508,-142.835548439047,0.658291918998382,0.886491921199784
1985,12,-0.21208479262673,-0.154469534050179,-0.166516888045539,-0.487509677419354,-0.169774193548385,-144.377580629237,-105.592549553811,-12.0720744970301,-0.2473004236381
1986,1,-0.222092165898616,-0.108866666666668,-0.206932827324479,-0.218584440227705,0.138825806451614,-135.160899635621,-194.561525945041,-7.34726665831906,0.725328126454702
1986,2,-0.35798843537415,-0.301793650793652,-0.456121848739496,-0.61616050420168,-0.538904081632655,65.3172568460945,-551.267323376469,-5.70466903154684,0.0164900421282073
1986,3,-0.406325038402457,-0.435192831541219,-0.479808728652749,-0.631298671726757,-0.329936405529953,215.931357896799,-368.543295050428,-1.77003753807252,0.0857184746998718
1986,4,-0.372945396825397,-0.0833718518518509,0.00093490196078605,0.0257843137254881,0.102472380952381,482.809534148294,-499.919022472666,1.94782576172855,0.769328397102098
1986,5,0.230304147465436,0.311772043010752,0.486667931688803,0.774498671726754,1.18606082949309,1775.16634503873,-1064.16861268464,9.03023440508145,2.21180233034461
1986,6,0.201368253968255,0.404447407407407,1.03941647058824,1.31623294117647,1.38692190476191,1212.25493397799,-970.534025796485,9.93945208886904,3.47145281115655
1986,7,0.220473732718894,0.750328315412187,1.04950967741935,1.04168425047438,1.44260368663594,1712.19377477924,-2491.21906181278,11.4872341342746,2.79302332613958
1986,8,1.21840307219662,1.8618100358423,1.98126451612903,1.92453130929792,2.05811244239631,1433.16111929754,-2109.62004997187,9.71439619881329,2.16119842262421
1986,9,0.954680634920635,1.0364762962963,0.629562352941175,0.65255607843137,1.45327904761905,1105.43256330163,-1159.29575732662,14.5501123564761,7.12918070097184
1986,10,0.513411367127496,0.712270250896058,0.443172675521822,0.576900948766603,1.31242304147466,330.015558479601,-484.94628375268,5.27481793266605,2.14421930389994
1986,11,-0.344692063492062,-0.527150370370371,-0.269376470588234,-0.290956078431371,0.232783809523809,-7.31935507331155,-61.9408207594561,-1.10660354079851,1.24126063023674
1986,12,-0.597607373271892,-0.488009318996419,-0.345051992409868,-0.433530929791271,-0.0749059907834102,-149.758776982945,-273.533529435802,-18.1647509499632,0.251453426354284
1987,1,-0.579250998463902,-0.381132616487456,-0.190346869070211,-0.153330550284629,-0.0994322580645139,-161.2010624465,-325.726805729434,-15.3692560053573,0.316779750397145
1987,2,-0.42488231292517,-0.20601111111111,-0.115151260504202,-0.234102521008406,-0.117284693877551,-3.71876084111163,-366.302724728545,-8.61116821851154,0.224314681210577
1987,3,-0.303659600614441,-0.120931182795697,-0.200219354838708,-0.379759392789374,-0.0931041474654393,280.170980836234,-586.16717863479,-1.34149488813752,-0.439621935148878
1987,4,-0.392459047619049,-0.100211851851853,-0.281269019607844,-0.129555294117647,0.537367619047622,770.475452902037,-414.265257042145,0.466945397735753,-0.0328165562571491
1987,5,0.265538556067586,0.471371326164874,0.41173662239089,0.40234155597723,0.741476497695853,627.224629051417,-406.816836819991,1.94171190026375,0.114152810094191
1987,6,-0.0811326984126985,0.158111111111111,0.158185098039215,0.471876862745098,1.20486571428571,1137.41284910075,-1445.43046532865,15.6718988770098,8.02228846545047
1987,7,0.013607987711211,0.424706093189965,0.531253130929791,0.725174193548387,1.44302304147465,1309.20184896082,-1534.23672882836,7.82331738065259,2.38323828279446
1987,8,0.593327188940091,0.428898924731183,0.810893358633777,0.656262618595825,0.592376958525346,1074.40198572097,-1465.49640323251,8.95930133139876,3.52914790597933
1987,9,0.655909841269843,0.997191851851849,0.731553725490198,0.609159215686276,0.963770476190476,780.968243887285,-1066.67567222216,9.55899719537451,5.43258583188343
1987,10,-0.177104147465435,-0.0660874551971311,0.106740037950662,0.310586717267551,0.525039631336405,72.5825904285516,39.3291707110911,1.50766208425239,0.617058284971321
1987,11,-0.000107301587302544,0.10428962962963,-0.0190494117647049,0.0875725490196082,0.389087619047618,37.7992955196705,-144.42482488082,1.51736729179121,0.819940464117195
1987,12,-0.246136405529953,-0.326212903225805,-0.14149222011385,-0.0390246679316917,0.35563594470046,-187.206720766473,29.9301275894166,-2.583077964804,0.108053750376834
1988,1,-0.276508755760371,-0.0760551971326144,0.0436288425047451,0.00710512333965951,0.123847926267281,-186.174881771474,-166.787411834932,-18.5067682951049,-0.26933513653872
1988,2,-0.407408210180623,-0.199718773946358,-0.145767139959432,-0.174453549695741,0.257951724137932,33.1723843328212,-374.525300255783,-4.55653297342145,0.362752422418182
1988,3,-0.62582365591398,-0.378242293906812,-0.475234155597725,-0.302556356736243,0.051277419354836,183.022765347747,-860.885265561418,0.980206719739276,0.930941806596828
1988,4,-0.20460380952381,-0.355574074074077,-0.316061960784314,-0.126068235294117,-0.103493333333333,116.818961428121,-253.190011313527,0.3456867119971,-0.201138982071924
1988,5,0.270708448540706,0.262298207885305,0.392809108159394,0.389063377609109,0.785609216589862,726.150398388246,-1272.67723844269,13.756494145529,4.65118913358712
1988,6,0.614173968253969,0.519959259259259,0.193776470588237,0.203432941176469,0.862594285714284,537.360568362969,-644.786400141786,12.2994272431913,6.25679891283373
1988,7,0.24986850998464,0.0530437275985669,0.454399240986717,0.788455407969639,0.610840552995391,511.805770829681,-1667.0850587344,8.16675193640594,1.82858481794116
1988,8,0.9111311827957,0.475513978494622,0.950984440227703,1.04533738140417,0.941556682027649,434.045488958279,-1623.99988020646,9.52171717676565,3.85039232553436
1988,9,0.681092063492063,0.498977777777778,0.612565490196076,0.54671294117647,0.350792380952381,328.813011314161,-1093.90511263466,12.8434585607026,7.36694333035728
1988,10,0.406911213517663,0.65968028673835,0.559639468690701,0.471486148007592,0.851060829493086,210.041441692745,-691.432828881572,4.52546745031474,2.66783099708684
1988,11,-0.264141587301587,-0.137524444444445,0.0758996078431373,0.164030588235295,0.269635238095237,-27.7823971699562,-182.871894682308,-0.735880857779266,0.53560280394176
1988,12,-0.103737634408603,0.020156272401433,0.0322436432637581,-0.0321449715370008,0.0679520737327195,-108.350639030366,-119.948782995042,-14.5181399777949,0.0189448498874272
1989,1,-0.269258986175114,-0.0797691756272378,-0.104124478178367,-0.101584819734345,0.238451612903223,-102.722118694924,-242.472635960397,-15.9746408586894,0.438577979080026
1989,2,-0.373025850340134,0.0995928571428593,0.197101680672269,-0.109094957983192,-0.0510530612244899,-15.280217169282,-283.535097198186,-5.8647954056097,0.824415445246172
1989,3,-0.496248233486941,-0.328718279569891,-0.241754079696396,-0.332192789373817,0.0729631336405525,62.0155501227881,-350.513982059416,-0.518244962223666,0.56092233471443
1989,4,-0.554539047619048,-0.226991111111111,-0.0116792156862751,-0.0406407843137231,-0.042154285714286,252.000235525021,-423.336305859619,2.83363768111815,0.634973385511416
1989,5,-0.476932104454683,-0.412810035842295,-0.201220493358637,0.0373586337760941,0.510842396313365,857.824364806128,-1286.98390001562,16.6787949323242,7.07788792738373
1989,6,-0.268426666666667,0.118984444444447,0.471414901960785,0.788341176470588,1.32599714285714,633.260918545332,-1243.9171753263,11.5428511394493,4.62546240097733
1989,7,0.59977142857143,0.69345089605735,1.06494345351043,1.40207210626186,1.73883133640553,662.525519762349,-2280.88997899749,12.6157148254979,4.44308187637411
1989,8,0.809528110599079,1.20839784946237,1.40861252371916,1.40054800759013,2.14137603686636,630.958850768174,-2283.53578815989,9.60982402329487,1.5551238343648
1989,9,0.506332698412695,0.621674814814813,0.622863529411763,0.564254117647057,0.815282857142858,392.317342245742,-968.990255234399,11.054039832633,6.18558811259032
1989,10,0.105330875576037,0.280843727598565,0.216786337760912,0.370195825426944,0.956648847926267,189.874242417685,-334.18269246038,7.95987615228802,3.1492307803507
1989,11,-0.253287619047619,-0.133632592592591,0.104951372549021,0.18378666666667,0.212614285714285,313.166633253268,-94.4071380266412,-4.61875460249776,0.157934601883007
1989,12,0.199555760368664,0.316984946236559,0.150819734345351,-0.020551802656545,0.131084792626726,-165.165311022392,-125.373544271713,-20.8090051787945,-0.977803209049966
1990,1,-0.331737634408601,-0.311551254480285,-0.152083491461099,-0.164247438330172,-0.0124995391705092,-103.125979980264,-116.856642445322,-11.3872029495689,-0.235706097088396
1990,2,-0.36686462585034,-0.258775396825399,-0.0195420168067209,-0.0948747899159663,0.111211224489796,25.7149289807493,-471.051424139265,-3.52798414513943,0.0672284944552546
1990,3,-0.655876497695854,-0.475018637992832,-0.284834914611004,-0.28390588235294,-0.0349023041474652,138.547516449907,-705.355180378573,-0.205026661721067,-0.888430654773326
1990,4,-0.13140253968254,0.00426962962962918,0.131919215686274,0.101732549019609,0.222219047619049,269.409943982137,-911.947404580646,4.05437902342864,1.36808720781289
1990,5,0.230871889400923,-0.0742372759856629,-0.117171157495257,0.14838406072106,0.727933640552994,534.294054711913,-980.240466849513,9.76908652239053,4.5696660955628
1990,6,-0.0335015873015898,0.493420740740742,0.627519215686277,0.836643137254903,1.75611238095238,757.575711041923,-1942.75105335489,15.1304736140115,7.76068073737745
1990,7,0.46303717357911,0.741671684587814,0.692174573055031,0.756182163187855,0.872935483870968,673.983647766028,-1359.05901906095,6.74040607622528,1.95816580049329
1990,8,0.551342549923195,0.962453046594984,1.00174724857685,0.935194686907021,1.35469308755761,736.053886941885,-2301.00134752778,10.6612104092399,1.63913542490357
1990,9,0.353066031746032,0.81013037037037,1.11219764705882,1.02759764705883,1.26237142857143,447.903982413332,-1529.28296653495,9.5069823209376,3.88600347176836
1990,10,0.408892165898617,0.770801433691755,0.407136242884249,0.442886527514229,0.787626728110599,156.565201923977,-138.483523722737,3.1802032126522,1.32649463329867
1990,11,-0.348168253968254,-0.138823703703704,-0.0429858823529408,0.16129882352941,0.393796190476191,-14.5586103386912,-105.586797016629,0.576305854129641,0.892713450134913
1990,12,0.143648540706607,0.336959856630823,0.256515370018978,-0.0600053130929794,0.0930986175115223,-177.485770884567,-141.021238757835,-18.4029633481306,-0.704343929950551
1991,1,-0.196070046082951,-0.160093189964158,-0.0970481973434545,-0.244892599620496,-0.159581566820275,-66.2097358538486,-390.542695190667,-14.0216756617092,0.258064858708243
1991,2,-0.735027891156463,-0.491283333333332,-0.128859663865548,-0.128870588235294,0.0441510204081652,-10.8479453140359,-440.704080817979,-10.4725992073499,0.307943556084948
1991,3,-0.617590783410137,-0.21149605734767,0.0342626185958252,-0.0170216318785563,-0.227507834101381,141.365233703574,-445.551890807441,-0.168932562600614,-0.0244979682609006
1991,4,-0.355795555555556,-0.198046666666666,-0.0420541176470586,-0.303847843137255,-0.0674714285714302,304.849446044907,-501.073468413375,2.56030526202171,0.983166760918022
1991,5,-0.0145056835637511,0.0661146953405023,0.161585578747626,0.121429981024665,0.410669124423961,398.494223932105,-403.515130215744,4.83758024044074,0.944398693271397
1991,6,0.100114920634919,0.146622962962962,0.102448627450983,0.172226666666667,0.263726666666667,668.875721617687,-1325.20111916992,16.7557002443358,9.62430687700314
1991,7,0.433278033794164,0.756590681003587,1.03705351043643,0.780365844402276,0.732097695852534,665.009742506655,-1420.14995005366,6.20986948193792,-0.225737054251093
1991,8,0.249756682027648,0.455905376344088,0.518088804554079,0.422480455407971,0.395016589861751,536.113666576963,-1698.74895144716,6.06459526301009,0.472726651668702
1991,9,0.644461587301585,0.85598814814815,0.942521568627452,0.921563921568627,1.00633047619047,429.730040209763,-1520.46199195179,9.75492143073853,4.96369457758519
1991,10,-0.117480184331797,-0.087790681003586,0.215599999999998,0.45618292220114,0.826394470046083,193.431408223618,-306.4614713842,6.57621990730889,2.68272521413829
1991,11,-0.21403746031746,0.0429540740740748,0.218562352941177,0.128620392156861,0.318482857142858,-81.0557769479088,-110.25392906934,-2.92557083583897,0.200653912827585
1991,12,0.0952485407066064,0.294169175627239,0.576503984819734,0.4842284629981,0.30851152073733,-217.883584695595,-180.031675349009,-13.6785845702268,-0.280113460599601
1992,1,0.177818740399385,0.166800716845877,0.287131688804553,0.131700189753321,0.31402949308756,-309.94620496315,-148.004266391908,-25.0622444428421,-1.24099326136008
1992,2,-0.226463054187192,-0.198282758620689,0.0283423935091278,0.0554604462474622,0.00955566502462801,75.0392750527384,-720.873383687777,-0.58508372718305,0.900480204056191
1992,3,-0.790775422427036,-0.407948387096774,-0.142636812144211,-0.167965085388992,-0.00935576036866692,119.048692157226,-347.978634503613,-0.861466547244338,0.110773909492394
1992,4,-0.571702222222225,-0.59986,-0.41383843137255,-0.297127843137254,0.155073333333331,352.434279339544,-526.305867761344,1.33988819011699,0.98896204645349
1992,5,-0.355831643625194,-0.0717670250896063,-0.191611385199241,0.117789753320682,0.468302304147468,552.016602595773,-532.979999441518,7.19521076999104,2.57690206757872
1992,6,-0.293645079365078,0.231314074074074,0.396308235294114,0.528038431372547,0.712860952380954,749.001198807035,-905.803082883788,16.170954928755,9.13702165014108
1992,7,0.176199692780337,0.377689605734766,0.805292599620493,1.00684098671727,1.60717419354838,718.646351552239,-1582.08994897984,10.7835981154376,3.88809125388632
1992,8,-0.097485714285714,0.608503225806452,0.980819734345353,0.989391271347248,1.12868755760369,733.84547641759,-1628.82572867721,12.2332436080459,5.10889734453545
1992,9,0.774976507936508,0.897419259259259,0.628254901960783,0.685040000000001,0.996067619047619,503.123340883808,-1125.89689389425,9.65265172854035,5.23552538771378
1992,10,0.152224884792627,0.300678136200716,0.188592789373814,0.176668690702087,0.388857142857141,161.003401626143,-336.347680584558,7.27218308939409,3.38884481620765
1992,11,-0.0384844444444425,0.057217037037038,0.143781960784313,-0.0305552941176472,0.0343504761904754,-72.5995090905756,-117.426812787053,0.740515957852838,1.68178692552221
1992,12,0.0245136712749634,0.0185211469534039,0.114356736242883,-0.0584485768500969,-0.110002764976958,-345.84870013847,-65.1169033172329,-29.0134078658088,-1.86790269997866
1993,1,-0.382492780337941,-0.284475268817207,0.00507096774193627,0.0420106261859559,0.219892165898617,-173.591618536315,-170.329595366704,-18.9435994883742,-0.753414941361523
1993,2,-0.272909523809524,-0.113478571428573,0.275679831932774,0.245045378151261,0.302542857142857,-24.9665901577135,-291.819696583176,-5.49524450015068,0.135430865484933
1993,3,-0.403625192012289,-0.23900716845878,-0.264647438330169,-0.456397722960151,-0.0172811059907829,181.559813323304,-515.758159081812,-0.4865632167152,0.178148078399788
1993,4,-0.413623492063493,-0.239783703703704,-0.348243921568624,-0.398570196078431,-0.0715790476190463,255.358899605359,-534.91117894619,1.21142975948091,0.571025334800947
1993,5,-0.267030414746543,-0.209567741935487,-0.191416318785578,-0.117903605313092,0.274511520737327,734.146790556526,-662.941119360935,7.59482104127435,2.62581732116304
1993,6,0.227761269841267,0.366219259259257,0.684278431372547,0.64462117647059,1.15924761904762,628.132478736558,-1070.50638232016,12.1744156226602,6.10657419216027
1993,7,0.188834408602151,0.238762007168457,0.551974193548386,0.882072106261859,1.6409400921659,828.222754467654,-2055.90988724208,12.5122522839243,5.14808507023913
1993,8,0.56710906298003,0.754964157706091,0.862034914611005,0.801679696394686,1.59809493087558,672.439917519636,-1744.92603712731,10.8157302786095,4.20765198612179
1993,9,0.359034920634922,0.770997777777779,0.814210196078431,0.721345882352942,0.742472380952382,422.056779378918,-1083.69503959442,9.05603652873772,4.54538457800115
1993,10,-0.273588940092164,0.159459498207884,0.585257685009488,0.457239468690702,0.424957603686636,115.350880721814,-273.74161058427,5.09784780672182,2.47523121819876
1993,11,-0.205017142857145,-0.20123925925926,-0.163033725490198,-0.311169411764705,-0.259795238095236,-212.267328940775,-41.182548508303,-1.87832148155445,0.305753046143619
1993,12,0.0486764976958547,0.238002150537632,0.138103984819736,-0.0977601518026567,0.0519594470046059,-225.657344299762,-65.4378313197528,-6.51252727907536,0.178881032118575
1994,1,-0.0571913978494614,-0.045997849462367,-0.137604554079697,-0.127695635673625,0.401776958525346,-204.470787989786,-163.375642541497,-16.1619310262486,-0.411797049432483
1994,2,-0.102367346938777,-0.187575396825398,-0.277152100840336,-0.381831092436975,-0.234245918367346,-13.9591189195074,-871.796778929121,-2.31709073531544,1.33149724072691
1994,3,0.0121087557603694,0.0921663082437263,0.0941070208728654,-0.0315673624288451,0.226538248847927,145.367877285896,-259.137825178362,-1.14872082004537,-0.299817149414715
1994,4,-0.224679999999999,-0.064638518518521,-0.0403984313725516,0.0841513725490195,0.364794285714286,331.701766363653,-333.304187603824,0.644516324597277,0.195005829773015
1994,5,0.14210138248848,0.264070967741937,0.300013662239088,0.535591650853892,1.02084608294931,915.718488038228,-1137.56729339161,9.28268590598769,4.15405142970453
1994,6,0.13979746031746,0.206736296296299,0.270353725490196,0.894050980392159,1.61328476190476,653.83034282344,-1415.08017399028,10.68158359833,5.21193912057762
1994,7,-0.264686943164364,0.179139068100358,0.559246299810248,1.07386034155598,1.42822764976959,549.069913437123,-1214.7776431143,5.28044125886733,-0.672372330645032
1994,8,0.533062980030721,0.898890322580645,0.997345730550286,0.982510056925996,1.33606082949309,592.688529986951,-1327.69183199409,6.47725818190824,1.01478817142954
1994,9,0.158688253968254,0.433171111111111,0.640294901960782,0.625676862745099,0.76268,504.408298404747,-1106.50146939787,5.32176966967107,1.86022921433966
1994,10,-0.201395391705066,-0.335683154121863,-0.234959392789374,-0.147587096774195,0.34930599078341,81.1037519512588,92.995745795256,1.26163018736381,0.642537015491764
1994,11,-0.412626031746033,-0.135732592592593,-0.290668235294117,-0.324637647058822,-0.0724019047619038,-239.264322079497,-22.3769181114994,-6.01005803756308,-0.103083228718612
1994,12,-0.468156682027651,-0.155240143369177,0.111006451612905,-0.135590891840607,-0.00710046082949489,-290.032111960664,-198.027657058468,-20.9807098052299,0.0205921341324595
1995,1,-0.828693087557603,-0.424790681003586,-0.349514990512333,-0.372313472485768,-0.0121225806451584,-219.646096174901,-256.410333611499,-16.030815871923,-0.4379592841468
1995,2,-0.644038095238095,-0.521974603174602,-0.230534453781512,-0.295293277310925,-0.257078571428572,-52.5342464681326,-433.563802938133,-7.60262906385392,-0.117341038769895
1995,3,-0.858358218125957,-0.783639426523298,-0.575160531309301,-0.473326755218217,-0.331759447004607,132.491080701865,-503.661410048455,-1.31370744777527,0.361506583892428
1995,4,-0.269715555555553,-0.250430370370371,-0.235028235294116,-0.220666666666666,0.0956066666666686,295.61898833719,-233.250916575866,0.00263304230091702,-0.164698745828306
1995,5,-0.556742857142858,-0.412672401433692,-0.597502846299811,-0.413886148007588,0.533367741935486,628.268343817562,-1021.89759416596,11.5503424908485,4.87108601182857
1995,6,0.823853968253967,0.549869629629629,0.716822745098039,0.990503529411765,1.62657619047619,796.164776553693,-1098.97137510403,14.4058003760299,7.30675899970678
1995,7,-0.104665437788018,0.742620071684588,1.20309146110057,1.07756204933586,1.59867373271889,573.548260256312,-1387.89836596726,8.9726648245381,3.09514251832409
1995,8,0.261756067588326,0.590678853046597,0.724698292220115,1.06141935483871,1.32340552995392,670.117984064591,-1498.54550423077,12.180356438803,6.00865242167846
1995,9,0.346765079365081,0.563217037037035,0.427963137254903,0.475170980392157,0.85493142857143,766.923277034501,-1479.14885475002,11.8591922828211,5.68566843241084
1995,10,0.100009216589861,-0.145847311827957,-0.0472296015180262,0.32060037950664,0.711829493087556,163.537221556128,-200.966329625712,5.0204827099265,2.09320198633116
1995,11,-0.383076190476192,-0.191766666666666,-0.120305882352941,-0.0240800000000014,0.098081904761905,31.0123481466106,-359.670336964057,4.17738626021492,2.47720026388865
1995,12,-0.0544387096774201,0.0169483870967753,0.0275757115749542,-0.119789753320685,0.214986175115207,-238.196405449143,-112.080670283799,-21.4266332862946,-0.477307688479305
1996,1,-0.2325732718894,-0.244654480286741,-0.262413662239091,-0.543318406072107,-0.0210267281105985,-161.176085216593,-187.652640600835,-19.5074720909669,-0.520068188869604
1996,2,-0.265039737274218,-0.170469731800765,-0.161631643002028,-0.342180933062881,0.0652866995073893,-123.268408979589,-239.830142960497,-11.8213583123868,0.0761129083992509
1996,3,-0.521569892473117,-0.22313476702509,-0.216129032258063,-0.252891840607209,0.104133640552995,125.192491925221,-395.450894249737,-1.04260558428278,0.17753586047994
1996,4,-0.13179238095238,0.032817037037038,0.0790156862745093,0.11521725490196,0.151586666666667,458.627024133443,-621.155315022251,2.52589058818912,1.1180966563146
1996,5,0.400554838709677,0.935669534050177,0.867713851992409,0.871067931688803,1.21376313364055,1210.38266209289,-1014.40883729327,8.42745252958606,2.39836172771505
1996,6,-0.462955555555553,-0.486534814814814,-0.796446274509805,0.17062745098039,0.787273333333331,597.134830243741,-1196.43876201359,10.8902372388585,4.527031508859
1996,7,-0.846428878648233,-0.595429390681005,-0.623406451612901,0.39158557874763,1.46835115207373,717.273751007971,-1789.17283545037,12.0838710833162,4.85315374198059
1996,8,0.714788940092166,1.20796415770609,1.20421783681214,1.40387628083491,1.74079447004608,681.017969816503,-2191.48186209081,13.1559980103518,5.66200696889295
1996,9,0.891673650793649,1.0265837037037,0.775916078431372,0.831284705882354,1.04188761904762,489.801277133487,-1389.66099641365,13.6329533017406,7.86633721290827
1996,10,0.0834666666666664,0.285331182795698,0.220496394686908,0.137548387096771,0.403743778801843,200.176774062749,-320.421779109073,7.5162464900103,2.79742569026449
1996,11,-0.473742857142859,-0.209277777777778,-0.0171325490196068,0.0738862745098032,0.288628571428571,25.5955557684847,-228.085561236749,0.332348446585079,1.0705295247983
1996,12,-0.00373640552995269,0.0264767025089618,0.0626793168880475,0.0369586337760914,0.081834101382487,-215.206564999975,1.55598891809609,-3.69155121414523,-0.0246037689311885
1997,1,-0.124293087557604,0.0625039426523308,-0.0304500948766595,-0.0771711574952576,-0.144596313364055,-170.471978710242,-277.237146089315,-13.6249139435845,0.0737509403192034
1997,2,-0.399851700680273,-0.21567380952381,-0.284338655462186,-0.199855462184875,-0.104073469387753,69.8912526903615,-612.765395176054,-1.70876745036659,1.01997460719861
1997,3,-0.556363748079875,-0.210511827956989,-0.171887666034156,-0.260797722960152,-0.03084608294931,285.483974207224,-236.673195147916,-1.27834112134885,-0.0361748592990723
1997,4,-0.00993015873015679,0.228091111111109,0.0580141176470619,-0.0747560784313741,0.128608571428572,488.647996847307,-444.204536922195,0.401169383611032,-0.173003817827025
1997,5,0.00147588325652848,-0.204465232974911,-0.114668690702086,0.209169639468691,0.460729032258065,764.404269573048,-939.00958264809,5.91574104079183,1.6969350649817
1997,6,-0.0789117460317463,0.0841029629629624,0.0718847058823542,0.384408627450981,0.99543238095238,505.178883324874,-318.713495857569,4.41462478999189,0.977250203361395
1997,7,-0.137259600614438,-0.0166236559139783,0.185733586337761,0.144233776091081,0.800578801843315,868.089845408451,-1450.01609294902,7.83795162616635,1.79508021498251
1997,8,0.542784024577575,0.807709677419354,1.14186565464896,1.08224440227704,1.46261751152074,952.099645156571,-1546.27677475007,7.56075837494076,1.48386610946772
1997,9,0.20756888888889,0.225108888888887,0.487072941176471,0.559509803921568,0.903827619047622,438.875925104438,-470.173524263321,8.27104091023883,3.83318954384628
1997,10,0.054202150537634,0.0972372759856626,-0.241488425047439,0.0535908918406065,0.420197235023043,62.6495413323784,-7.09577669300062,-0.504710188849109,-0.0905300995410861
1997,11,-0.0769619047619017,0.221914814814816,0.0405443137254906,-0.0285717647058839,0.028688571428571,-36.2919350518605,56.9767484659707,-1.46725983777082,-0.212354546808625
1997,12,-0.216287557603685,-0.382470250896059,-0.201625806451613,-0.030756736242882,0.147165898617512,-176.996599593724,-126.895253459149,-14.8782610917407,-0.894151547237026
1998,1,-0.373204915514592,-0.324741218637993,-0.168840227703985,-0.102140417457306,-0.101350230414745,-412.721181793693,-297.603038921549,-23.1197465818959,-0.987117738866625
1998,2,-0.344829251700681,-0.218206349206348,-0.124555462184873,-0.157017647058822,-0.361986734693875,-188.009827460947,-517.530644211306,-4.52291887308034,0.0437628425864643
1998,3,-0.262760675883257,-0.214154838709678,-0.138459203036053,-0.246895635673624,-0.184047926267279,383.137444594039,-586.060917564773,-1.33050922531907,-0.417505741038832
1998,4,-0.407894603174604,-0.166909629629629,-0.234856470588237,-0.201922352941178,-0.199079999999999,375.641546483543,-320.89189841774,0.120446430739187,0.0765274798782634
1998,5,-0.242514285714286,-0.49074623655914,-0.159698671726758,0.0509889943073993,0.560636866359445,437.934009316848,-513.458893172008,4.70634874407145,1.85108243360968
1998,6,-0.481533333333335,-0.342204444444441,0.0273262745098037,0.839067450980394,1.45459809523809,443.662908816401,-854.734718835609,13.5623434633467,7.03858886186578
1998,7,0.0815944700460811,0.483308960573478,0.512005313092981,0.971023908918408,1.10452903225806,510.776350755114,-2014.63940806409,14.3257261773397,6.29304285542621
1998,8,0.769577880184332,1.20729534050179,0.843637191650853,0.434172296015181,0.793718894009217,439.328934840457,-1483.23859304693,13.0088536002934,8.22137508882072
1998,9,0.411728253968253,0.412011111111113,-0.0233294117647063,-0.207679215686273,0.783249523809527,365.208737059179,-1276.12523423936,15.5619908389527,8.66679455563161
1998,10,0.0684829493087555,0.0216817204301094,0.146554079696394,0.378163187855787,0.289477419354839,39.6448572542511,-596.994660723958,8.76174660451985,4.36412463264159
1998,11,-0.110876825396826,-0.126031111111111,-0.186079215686277,0.192825098039219,0.347609523809524,-30.3606713335299,-227.970016958899,5.21058603411069,2.16012635548078
1998,12,-0.416415360983102,-0.217043010752686,-0.202568500948765,-0.24594686907021,-0.0485631336405525,-454.2856996056,-3.56019432496733,-3.87264062953611,-0.00254195270671429
1999,1,-0.267131182795701,-0.182535483870968,-0.417985578747629,-0.369227324478178,-0.25372258064516,-443.170235767408,-376.54540636211,-7.00702058920895,1.08780625935283
1999,2,-0.647996598639455,-0.38970634920635,-0.373902521008404,-0.478594957983194,-0.0234265306122445,-313.270972956234,-288.080199209001,-9.82523406369779,0.246159259416271
1999,3,-0.433526881720432,-0.397512544802868,-0.354571537001899,-0.423938519924096,-0.115954838709676,180.365851305046,-406.684966609657,0.177394094499112,0.694363137289508
1999,4,-0.121608253968255,0.260526666666664,0.0493317647058831,-0.0536870588235274,0.699135238095238,750.47317887294,-1294.66868814287,11.0320483636945,4.05419775619704
1999,5,0.628144393241168,0.462564157706094,0.117919544592031,0.239139278937383,0.753068202764975,236.874620847001,-633.958012168844,14.706968745277,8.38960229391738
1999,6,0.0454704761904772,0.365583703703702,0.36884705882353,0.641688627450979,1.32468857142857,440.606881716739,-961.290729306551,9.52883007685806,4.09153743508725
1999,7,0.247250998463901,0.93568888888889,1.05262163187856,1.3276440227704,1.48996774193548,506.975246360484,-1849.44659949176,10.139346812995,3.39698417359068
1999,8,0.669636251920124,0.944798566308243,0.782773434535102,0.900824288425049,0.963090322580644,545.527111979443,-1410.050577948,9.59834994919374,3.59981243815699
1999,9,1.01581396825397,1.21691037037037,1.38428392156863,0.880832941176472,1.36669142857143,320.616995530102,-866.2721195539,7.4055141322297,3.45477240653301
1999,10,0.190740399385561,0.729813620071685,0.561255407969639,0.451194686907019,0.764994470046084,123.614076926652,-329.945901664576,13.926768601575,6.22122624853236
1999,11,0.0138273015873018,0.462306666666667,0.452676862745101,0.398754509803922,0.449559047619047,9.84904243208736,-113.607893114838,-1.06765726568762,0.235084378075422
1999,12,-0.096305376344084,0.195626523297491,0.25268690702087,0.180415180265655,0.287705069124421,-143.745488550162,-97.8219415644378,-12.7136024732022,-0.634721074150648
2000,1,-0.16483748079877,-0.0889784946236567,0.0620296015180237,0.0966428842504747,0.337334562211982,-257.647696868216,-142.673666918643,-15.6929488193719,-0.231841675051879
2000,2,-0.19303579638752,-0.133464367816092,0.00378742393509057,-0.2774369168357,-0.557683743842365,102.236150478998,-678.28662009296,-0.618827466152626,0.187654226613516
2000,3,-0.36845960061444,-0.215910394265233,-0.107942314990513,-0.197121062618596,-0.345183410138247,320.292931580328,-845.155884347329,1.72860051051866,0.861818588655116
2000,4,0.0208825396825389,-0.07653777777778,-0.179171764705885,-0.147170196078431,0.136034285714285,787.802179886238,-807.543180711695,6.78168381797685,2.37164503686522
2000,5,0.0527625192012309,-0.0125182795698926,-0.0937616698292238,0.276850094876661,0.997427649769588,800.025279142364,-1026.60775580088,9.54305902602839,3.72148174193819
2000,6,0.0840495238095258,0.267046666666669,0.631588235294117,0.879079999999998,1.79893333333333,1136.22227061804,-2125.04560635803,14.3684430415884,7.19150963572337
2000,7,0.514366820276496,1.1244752688172,1.5530504743833,1.42200303605313,1.35083778801843,490.665056849509,-2040.87396710403,12.2577630167988,4.3098717843676
2000,8,0.595767741935482,1.14305878136201,1.36243187855787,0.942504743833016,1.4026064516129,680.505531877945,-1619.81151315965,12.1314982410847,6.02145887797917
2000,9,0.709035555555555,0.988103703703704,0.871229803921569,0.607264313725491,0.728102857142858,533.907888544174,-533.986021304357,9.28569515967418,3.66949136584493
2000,10,0.0570027649769571,-0.000160573476701842,0.0220379506641351,0.0809085388994291,0.35497511520737,396.852651009342,-413.450697994715,6.45521747540374,3.41692205520835
2000,11,-0.138314285714284,0.0285644444444451,0.0201764705882361,0.141774901960783,0.286693333333332,25.5461893763859,-144.601080704646,-3.57989448588059,0.38181556249499
2000,12,0.124919815668203,0.292656630824371,0.204648956356738,0.132947248576848,0.243737327188938,-323.808969555634,-57.7969301893861,-7.43852364608047,0.0781492812442793
2001,1,-0.352199078341012,-0.0781232974910395,-0.123691840607211,-0.0331810246679325,0.0875529953917038,-181.415494387284,-192.728697717045,-16.255318066297,0.162079387308274
2001,2,-0.275897959183673,-0.318415873015873,-0.375225210084036,-0.302768907563024,-0.0497306122449004,170.766408306832,-441.066396993727,-1.46596124559772,1.019715244543
2001,3,0.0325013824884799,0.192169175627239,0.123205313092981,-0.118839468690702,0.066505990783412,691.006321898615,-974.766763626256,0.875372654502546,0.208575499377048
2001,4,-0.0847733333333345,-0.198557777777779,-0.12642274509804,-0.0556698039215675,0.0907419047619022,438.325845357439,-182.043600542485,1.22078481165881,0.532284062890103
2001,5,0.00946666666666829,0.166827956989248,-0.0571187855787478,0.0771271347248579,0.841760368663593,1026.70475703111,-546.198126401099,10.0171661391068,3.06895899386431
2001,6,0.47906984126984,0.642787407407408,0.152583529411764,0.633626666666668,1.53679238095238,740.023501009414,-1565.81857499406,10.3813657124044,4.35765851758196
2001,7,1.34390414746544,1.2246917562724,1.17088576850095,1.288,1.8111133640553,694.636224723799,-1923.62514151271,8.95548892284039,2.42055958029765
2001,8,1.40044976958525,1.35297419354839,1.13823908918406,1.04875142314991,1.37456036866359,942.331266861339,-2076.4227836446,9.58902551228507,3.29733230595655
2001,9,1.1804946031746,1.18246074074074,0.772843921568626,0.825342745098038,1.29001047619048,270.667127852031,-868.511517965821,11.0083328726022,5.12181310696314
2001,10,-0.125163133640555,0.121809318996416,0.222384819734344,0.255068690702089,0.715192626728111,244.839659386454,-469.943123319679,10.5036755896386,4.29295267966988
2001,11,0.0122533333333337,0.333941481481482,0.257513725490199,-0.027556078431374,0.271554285714284,6.14901504428166,-147.256298955368,0.687320778583805,1.14052537917805
2001,12,0.178588018433182,0.338473835125448,0.427905882352942,0.309187855787478,0.487635944700461,-388.626017612203,-105.302547011743,-17.6436506584775,-0.431283773970263
2002,1,-0.260229185867896,-0.119987096774196,-0.0484159392789358,0.0977768500948777,0.270214746543779,-290.062193202152,-516.010446321275,-9.75426503768272,0.992849035845119
2002,2,-0.778889115646258,-0.385938095238096,-0.124889915966385,-0.32189831932773,-0.0742051020408176,-208.964586046883,-211.235282700864,-17.8081836816311,-0.667475052788333
2002,3,-0.538384639016897,-0.121217204301075,-0.00650246679316879,-0.0776614800758999,0.0313170506912464,185.043277477588,-309.16338071418,-1.78760823988547,-0.124407789409754
2002,4,-0.127364444444442,-0.00863481481481543,-3.68627450981762e-05,-0.230946666666668,-0.193869523809525,396.168202340311,-245.87096496916,0.590307447160344,0.244347157582662
2002,5,-0.198358832565287,-0.35466164874552,-0.0993001897533219,0.0761161290322576,0.406305069124425,711.07325697169,-443.244127462741,8.44285656079989,3.54421262180052
2002,6,0.171547301587303,0.19815333333333,0.389558431372549,0.680080784313724,1.19962380952381,444.274611208545,-1614.53456053114,14.5399154685288,8.07513017194822
2002,7,1.47652903225806,1.04208602150538,0.983624288425048,1.31430436432638,1.35989585253456,698.333609160266,-2290.42767615833,12.6140519456962,4.84960140463541
2002,8,1.67608110599078,1.38196415770609,1.19609184060721,1.1867605313093,1.34759447004608,600.405022996983,-1867.0564661555,9.30942155682627,3.59318222579361
2002,9,1.06381333333333,1.25475925925926,1.02483450980392,0.913971764705881,1.50091047619047,660.791923669086,-1156.72926607029,7.55225738045568,3.1660775552708
2002,10,0.545789247311827,0.320816487455197,0.043786717267551,0.0427074003795056,1.00209677419355,275.256190475085,-36.2998263101007,4.56709612782377,1.77998606684267
2002,11,0.0535371428571452,-0.195578518518516,-0.0806023529411739,0.162018823529412,0.341963809523811,22.9962008362347,-46.5620185186885,-0.991709401298464,0.0532126225028225
2002,12,0.377364055299537,0.418478853046597,0.472040227703985,0.206658823529409,0.337651612903226,-221.95679733931,-140.697719245926,-13.1481635059242,-0.0279049860967178
2003,1,0.180596620583717,0.414144802867384,0.401698671726756,0.444241366223906,0.411216589861752,-198.985581999247,-220.881366989703,-20.4346387186281,-0.438693555353899
2003,2,-0.250247619047617,0.0901484126984116,0.09522268907563,-0.140461344537815,-0.0212673469387781,51.5391697189567,-370.540874759892,-7.4787562018356,0.909353447977306
2003,3,-0.345716743471581,-0.194612186379928,-0.0231635673624311,-0.058776470588235,-0.241086635944701,368.863844750455,-261.952113932145,-1.58955285485021,0.26913268855504
2003,4,-0.382947301587304,-0.0735370370370347,-0.0469576470588251,0.0414149019607848,0.161400952380955,736.402520200852,-209.191657491893,0.634032161882923,0.616902869953803
2003,5,0.416083563748082,0.439900358422939,0.289912713472486,0.448198102466794,1.30201290322581,1628.65538937393,-1260.1891216295,9.41907324632285,2.00491080697166
2003,6,2.04830158730159,0.858172592592595,0.355102745098037,0.961243921568627,1.22965809523809,510.794904597531,-808.465952882454,7.89857607426592,3.29875400253615
2003,7,1.63153241167435,0.719175627240144,0.34737229601518,0.908195825426944,1.13409677419355,506.105117680977,-1276.41989037711,6.76742456765738,2.03096183371891
2003,8,1.60022365591398,1.08071541218638,0.888927514231497,0.968400759013285,0.929621198156681,664.703498364662,-1931.02936317429,11.8036955716086,5.72657454758844
2003,9,1.22110222222222,1.09689407407408,1.03561490196078,1.03318901960784,1.61844666666667,827.041195735993,-1385.39489194084,10.2728080811316,4.70285846797722
2003,10,0.533366513056833,0.509404301075268,0.422790132827323,0.414696774193548,0.838447926267282,-33.1522795255465,-229.546666372626,6.99497910288544,3.44066346328698
2003,11,0.209519365079366,0.291174814814813,0.281101960784312,0.134419607843139,0.277506666666667,-985.037148870573,-75.869219379263,-12.2829618722327,-0.51603665918168
2003,12,0.54509062980031,0.433005017921147,0.153864895635675,0.0901252371916534,0.11500276497696,-1108.77408223193,-215.134000027174,-9.71154420001469,0.682591276289749
2004,1,0.175436559139783,0.292307526881718,0.234284629981023,0.216471347248579,0.343111520737327,-1127.61047488925,-318.727325713452,-13.4346046770612,0.0684053916348935
2004,2,-0.0571894909688027,-0.0333049808429138,-0.0586068965517228,-0.138946855983775,-0.1426157635468,-735.617943124133,-313.580717361625,-6.86229916877218,0.727878969922847
2004,3,-0.224774807987711,-0.130676702508961,-0.0103187855787503,-0.0483233396584453,-0.0494442396313381,-333.720433837906,-306.369550740359,-0.434444138359323,0.361462504061967
2004,4,0.0731161904761883,0.221735555555558,0.337071372549019,-0.0415003921568626,0.187025714285713,-86.1194854075777,-510.593114660373,2.0172555758075,0.558616249103477
2004,5,0.112178187403995,0.211298207885307,0.321979506641366,0.53816318785579,0.814728110599081,-592.587847734481,-1056.69427414635,17.999063508677,10.3486278265869
2004,6,-0.0266596825396803,0.270397037037039,0.540193725490198,0.497660392156863,0.931026666666668,1155.32241157392,-1395.56089187993,10.5220232244053,4.68111692155848
2004,7,-0.161207373271889,0.913425089605735,1.38173434535105,1.43114079696394,1.2852930875576,813.713804185244,-2073.75319745938,15.3989077336197,7.66696824527858
2004,8,0.865109677419355,1.31847813620072,1.37396584440227,1.27987779886148,1.45945437788018,1365.80017168989,-1928.20616220065,7.49729419048135,1.51324487523103
2004,9,0.895139047619047,1.41240444444444,1.23593882352941,0.876060392156862,0.424855238095237,349.172499099193,-459.082181569816,9.41104240949094,4.38524053934327
2004,10,-0.113646082949309,-0.0644365591397857,0.0495597722960177,0.0872986717267565,0.357442396313363,-173.316776519282,-171.301973799986,-0.62669064264572,-0.117079661827197
2004,11,-0.210345396825396,-0.332128148148147,-0.0837003921568638,-0.265701176470586,0.075214285714285,-658.204109728258,-21.4006969922044,-9.66323717236346,-0.684121685311137
2004,12,-0.00834162826420837,0.0199512544802865,0.00338216318785811,0.0375734345351013,0.337801843317973,-916.63785242896,-162.098318574293,-19.5787933855513,-0.404560238195252
2005,1,-0.22314039938556,0.0649734767025087,-0.0270413662239086,-0.081217457305506,0.0840543778801823,-364.979783792537,-328.371163530317,-9.93889652733213,0.234673911768392
2005,2,-0.679346258503401,-0.503246031746031,-0.327846218487394,-0.434328571428573,-0.290269387755103,-184.242765078274,-532.396016305747,-9.80030897778591,0.266659519343332
2005,3,-0.341248540706605,-0.293224372759855,-0.297526375711577,-0.26912561669829,-0.12069124423963,62.4134902909772,-623.784453187297,-0.461156846751469,0.382514175063777
2005,4,0.178435555555556,0.121054074074074,-0.0583450980392186,-0.160073725490196,0.108811428571428,51.4228879995123,-181.168216438737,0.999681793401371,0.55181812169517
2005,5,0.271514592933947,0.667194982078854,0.817716129032259,0.583276660341554,0.806644239631336,413.285290305803,-715.163252929969,7.23941417703545,2.44908346992095
2005,6,0.218366349206349,0.0378214814814832,0.33136156862745,1.07360862745098,1.36698,983.802206750192,-971.672195039824,13.7127358817822,6.15119865285284
2005,7,0.264799385560679,0.876804301075271,1.2025844402277,1.59723263757116,1.62895023041475,1323.58572123219,-1936.52502985899,10.0856411086827,4.78926468084775
2005,8,1.04462365591398,1.32509892473118,1.57837343453511,1.44736470588235,1.41406267281106,914.500662123524,-1575.22009914113,8.99959441311997,2.67783586566335
2005,9,1.15950349206349,0.784757037037036,0.988423529411765,1.03622196078431,1.12033619047619,602.424514920483,-1502.57247247395,11.1213367474767,6.02176486575745
2005,10,0.837066052227343,0.633082437275984,0.510865275142315,0.616822011385199,0.941153917050691,-31.3745483461627,-478.275301086484,10.029183950933,3.96153483033207
2005,11,0.081443174603173,0.272365185185183,0.267040784313725,0.328804705882355,0.484100000000002,-551.172696552209,-70.304249392098,0.572514500592118,0.605100689465186
2005,12,-0.450916129032258,-0.224749820788531,-0.00163187855787328,0.153840607210626,0.234046082949309,-552.833802175031,-224.305349341009,-1.36757214716122,0.33604440286753
2006,1,-0.170231029185867,0.129451612903228,-0.0361472485768495,-0.161288045540797,-0.103974193548389,-636.110224111243,-168.657124918992,-14.9824711454934,-0.596331195155169
2006,2,0.0295278911564623,0.0726253968253978,-0.0140739495798314,0.0048210084033613,0.0293785714285733,-267.171156379281,-236.131725110804,-10.481565930479,-0.305423322105792
2006,3,-0.255730261136716,-0.0762731182795697,0.115652371916511,0.118527514231499,0.128857142857143,-0.347982373645047,-639.56276452939,0.840906789528805,0.897223724955914
2006,4,0.16942222222222,0.459311111111113,0.461936470588235,0.284369411764708,0.456593333333334,181.914555840738,-927.322580723197,5.60077744469609,2.16619801584323
2006,5,0.271494930875576,0.279098207885305,0.635347248576849,0.783960531309297,0.998936405529953,614.283486577557,-887.244704577594,8.79981117108391,3.38122366848991
2006,6,0.178528888888888,0.0673503703703702,0.22605568627451,0.397691764705883,1.02211523809524,863.499202940873,-1041.15579532497,9.11974510041042,4.32457950262519
2006,7,0.0851219662058398,0.4994458781362,0.919927134724855,1.10963567362429,1.59477511520737,1751.42889310505,-1584.87282599013,7.89237622335347,0.54315828775852
2006,8,0.411458064516129,0.703514695340502,1.0923559772296,1.35137457305503,1.30301566820276,1100.54080622489,-1092.77583180472,4.53333390933522,0.790546067181824
2006,9,0.594196190476193,0.414285925925928,-0.226220392156861,0.117661960784314,0.361610476190474,402.271215987343,-761.984333081045,8.18525024748804,4.9912628354618
2006,10,0.213880184331799,0.0693978494623657,0.065275901328274,-0.103933206831123,0.244925345622121,-56.6416795826367,-100.305706141613,1.10950379318692,0.916361130290564
2006,11,-0.230182857142857,-0.404216296296294,-0.245843921568628,-5.49019607838375e-05,-0.0378533333333344,-451.66838567405,19.3009812074542,-5.15567029746747,-0.824149235294525
2006,12,0.0953480798771125,0.031612186379931,0.150405313092982,0.0866512333965836,0.371931797235025,-1013.54730197921,-142.544352052031,-28.0023086883891,-1.1286352081621
2007,1,-0.0728737327188931,0.0863605734767035,0.195068690702087,0.231224288425047,0.263771428571431,-641.791491283145,-224.050079863936,-24.730433287959,-0.620528955844318
2007,2,0.00532176870748202,0.0766214285714284,0.105210084033615,0.021057142857142,-0.0265734693877562,-208.456326984491,-347.969816600247,-8.38189765853433,-0.75239872819138
2007,3,-0.216744700460829,-0.110081003584231,-0.00107552182162962,-0.0953358633776098,0.0318820276497682,-29.0662312583425,-386.593885385187,-0.850446577546975,0.173249757225897
2007,4,-0.537060317460316,-0.237937037037035,-0.0164925490196062,0.0167741176470599,0.208862857142854,32.1526706762184,-356.740970190663,1.52964142460667,0.835640750700105
2007,5,-0.0936509984639002,0.178873835125447,0.00739886148007329,0.0560455407969656,0.652411059907834,487.33515064571,-630.327441223921,8.2913053586887,3.23027127508502
2007,6,0.0652780952380958,-0.0750977777777777,0.53141254901961,0.98805568627451,1.38260857142857,779.073723238394,-934.108122660355,6.57137690087028,2.0442241933565
2007,7,0.470404915514592,0.240794265232974,0.289165085388994,0.676950284629982,1.91651612903226,1090.50656391548,-1479.12850313804,8.18731175209666,2.7472850826632
2007,8,1.26856221198157,1.19555842293907,0.855260721062617,0.831635673624291,1.47622211981567,948.728988368556,-1177.86884254049,5.98536704413055,1.41861263440203
2007,9,0.224610158730158,0.105234814814814,0.255588235294116,0.374057254901963,0.596238095238096,587.730982980355,-959.621252788826,8.38761614134215,4.53903846986694
2007,10,-0.0562101382488471,0.0886179211469518,-0.025500569259961,0.3013669829222,0.617941013824886,-163.400150697969,-156.790064029846,6.90345319163903,2.05174465148771
2007,11,-0.234847619047617,-0.16368962962963,-0.050865098039214,-0.00275921568627524,0.143857142857144,-367.230322271224,-161.391856560006,-1.56303611196406,0.639605786926863
2007,12,-0.279564976958525,-0.0692200716845868,0.0195354838709676,0.0228941176470592,0.161716129032257,-1105.99380562904,-177.865123936893,-9.61479190905803,0.274337314678131
2008,1,-0.199805837173578,0.02849964157706,0.17608576850095,-0.098330170777988,-0.111888479262674,-342.180841700266,-317.907587093114,-8.79427623226849,-0.0245599509139188
2008,2,-0.318063711001642,-0.389755555555556,-0.334291277890465,-0.238324543610545,-0.259741871921182,-234.582026280815,-732.007459475406,-2.24226384948505,1.23828040947812
2008,3,-0.571717972350232,-0.314948387096774,-0.265321442125238,-0.376020493358631,-0.104249769585255,-80.1164848043503,-102.13655932565,-1.15714525157091,0.253452514586959
2008,4,-0.454594285714286,-0.0865888888888904,-0.134156862745098,-0.118399215686274,-0.0178609523809499,22.5473116983761,-506.810651917949,2.41187905517757,1.11241554952575
2008,5,0.0459059907834103,0.339141218637991,0.400322580645163,0.565393548387096,1.13970599078341,529.518620245456,-563.964951991233,9.13023354912133,3.45137125437866
2008,6,-0.544229206349204,-0.63522,0.035007843137258,0.307711372549019,1.02776666666666,635.530951275369,-567.841203851143,5.88946473473776,1.45861035169762
2008,7,0.188431950844855,0.746513261648744,0.707603036053133,0.78449715370019,2.19271244239631,857.107583695216,-1780.76123349237,10.3771734919194,5.02173049741394
2008,8,1.07420583717358,1.3534853046595,0.988446299810249,0.772799240986714,1.44540184331797,847.719342741948,-1325.85429349293,8.14937039457292,3.72143829752387
2008,9,0.121934603174601,0.0569918518518548,0.0349874509803918,-0.0807639215686287,0.720891428571427,402.44828899767,-630.625659769135,6.90027624505787,4.22144218371913
2008,10,-0.300937019969279,-0.144336200716843,-0.197921062618594,0.0971992409867184,0.277420276497697,-185.267112558567,-140.00519940631,1.93603509953629,1.00713200541287
2008,11,-0.283147936507937,-0.353198518518518,-0.256392941176468,-0.0107890196078415,0.297873333333335,-422.53441790462,-243.302071646708,1.01508031067089,1.36606834829511
2008,12,0.0250709677419358,0.233524731182797,0.319546869070209,0.32995521821632,0.668191705069123,-666.709679035854,-29.0081270799877,-9.20089129044354,-0.442148477400614
2009,1,0.231107834101383,0.417329032258063,0.439518026565466,0.27517495256167,0.153249769585255,-450.895643157056,-84.376843972596,-21.3336970929384,-1.10280667109715
2009,2,-0.0920408163265307,0.109718253968254,0.121777310924372,0.116991596638655,0.556923469387755,-42.8803211809098,-337.674223288049,-4.5046715567404,0.516039385817732
2009,3,-0.428509370199691,-0.235316845878138,-0.151230360531308,-0.0952478178368104,0.0484672811059923,-10.313219265304,-279.006284073917,0.0758416915994586,0.441645596535594
2009,4,-0.384551746031747,-0.253942962962963,-0.143413333333331,-0.167736470588235,-0.020819047619046,230.021414614853,-565.21216184995,2.59293852436678,1.66636600571016
2009,5,-0.2270599078341,-0.00311326164874615,0.186135104364325,0.539496774193548,1.02174470046083,528.455566604989,-1030.96500839297,13.5372117710146,5.50369459347495
2009,6,0.247566349206352,0.788234074074072,0.777971764705882,0.788690980392158,1.91870857142857,937.532985319453,-878.881366520319,12.5452515586201,7.55286669173881
2009,7,0.548638402457758,0.776589964157704,0.664013662239089,0.833463377609107,2.17306820276498,1331.4100906365,-977.883373499621,4.26518647763434,-1.81754759732033
2009,8,0.185216589861749,0.888539068100357,1.41467476280835,1.45657988614801,1.77290875576037,668.710137834929,-1547.59543943282,12.5204872835816,7.52537659856992
2009,9,0.98735238095238,1.10426888888889,0.956423529411762,0.80672862745098,1.76704571428571,682.557216264579,-1374.65309501152,13.8704607754477,7.21734748203153
2009,10,0.711768970814131,0.988264516129032,0.950604933586337,0.866328652751424,1.26741474654378,204.329111691511,-326.539249035565,0.695085981103626,0.709556181819111
2009,11,-0.354888253968255,-0.0887333333333338,0.127574901960784,-0.0585450980392146,0.288492380952381,-254.621865253938,-74.4509924947102,-0.117948851519554,0.821838299502347
2009,12,-0.370691858678956,-0.0201433691756279,0.197045920303605,0.213423149905122,0.429318894009217,-356.835639628613,-53.6229326807263,-10.4797368124046,-0.540011241330313
2010,1,-0.193564976958527,0.248639426523297,0.495639468690701,0.177899051233396,0.344494930875577,-240.477749783884,-106.92425984686,-15.0746657823403,-0.28013077827705
2010,2,-0.207259183673468,-0.0738476190476192,0.0592630252100825,-0.18615630252101,-0.17069081632653,-48.6599102373874,-430.72781036069,-6.56594889946193,0.596059782079685
2010,3,-0.322090322580646,-0.207349820788529,-0.0126352941176471,0.0538793168880431,0.0398958525345599,258.823055821062,-541.076895075213,-1.00025299427099,-0.126130838943343
2010,4,-0.197601904761903,-0.121036296296296,0.203646274509804,0.221065098039215,0.133612380952378,395.886951849718,-341.246411122974,1.90476640544489,0.656764396135317
2010,5,-0.0983078341013801,0.109753405017923,0.178054648956355,0.12468083491461,0.461831336405531,570.453862218984,-716.119984364972,10.0561100384204,4.34677129779314
2010,6,0.356125079365079,0.554415555555554,0.149031372549022,0.210901960784312,1.13391428571429,379.48686226044,-1171.86286990415,10.0994594813962,6.01998241212016
2010,7,0.398295545314898,0.254999999999999,0.388203415559772,1.38637191650854,2.32820368663594,345.464598967187,-1530.75379372186,8.59411318193005,2.97034679500182
2010,8,1.52291858678955,1.89756415770609,1.77591574952562,1.95463757115749,2.04543778801844,565.253711060486,-2242.779964843,12.9008576244445,6.72564344329751
2010,9,0.900076825396827,0.859478518518518,0.766982745098041,0.517911372549019,1.32862,203.108854961911,-415.306840926177,9.5943237468172,3.42223348966438
2010,10,0.0852847926267302,-0.0687232974910366,0.125352561669828,0.230936622390892,0.476660829493088,143.235715384214,-671.838092622193,13.5951411391095,7.39307527683642
2010,11,0.25031111111111,0.209186666666668,0.266552941176471,0.068072156862744,0.0317419047619047,-78.6990281803178,-37.08534185952,1.63650489067251,0.97374943411561
2010,12,-0.1403643625192,-0.0493046594982083,-0.0208599620493359,-0.120449335863377,-0.0318156682027642,-223.946791425937,-225.681253872348,-0.252224840333195,1.25058165653719
2011,1,-0.463689093701998,-0.312220788530468,-0.279372296015183,-0.274661100569258,-0.0686377880184352,-232.725460154875,-382.213209225324,-7.21218749742376,1.29431202443667
2011,2,-0.153895918367347,-0.0423095238095215,0.0104159663865566,-0.1442756302521,-0.0405132653061209,-49.2641887605962,-424.930320428198,-2.11327531155571,0.772744402427487
2011,3,-0.0275680491551462,0.0580064516129042,0.124390891840608,-0.025736622390891,-0.108986175115206,80.7866439315711,-364.588673829845,-0.265645996210978,0.561461326341133
2011,4,-0.0861784126984126,-0.0517155555555568,-0.0655372549019617,0.128833725490196,0.201407619047618,81.1307788309901,-373.339209942778,3.05915275933329,1.40397204984058
2011,5,0.0836276497695856,0.465754838709678,0.33358330170778,0.227095256166983,0.462106912442398,410.192390167708,-720.558460208737,8.96096165794165,3.40428138423448
2011,6,-0.0339555555555542,0.599262962962964,0.67797019607843,0.923985882352941,1.78745428571429,560.943512464069,-1168.26947560019,8.95687625370226,3.36814313366954
2011,7,0.481309984639019,0.639814336917564,0.926541176470586,1.57742542694497,2.19038894009217,568.46299559211,-1427.94066310551,7.27222172429122,1.87650756801901
2011,8,0.467066666666668,0.712816487455196,0.874151043643266,1.20326451612903,0.964414746543778,520.766921619705,-1275.1547483482,6.34503087429618,2.17576817991867
2011,9,0.392883174603174,0.360985185185186,0.338345882352939,0.244194509803922,0.629840952380953,426.107901062997,-1048.22800163083,6.19342634179165,3.21878610099931
2011,10,0.295466052227344,0.627049462365591,0.292869070208727,0.305177988614801,-0.0105585253456226,-2.51581624342538,-175.742488831264,1.39857706710259,0.430404767263152
2011,11,-0.289038095238098,-0.249597037037038,-0.231592156862746,-0.0747537254901971,0.0153390476190474,-683.517610509635,48.8091900630132,-2.02864909374279,0.255765667050848
2011,12,-0.201477726574499,0.117476702508963,0.206595825426945,0.230562428842504,0.16491612903226,-448.621200752047,-141.207546213501,-6.62403302132542,0.608240911328899
2012,1,-0.209789861751151,-0.05334265232975,-0.204703605313092,-0.229165085388995,0.00715207373271909,-150.955480577786,-273.709326296546,-11.631117286532,-0.146968782993273
2012,2,-0.470321182266009,-0.355496551724137,-0.130479513184586,-0.219286004056798,-0.125591133004928,-60.6963907086602,-314.455932399642,-9.51895944568999,-0.0330627715772292
2012,3,-0.422412903225805,-0.327668100358423,-0.317533206831122,-0.225893738140417,-0.0216718894009205,295.452581194173,-490.575160119975,0.771000741316824,0.530448731529685
2012,4,-0.458558730158728,-0.53057037037037,-0.215745882352941,-0.12452,0.330411428571431,103.370589122399,-598.072821841088,4.02148066371046,2.14636311663186
2012,5,0.121647926267279,0.252438709677421,0.567734345351042,0.835889184060722,1.1108599078341,857.544201669656,-1579.09938253327,10.9246366642667,3.62724916038263
2012,6,0.592814603174602,-0.222213333333332,1.17411058823529,1.51362666666666,1.47462476190476,647.576946719155,-1206.51757104129,10.8322830998686,5.01169456522075
2012,7,0.473505376344086,0.571962007168459,1.01534041745731,1.25939127134725,1.43308202764977,662.520321028731,-1940.76375330038,11.8058266957227,4.77307065526657
2012,8,0.441921351766513,0.627055913978495,0.357661480075901,0.560050853889944,1.05210599078341,660.401542454044,-1030.89570946983,6.25983378365199,1.7015382057477
2012,9,0.121111111111109,0.22722814814815,0.412645490196081,0.31595843137255,0.318374285714288,695.062913151007,-985.551836533172,5.56655491063018,2.53030944689672
2012,10,-0.221442089093703,-0.379234408602148,-0.340937381404174,-0.000225426944972185,0.393702304147464,40.9224777568286,-80.738365466501,-0.00218233222139626,0.0231268477334883
2012,11,-0.087849523809524,-0.258884444444444,-0.314623529411765,-0.321843921568629,0.023259047619046,-18.5925002386101,-113.774145658298,-0.953797785060504,0.490327494005638
2012,12,-0.401045775729649,-0.115479569892472,0.187239468690702,0.109302466793171,0.310142857142857,-435.70428403783,-181.63703357999,-13.5060822558803,-0.197269116389628
2013,1,-0.138862672811058,0.0148831541218613,0.0194049335863369,-0.142096394686906,0.327258986175114,-173.392348929061,-357.130010688428,-12.0785065072596,0.930095514272794
2013,2,-0.131380272108842,0.0428531746031737,-0.0239663865546227,-0.142281512605045,0.0503632653061246,-145.504870804754,-200.471705115382,-7.4447117217655,-0.0132700031501559
2013,3,-0.329093087557602,-0.169666666666668,-0.0728675521821636,-0.019844402277041,0.0141861751152064,379.527583850193,-318.497893726316,-1.53114015376944,0.10343296003215
2013,4,-0.263843174603174,-0.0816770370370357,0.141178039215685,0.102217254901962,0.0689104761904744,1113.00611464195,-890.733119726671,3.55492001632234,1.01733101816195
2013,5,0.161977880184335,0.266902508960573,0.425341176470585,0.435262239089184,0.423259907834101,1722.73110152115,-944.95211489898,12.8698992112433,4.30155814642314
2013,6,0.101662222222224,0.500820740740739,1.11633803921569,1.30401803921569,1.32573619047619,896.565811062993,-1543.26951721348,8.18623448756196,3.04729310270946
2013,7,0.481784946236559,0.50025878136201,0.756578368121442,1.29187779886148,1.81066267281106,760.794395746022,-1730.45063126974,6.28824754241426,0.95215636561983
2013,8,0.833332104454684,1.6395311827957,1.71627779886148,1.67341707779886,2.15475207373272,817.125633075631,-2175.17879804195,10.686610752635,3.95412169012723
2013,9,0.893737142857141,1.03074518518519,0.881884705882353,0.554883921568628,1.07738190476191,577.136683130881,-960.678414625887,10.8270791665934,6.75010566693134
2013,10,0.138930875576037,0.161052329749104,0.279268311195448,0.461338899430739,0.676375115207371,418.071606780711,-688.596456924431,8.23186056142841,4.24985990294307
2013,11,0.0460869841269833,0.0949192592592567,0.28304470588235,0.177778823529412,0.459468571428573,-69.5220659404741,-10.5388239966801,-2.63966025377111,0.12659549992047
2013,12,-0.304887864823346,-0.0943505376344085,0.167726755218215,0.116821252371917,0.253247926267282,-225.929747285828,-186.585453267415,-7.91414581128486,0.378676540505771
2014,1,-0.470205222734254,-0.157481720430106,0.175620493358636,0.0586368121442113,0.0846230414746536,-282.062752351091,-203.825477516013,-20.0981192646517,-0.45228711575898
2014,2,-0.505142176870748,-0.211381746031744,-0.00198991596638365,-0.0423815126050435,0.119034693877552,0.50968118964899,-394.378243360344,-9.61661968911902,0.218167664529289
2014,3,-0.602317050691244,-0.391475985663082,-0.21790056925996,-0.33406072106262,0.0807373271889418,105.003873188285,-358.182951169948,-8.01782806836627,-0.487628247610385
2014,4,-0.512236190476191,-0.30396,-0.357445490196078,-0.291011764705882,0.0347838095238089,458.176905514706,-403.328309679064,2.05168656052108,1.18415678174688
2014,5,-0.0690875576036838,0.167255197132619,0.0920151802656548,0.191660721062618,0.843474654377879,559.146691865261,-534.703578104287,7.47103831078747,3.36356813315128
2014,6,-0.0757403174603191,-0.140156296296293,0.0184376470588248,0.420706666666668,2.15508857142857,1130.47371619005,-1357.44042666997,12.7373618299608,6.09976070778324
2014,7,0.360067588325652,1.05583369175627,1.49769791271347,1.43804554079696,2.16277788018433,995.487933144372,-1878.98600369358,10.7898575904596,2.00445895923524
2014,8,0.710088479262673,0.540094623655914,0.747389753320682,1.19704971537002,0.463198156682026,672.442864141657,-1399.71467491828,10.2678118278445,4.27077765878427
2014,9,0.35427111111111,0.780246666666667,0.566685490196075,0.54865019607843,0.384369523809521,658.563880746521,-1020.2022638847,7.78054730501162,4.31552163931563
2014,10,0.0572743471582164,-0.134280286738353,-0.28212523719165,0.0593882352941186,0.685677419354839,61.6559004222816,-100.38428269564,2.38842508433647,1.03416782910585
2014,11,-0.304201904761904,-0.225045925925926,-0.0425835294117647,0.0285670588235298,0.250921904761903,-194.928503787659,-74.7905323976434,-1.4283415375487,0.674875488337802
2014,12,0.000911213517664322,0.310933333333335,0.507600759013282,0.283110436432636,0.39010414746544,-271.85083444329,-99.5710001946904,-6.43787556188791,0.177426536702363
2015,1,-0.0112147465437786,0.167532616487456,0.275483111954458,0.151742694497152,0.30124331797235,-133.350751965905,-254.26624723794,-11.9022918489487,0.38200223012449
2015,2,-0.164236054421771,-0.0415634920634922,-0.137094957983194,-0.424186554621848,-0.150635714285713,-95.1215274530348,-221.770897146579,-11.3613262627166,0.250674219058523
2015,3,-0.482720737327192,-0.288692473118282,-0.165489184060721,-0.0322922201138525,0.185176958525346,127.800300200537,-258.389117080702,-2.18424504053159,-0.150798277374739
2015,4,0.0375009523809524,-0.282653333333332,-0.142686274509806,0.0171874509803942,0.490412380952382,140.028364561053,-204.9268389508,0.71497323609292,0.352611071292886
2015,5,-0.270633486943165,-0.388015770609318,-0.137206831119546,0.118219354838711,0.323921658986176,347.726438469194,-444.68450956565,9.6242569684481,4.17855651825916
2015,6,0.154045714285715,-0.0293555555555578,-0.0146737254901979,0.0594525490196105,0.508905714285714,424.948507902079,-272.782061320659,6.98126740791368,1.73708809712934
2015,7,0.242452841781873,0.6881541218638,1.09333889943074,1.46344440227704,2.63455668202765,869.344617420285,-1955.31844783482,9.39760187903455,3.012217078225
2015,8,0.426382181259601,0.966569892473117,1.28613358633776,1.27973510436433,1.56676129032258,638.713445572752,-1535.46673809658,11.7847538918221,5.7276041619872
2015,9,0.053814603174601,0.119160740740742,0.0854313725490208,0.0244086274509776,0.675861904761902,392.79376248004,-507.117586002982,9.4586731082033,4.97003913645815
2015,10,-0.153451305683564,-0.234334767025089,-0.114472865275143,0.066816698292218,0.0732949308755764,50.0521425402108,49.8445848407207,0.082137373010408,0.295843870829124
2015,11,-0.323697142857142,-0.145002962962963,-0.0772517647058812,-0.14360392156863,-0.220538095238098,-114.598578250354,-4.91184244804148,-0.127931078260497,0.438792521449973
2015,12,-0.257334562211984,-0.0875096774193551,-0.015666793168883,-0.00821935483871172,0.189007373271888,-386.054644952012,-79.7808179848115,-14.2531040972832,-0.887800609175438
2016,1,0.025947158218127,0.221660931899642,0.126333206831116,0.00617381404174822,0.152096774193549,-261.664674937689,-224.133502473149,-21.1685463080128,-0.763637416244464
2016,2,-0.413577011494255,-0.301915708812263,-0.077820689655173,0.0466726166328613,0.327500492610834,-18.6286878229394,-445.317865141346,-9.44555356314735,0.0915257464779201
2016,3,-0.351943471582182,-0.296389964157708,-0.139781404174574,-0.10390588235294,0.0853990783410126,198.685327402173,-313.411880870955,-1.02002897450068,0.330501405450312
2016,4,-0.439546031746033,-0.255583703703703,-0.0693050980392158,0.15011137254902,0.392965714285715,481.694934069888,-544.685550152849,1.44773892474745,0.661306286119027
2016,5,-0.0897837173579106,-0.0142136200716827,0.0397176470588221,0.0709647058823535,0.193679262672813,519.055014344543,-904.262542449777,7.71125825122486,3.8931729496351
2016,6,-0.553492063492065,-0.109574074074075,0.566086274509804,0.762824313725492,1.54204,634.809595861106,-1695.29666429843,13.1594146831145,8.2359460397924
2016,7,0.500473732718895,1.0048394265233,1.28219506641366,1.3761055028463,2.37622764976959,672.063196548272,-2039.77154371712,11.7381834338056,5.87880713122272
2016,8,0.84700583717358,1.41644444444445,1.48791347248577,1.52759620493359,2.5123465437788,729.65181802838,-2204.73974557128,14.759599007536,6.5378412622398
2016,9,1.47721650793651,2.02187777777778,1.5972431372549,1.32244705882353,2.35387333333333,834.043357242872,-2375.62475747808,14.5550594380067,7.36839340736722
2016,10,0.579396620583719,0.735083154121863,0.850122960151801,1.09825958254269,1.75000829493088,356.786416878466,-684.013866763895,7.82378083901048,4.19230577987149
2016,11,0.151400634920634,0.44985185185185,0.668178823529413,0.555273725490196,0.611781904761905,-36.6085309996557,-116.433779425342,-1.18042474467562,0.507695726173489
2016,12,0.144186175115205,0.31023727598566,0.366969259962048,0.411703225806452,0.489784331797235,-96.8218713645964,-157.474777367455,-1.85554438229133,0.581384056472275
2017,1,NA,NA,NA,NA,NA,-208.776829065514,-200.352358583505,-11.150691608564,0.3110327779045
2017,2,NA,NA,NA,NA,NA,-120.248325612498,-187.790295029418,-12.877259671809,-0.364026957217671
2017,3,NA,NA,NA,NA,NA,227.166863660935,-355.122236125045,0.0819661472418868,0.146985810013333
2017,4,NA,NA,NA,NA,NA,689.418526997644,-882.309137130127,6.12082418178548,2.57739786148283
2017,5,NA,NA,NA,NA,NA,687.186107131818,-735.781337190829,9.1122175354197,3.29146795171128
2017,6,NA,NA,NA,NA,NA,689.587826766282,-1126.19091535783,8.49360478790044,4.08863145183588
2017,7,NA,NA,NA,NA,NA,687.1774885501,-1839.4742266789,9.49363032663683,2.75557237101181
2017,8,NA,NA,NA,NA,NA,747.455692722394,-1879.5525213569,12.5259431385306,5.95801793142114
2017,9,NA,NA,NA,NA,NA,403.73658796996,-573.37389983836,12.6777500302056,6.01356035224574
2017,10,NA,NA,NA,NA,NA,164.415117770577,-198.690895928483,8.43457887629138,4.01013027741977
2017,11,NA,NA,NA,NA,NA,-270.587877905241,-199.329419949131,0.896496650137176,1.01706700369041
2017,12,NA,NA,NA,NA,NA,-929.868258008159,-8.03486766691354,-8.10903909633421,-0.305214570588027
2018,1,NA,NA,NA,NA,NA,-111.688466513628,-194.888736131253,-11.2577526069234,0.0830165694198532
2018,2,NA,NA,NA,NA,NA,-109.97466054616,-188.863410263724,-16.5039656966299,-0.665085085580551
2018,3,NA,NA,NA,NA,NA,149.455831722294,-277.326930966202,-1.64076250968911,-0.375414153713792
2018,4,NA,NA,NA,NA,NA,246.180738724804,-263.599293848298,0.335149056935974,0.353328393180711
2018,5,NA,NA,NA,NA,NA,445.905126336053,-428.684366252028,10.5320590638638,4.60927638759651
2018,6,NA,NA,NA,NA,NA,741.396877700562,-1107.62274167662,13.9773330580839,7.63056666170065
2018,7,NA,NA,NA,NA,NA,842.955085873034,-2143.49650380482,10.8648862295215,3.133773977954
2018,8,NA,NA,NA,NA,NA,942.271070110265,-1934.76369703079,7.90658559363379,1.01978440025119
2018,9,NA,NA,NA,NA,NA,493.414868964029,-908.523405919897,5.9961679336116,2.676797845859
2018,10,NA,NA,NA,NA,NA,45.2513969964027,-49.3101789095188,1.30571099346236,0.626391715742134
2018,11,NA,NA,NA,NA,NA,-176.327896183529,-32.6386814450804,-2.22848916599846,0.0719808400658088
2018,12,NA,NA,NA,NA,NA,-103.162969891201,-207.243953942478,-7.28548467143033,0.137413862431118
2019,1,NA,NA,NA,NA,NA,-205.274918326083,-207.405171614517,-16.0066710371945,-0.421615400925439
2019,2,NA,NA,NA,NA,NA,17.8365839650258,-479.354167187313,-8.56445598455659,0.516368095516411
2019,3,NA,NA,NA,NA,NA,284.185411343242,-454.916745628958,-1.0320280173196,0.108340854704135
2019,4,NA,NA,NA,NA,NA,315.868285373319,-486.983164941652,1.86311197460211,1.24339239771783
2019,5,NA,NA,NA,NA,NA,800.02081636354,-1064.68631823968,7.94779020294301,3.17868671538902
2019,6,NA,NA,NA,NA,NA,561.201235983139,-607.948557762417,10.4174511855947,5.6862990181833
2019,7,NA,NA,NA,NA,NA,645.920101749664,-1051.06321980228,4.5192979198543,0.181710989367207
2019,8,NA,NA,NA,NA,NA,659.390739330511,-897.041255870996,4.79774738855482,1.39229556277705
2019,9,NA,NA,NA,NA,NA,383.150859148379,-497.999699270047,3.88825138150849,1.48851725357344
2019,10,NA,NA,NA,NA,NA,NA,114.903086366458,0.0571643677161888,-0.150670863260548
2019,11,NA,NA,NA,NA,NA,NA,-107.151791786504,-5.40293368408502,-0.355609571941243
2019,12,NA,NA,NA,NA,NA,NA,32.7520554639801,-27.4855153234091,-2.52887663175899
2020,1,NA,NA,NA,NA,NA,NA,-469.249465785715,-18.1865229219087,-0.0126752631859026
2020,2,NA,NA,NA,NA,NA,NA,-248.373716693437,-22.1754807608823,-1.19895090563089
2020,3,NA,NA,NA,NA,NA,NA,-431.921176041161,-1.72952807142142,-0.0194034122050532
2020,4,NA,NA,NA,NA,NA,NA,-253.347127549706,-0.196396915283733,-0.0970682683081627
2020,5,NA,NA,NA,NA,NA,NA,-827.675102767094,10.0146582178046,4.70214165700564
2020,6,NA,NA,NA,NA,NA,NA,-736.486758748608,10.0379251357995,4.98858792884111
2020,7,NA,NA,NA,NA,NA,NA,NA,NA,NA
2020,8,NA,NA,NA,NA,NA,NA,NA,NA,NA
2020,9,NA,NA,NA,NA,NA,NA,NA,NA,NA
2020,10,NA,NA,NA,NA,NA,NA,NA,NA,NA
2020,11,NA,NA,NA,NA,NA,NA,NA,NA,NA
2020,12,NA,NA,NA,NA,NA,NA,NA,NA,NA
