time,latitude,longitude,P_msl,u,v,uv_mag,taux,tauy,curl,ektrx,ektry
UTC,degrees_north,degrees_east,hPa,m s-1,m s-1,m s-1,N m-2,N m-2,MPa m-1,kg m-1 s-1,kg m-1 s-1
2020-11-01T00:00:00Z,7.0,70.0,1010.63947,NaN,NaN,NaN,NaN,NaN,NaN,NaN,NaN
2020-11-01T00:00:00Z,7.0,71.0,1010.63947,NaN,NaN,NaN,NaN,NaN,NaN,NaN,NaN
2020-11-01T00:00:00Z,7.0,72.0,1010.73944,NaN,NaN,NaN,NaN,NaN,NaN,NaN,NaN
2020-11-01T00:00:00Z,7.0,73.0,1010.93945,NaN,NaN,NaN,NaN,NaN,NaN,NaN,NaN
2020-11-01T00:00:00Z,7.0,74.0,1011.0394,NaN,NaN,NaN,NaN,NaN,NaN,NaN,NaN
2020-11-01T00:00:00Z,7.0,75.0,1011.13947,NaN,NaN,NaN,NaN,NaN,NaN,NaN,NaN
2020-11-01T00:00:00Z,7.0,76.0,1011.13947,NaN,NaN,NaN,NaN,NaN,NaN,NaN,NaN
2020-11-01T00:00:00Z,7.0,77.0,1011.23944,NaN,NaN,NaN,NaN,NaN,NaN,NaN,NaN
2020-11-01T00:00:00Z,7.0,78.0,1011.23944,NaN,NaN,NaN,NaN,NaN,NaN,NaN,NaN
2020-11-01T00:00:00Z,8.0,70.0,1010.63947,NaN,NaN,NaN,NaN,NaN,NaN,NaN,NaN
2020-11-01T00:00:00Z,8.0,71.0,1010.63947,NaN,NaN,NaN,NaN,NaN,NaN,NaN,NaN
2020-11-01T00:00:00Z,8.0,72.0,1010.73944,NaN,NaN,NaN,NaN,NaN,NaN,NaN,NaN
2020-11-01T00:00:00Z,8.0,73.0,1010.73944,NaN,NaN,NaN,NaN,NaN,NaN,NaN,NaN
2020-11-01T00:00:00Z,8.0,74.0,1010.8395,NaN,NaN,NaN,NaN,NaN,NaN,NaN,NaN
2020-11-01T00:00:00Z,8.0,75.0,1011.0394,NaN,NaN,NaN,NaN,NaN,NaN,NaN,NaN
2020-11-01T00:00:00Z,8.0,76.0,1011.0394,NaN,NaN,NaN,NaN,NaN,NaN,NaN,NaN
2020-11-01T00:00:00Z,8.0,77.0,1011.13947,NaN,NaN,NaN,NaN,NaN,NaN,NaN,NaN
2020-11-01T00:00:00Z,8.0,78.0,1011.23944,NaN,NaN,NaN,NaN,NaN,NaN,NaN,NaN
2020-11-01T00:00:00Z,9.0,70.0,1010.73944,NaN,NaN,NaN,NaN,NaN,NaN,NaN,NaN
2020-11-01T00:00:00Z,9.0,71.0,1010.73944,NaN,NaN,NaN,NaN,NaN,NaN,NaN,NaN
2020-11-01T00:00:00Z,9.0,72.0,1010.73944,NaN,NaN,NaN,NaN,NaN,NaN,NaN,NaN
2020-11-01T00:00:00Z,9.0,73.0,1010.73944,NaN,NaN,NaN,NaN,NaN,NaN,NaN,NaN
2020-11-01T00:00:00Z,9.0,74.0,1010.8395,NaN,NaN,NaN,NaN,NaN,NaN,NaN,NaN
2020-11-01T00:00:00Z,9.0,75.0,1010.93945,NaN,NaN,NaN,NaN,NaN,NaN,NaN,NaN
2020-11-01T00:00:00Z,9.0,76.0,1010.93945,NaN,NaN,NaN,NaN,NaN,NaN,NaN,NaN
2020-11-01T00:00:00Z,9.0,77.0,1011.0394,NaN,NaN,NaN,NaN,NaN,NaN,NaN,NaN
2020-11-01T00:00:00Z,9.0,78.0,1011.13947,NaN,NaN,NaN,NaN,NaN,NaN,NaN,NaN
2020-11-01T00:00:00Z,10.0,70.0,1010.8395,-2.9602058,-0.7931847,3.0646305,-0.012617251,-0.003380782,NaN,NaN,NaN
2020-11-01T00:00:00Z,10.0,71.0,1010.8395,-1.704997,-1.5307472,2.2913318,-0.0061999895,-0.0055663534,NaN,NaN,NaN
2020-11-01T00:00:00Z,10.0,72.0,1010.73944,-1.9734706,-0.5287898,2.043087,-0.0068056933,-0.0018235799,NaN,NaN,NaN
2020-11-01T00:00:00Z,10.0,73.0,1010.8395,-2.2419443,0.47316748,2.2913318,-0.008152525,0.001720609,NaN,NaN,NaN
2020-11-01T00:00:00Z,10.0,74.0,1010.8395,-1.255209,0.7375624,1.4558667,-0.0037711721,0.0022159456,NaN,NaN,NaN
2020-11-01T00:00:00Z,10.0,75.0,1010.93945,-0.5369473,2.0039146,2.074605,-0.0018645129,0.0069584562,NaN,NaN,NaN
2020-11-01T00:00:00Z,10.0,76.0,1011.0394,-1.255209,0.7375624,1.4558667,-0.0037711721,0.0022159456,NaN,NaN,NaN
2020-11-01T00:00:00Z,10.0,77.0,1011.0394,-0.9867353,-0.2643949,1.0215435,-0.0026404008,-7.074932E-4,NaN,NaN,NaN
2020-11-01T00:00:00Z,10.0,78.0,1011.0394,1.255209,-0.7375624,1.4558667,0.0037711721,-0.0022159456,NaN,NaN,NaN
2020-11-01T00:00:00Z,11.0,70.0,1011.0394,-2.4488537,-1.6366464,2.9454195,-0.010116498,-0.006761176,-0.025858184,-243.62804,364.53162
2020-11-01T00:00:00Z,11.0,71.0,1010.93945,-1.5508627,-1.3960304,2.0866423,-0.0053993845,-0.004860331,0.029732998,-175.13416,194.55807
2020-11-01T00:00:00Z,11.0,72.0,1010.93945,-2.6939733,-0.72184795,2.7890062,-0.010810388,-0.0028966346,-0.0034620466,-104.37554,389.53485
2020-11-01T00:00:00Z,11.0,73.0,1010.93945,-0.89799106,-0.24061598,0.9296688,-0.0022203254,-5.949344E-4,-0.018523611,-21.437498,80.00583
2020-11-01T00:00:00Z,11.0,74.0,1010.93945,-0.89799106,-0.24061598,0.9296688,-0.0022203254,-5.949344E-4,0.02301358,-21.437498,80.00583
2020-11-01T00:00:00Z,11.0,75.0,1010.93945,-1.1431105,0.6741825,1.327111,-0.0033230528,0.0019598666,0.05524599,70.62062,119.74083
2020-11-01T00:00:00Z,11.0,76.0,1011.0394,-1.3882301,1.5889809,2.1099865,-0.0048576863,0.0055601527,0.0021682603,200.3511,175.03886
2020-11-01T00:00:00Z,11.0,77.0,1011.13947,-1.7959821,-0.48123196,1.8593376,-0.005943988,-0.0015926869,-0.046885926,-57.389893,214.18198
2020-11-01T00:00:00Z,11.0,78.0,1011.0394,-0.40775207,-2.0702128,2.1099865,-0.0014268035,-0.007244076,-0.024074608,-261.02856,51.412556
2020-11-01T00:00:00Z,12.0,70.0,1011.13947,-2.2466123,-1.5050035,2.704127,-0.008870978,-0.0059426595,-0.025719339,-196.51956,293.357
2020-11-01T00:00:00Z,12.0,71.0,1011.0394,-2.2466123,-1.5050035,2.704127,-0.008870978,-0.0059426595,0.00570141,-196.51956,293.357
2020-11-01T00:00:00Z,12.0,72.0,1011.0394,-0.59836656,-1.0633572,1.2201521,-0.0016910576,-0.0030051784,-0.030094096,-99.379135,55.922085
2020-11-01T00:00:00Z,12.0,73.0,1010.93945,-0.59836656,-1.0633572,1.2201521,-0.0016910576,-0.0030051784,0.05260772,-99.379135,55.922085
2020-11-01T00:00:00Z,12.0,74.0,1010.93945,-1.8740022,0.40088806,1.9164017,-0.006283092,0.0013440839,0.06786905,44.44791,207.77742
2020-11-01T00:00:00Z,12.0,75.0,1011.0394,-2.0997586,1.2434223,2.4403043,-0.007872092,0.004661647,0.025603423,154.1574,260.32452
2020-11-01T00:00:00Z,12.0,76.0,1011.13947,-2.0997586,1.2434223,2.4403043,-0.007872092,0.004661647,-0.018217681,154.1574,260.32452
2020-11-01T00:00:00Z,12.0,77.0,1011.23944,-1.6482458,-0.44164613,1.7063895,-0.005264354,-0.0014105794,-0.0793948,-46.64687,174.08849
2020-11-01T00:00:00Z,12.0,78.0,1011.13947,-0.1468538,-2.7484257,2.7523463,-5.852235E-4,-0.010952684,-0.076748975,-362.19754,19.352928
2020-11-01T00:00:00Z,13.0,70.0,1011.3395,-2.0756292,-1.3940232,2.5003076,-0.007875835,-0.0052895267,-0.076991655,-161.6712,240.72015
2020-11-01T00:00:00Z,13.0,71.0,1011.23944,-0.89500135,-2.7533946,2.8952045,-0.00366336,-0.011270011,-0.04011507,-344.46112,111.9684
2020-11-01T00:00:00Z,13.0,72.0,1011.0394,-0.34276816,-1.7675644,1.8004928,-0.0011191699,-0.0057712616,0.06660592,-176.39516,34.206757
2020-11-01T00:00:00Z,13.0,73.0,1011.0394,-2.4945593,0.1694448,2.5003076,-0.009465436,6.429468E-4,0.060251813,19.651283,289.3054
2020-11-01T00:00:00Z,13.0,74.0,1011.13947,-2.4945593,0.1694448,2.5003076,-0.009465436,6.429468E-4,-0.0064437194,19.651283,289.3054
2020-11-01T00:00:00Z,13.0,75.0,1011.13947,-1.7328613,0.3735412,1.772665,-0.005621478,0.0012117842,0.019122953,37.037457,171.81711
2020-11-01T00:00:00Z,13.0,76.0,1011.23944,-1.9423262,1.1552752,2.2599318,-0.007016872,0.004173562,-0.014443236,127.562416,214.46649
2020-11-01T00:00:00Z,13.0,77.0,1011.3395,-1.3139312,-1.1899267,1.7726649,-0.0042624506,-0.003860175,-0.09693345,-117.98393,130.27925
2020-11-01T00:00:00Z,13.0,78.0,1011.13947,0.0761618,-3.3310323,3.3319027,3.529346E-4,-0.015436038,-0.03869731,-471.79324,-10.787234
2020-11-01T00:00:00Z,14.0,70.0,1011.43945,-0.31708723,-1.6496739,1.6798716,-0.001006389,-0.005235826,-0.06692208,-148.80376,28.60188
2020-11-01T00:00:00Z,14.0,71.0,1011.23944,-0.121498406,-2.3796213,2.382721,-4.5021117E-4,-0.008817663,0.0065992437,-250.60065,12.795136
2020-11-01T00:00:00Z,14.0,72.0,1011.13947,-1.4165298,-0.379558,1.4664994,-0.0042672395,-0.0011434035,0.05609903,-32.49587,121.27623
2020-11-01T00:00:00Z,14.0,73.0,1011.23944,-2.3203835,0.16061044,2.3259354,-0.008498492,5.8824173E-4,-0.032607146,16.718006,241.5297
2020-11-01T00:00:00Z,14.0,74.0,1011.23944,-1.4165298,-0.379558,1.4664994,-0.0042672395,-0.0011434035,-0.021759013,-32.49587,121.27623
2020-11-01T00:00:00Z,14.0,75.0,1011.23944,-2.3203835,0.16061044,2.3259354,-0.008498492,5.8824173E-4,0.036369536,16.718006,241.5297
2020-11-01T00:00:00Z,14.0,76.0,1011.3395,-2.5159724,0.8905579,2.6689343,-0.009867599,0.0034927523,0.0010292265,99.26507,280.44012
2020-11-01T00:00:00Z,14.0,77.0,1011.43945,-1.220941,-1.1095054,1.6497573,-0.0038472782,-0.0034961365,-0.11307983,-99.36125,109.340805
2020-11-01T00:00:00Z,14.0,78.0,1011.23944,-0.4385857,-4.029295,4.053095,-0.002472327,-0.022713317,-0.05011115,-645.5193,70.26428
2020-11-01T00:00:00Z,15.0,70.0,1011.43945,-0.29473183,-1.5481474,1.5759529,-9.12269E-4,-0.004791905,0.017046483,-127.29632,24.234304
2020-11-01T00:00:00Z,15.0,71.0,1011.3395,-0.29473183,-1.5481474,1.5759529,-9.12269E-4,-0.004791905,0.019184243,-127.29632,24.234304
2020-11-01T00:00:00Z,15.0,72.0,1011.23944,-1.3240508,-0.35477832,1.3707582,-0.0038927644,-0.0010430631,0.025423624,-27.708832,103.41077
2020-11-01T00:00:00Z,15.0,73.0,1011.3395,-0.8456722,0.50799,0.9865167,-0.0022188239,0.0013328338,-0.0095264595,35.40655,58.94276
2020-11-01T00:00:00Z,15.0,74.0,1011.3395,-1.5076976,0.33060083,1.5435183,-0.0046297135,0.0010151817,0.026029773,26.968164,122.98772
2020-11-01T00:00:00Z,15.0,75.0,1011.43945,-2.3533697,0.8385908,2.4983163,-0.008926158,0.0031807134,-3.905627E-4,84.495224,237.1222
2020-11-01T00:00:00Z,15.0,76.0,1011.5394,-2.8317482,-0.024177492,2.8318515,-0.011455024,-9.7803095E-5,-0.05621739,-2.5981262,304.30118
2020-11-01T00:00:00Z,15.0,77.0,1011.5394,-1.6187825,-1.9029257,2.498316,-0.0061399224,-0.007217657,-0.09689122,-191.73608,163.10622
2020-11-01T00:00:00Z,15.0,78.0,1011.3395,-1.0678422,-3.959063,4.1005445,-0.0060899444,-0.022578686,-0.05853472,-599.7998,161.77856
2020-11-01T06:00:00Z,7.0,70.0,1012.8,NaN,NaN,NaN,NaN,NaN,NaN,NaN,NaN
2020-11-01T06:00:00Z,7.0,71.0,1012.8,NaN,NaN,NaN,NaN,NaN,NaN,NaN,NaN
2020-11-01T06:00:00Z,7.0,72.0,1012.8,NaN,NaN,NaN,NaN,NaN,NaN,NaN,NaN
2020-11-01T06:00:00Z,7.0,73.0,1012.7,NaN,NaN,NaN,NaN,NaN,NaN,NaN,NaN
2020-11-01T06:00:00Z,7.0,74.0,1012.7,NaN,NaN,NaN,NaN,NaN,NaN,NaN,NaN
2020-11-01T06:00:00Z,7.0,75.0,1012.6,NaN,NaN,NaN,NaN,NaN,NaN,NaN,NaN
2020-11-01T06:00:00Z,7.0,76.0,1012.5,NaN,NaN,NaN,NaN,NaN,NaN,NaN,NaN
2020-11-01T06:00:00Z,7.0,77.0,1012.4,NaN,NaN,NaN,NaN,NaN,NaN,NaN,NaN
2020-11-01T06:00:00Z,7.0,78.0,1012.2,NaN,NaN,NaN,NaN,NaN,NaN,NaN,NaN
2020-11-01T06:00:00Z,8.0,70.0,1012.7,NaN,NaN,NaN,NaN,NaN,NaN,NaN,NaN
2020-11-01T06:00:00Z,8.0,71.0,1012.7,NaN,NaN,NaN,NaN,NaN,NaN,NaN,NaN
2020-11-01T06:00:00Z,8.0,72.0,1012.6,NaN,NaN,NaN,NaN,NaN,NaN,NaN,NaN
2020-11-01T06:00:00Z,8.0,73.0,1012.6,NaN,NaN,NaN,NaN,NaN,NaN,NaN,NaN
2020-11-01T06:00:00Z,8.0,74.0,1012.6,NaN,NaN,NaN,NaN,NaN,NaN,NaN,NaN
2020-11-01T06:00:00Z,8.0,75.0,1012.6,NaN,NaN,NaN,NaN,NaN,NaN,NaN,NaN
2020-11-01T06:00:00Z,8.0,76.0,1012.4,NaN,NaN,NaN,NaN,NaN,NaN,NaN,NaN
2020-11-01T06:00:00Z,8.0,77.0,1012.3,NaN,NaN,NaN,NaN,NaN,NaN,NaN,NaN
2020-11-01T06:00:00Z,8.0,78.0,1012.0,NaN,NaN,NaN,NaN,NaN,NaN,NaN,NaN
2020-11-01T06:00:00Z,9.0,70.0,1012.7,NaN,NaN,NaN,NaN,NaN,NaN,NaN,NaN
2020-11-01T06:00:00Z,9.0,71.0,1012.6,NaN,NaN,NaN,NaN,NaN,NaN,NaN,NaN
2020-11-01T06:00:00Z,9.0,72.0,1012.6,NaN,NaN,NaN,NaN,NaN,NaN,NaN,NaN
2020-11-01T06:00:00Z,9.0,73.0,1012.6,NaN,NaN,NaN,NaN,NaN,NaN,NaN,NaN
2020-11-01T06:00:00Z,9.0,74.0,1012.6,NaN,NaN,NaN,NaN,NaN,NaN,NaN,NaN
2020-11-01T06:00:00Z,9.0,75.0,1012.6,NaN,NaN,NaN,NaN,NaN,NaN,NaN,NaN
2020-11-01T06:00:00Z,9.0,76.0,1012.3,NaN,NaN,NaN,NaN,NaN,NaN,NaN,NaN
2020-11-01T06:00:00Z,9.0,77.0,1012.1,NaN,NaN,NaN,NaN,NaN,NaN,NaN,NaN
2020-11-01T06:00:00Z,9.0,78.0,1011.8,NaN,NaN,NaN,NaN,NaN,NaN,NaN,NaN
2020-11-01T06:00:00Z,10.0,70.0,1012.7,-0.18131435,-3.270267,3.2752895,-8.2593644E-4,-0.01489696,NaN,NaN,NaN
2020-11-01T06:00:00Z,10.0,71.0,1012.6,-0.7182616,-1.2663522,1.4558666,-0.0021579578,-0.0038046506,NaN,NaN,NaN
2020-11-01T06:00:00Z,10.0,72.0,1012.6,0.26847365,-1.0019573,1.0373025,7.216077E-4,-0.0026930766,NaN,NaN,NaN
2020-11-01T06:00:00Z,10.0,73.0,1012.5,0.9867353,0.2643949,1.0215435,0.0026404008,7.074932E-4,NaN,NaN,NaN
2020-11-01T06:00:00Z,10.0,74.0,1012.6,0.9867353,0.2643949,1.0215435,0.0026404008,7.074932E-4,NaN,NaN,NaN
2020-11-01T06:00:00Z,10.0,75.0,1012.5,3.0473652,-3.4790394,4.6249485,0.019601807,-0.022378499,NaN,NaN,NaN
2020-11-01T06:00:00Z,10.0,76.0,1012.2,3.5843124,-5.482954,6.5505786,0.03265504,-0.0499527,NaN,NaN,NaN
2020-11-01T06:00:00Z,10.0,77.0,1011.9,5.557783,-4.9541645,7.445314,0.05755053,-0.051300094,NaN,NaN,NaN
2020-11-01T06:00:00Z,10.0,78.0,1011.6,4.302574,-4.2166023,6.024274,0.036049377,-0.03532906,NaN,NaN,NaN
2020-11-01T06:00:00Z,11.0,70.0,1012.8,-1.9586148,-3.4662433,3.9813333,-0.0108453175,-0.019193416,0.18067667,-691.6037,390.79346
2020-11-01T06:00:00Z,11.0,71.0,1012.7,-2.2037344,-2.5514448,3.3713968,-0.010333176,-0.01196357,0.115555525,-431.08786,372.33926
2020-11-01T06:00:00Z,11.0,72.0,1012.6,-0.40775207,-2.0702128,2.1099865,-0.0014268035,-0.007244076,0.08381117,-261.02856,51.412556
2020-11-01T06:00:00Z,11.0,73.0,1012.5,-0.65287155,-1.1554145,1.3271111,-0.0018979153,-0.0033588212,0.056291044,-121.02968,68.388306
2020-11-01T06:00:00Z,11.0,74.0,1012.5,1.1431105,-0.6741825,1.327111,0.0033230528,-0.0019598666,-0.055587158,-70.62062,-119.74083
2020-11-01T06:00:00Z,11.0,75.0,1012.4,2.7764602,-3.1779618,4.219973,0.016295431,-0.0186519,-0.23563364,-672.09106,-587.1795
2020-11-01T06:00:00Z,11.0,76.0,1012.1,4.40981,-5.681741,7.1922603,0.044111315,-0.05683444,-0.052703094,-2047.937,-1589.4799
2020-11-01T06:00:00Z,11.0,77.0,1011.7,4.1646905,-4.7669425,6.32996,0.03666472,-0.041966774,0.40317184,-1512.2047,-1321.1538
2020-11-01T06:00:00Z,11.0,78.0,1011.5,2.7764602,-3.1779618,4.219973,0.016295431,-0.0186519,0.28587043,-672.09106,-587.1795
2020-11-01T06:00:00Z,12.0,70.0,1013.0,-3.4433455,-3.6317182,5.0045986,-0.02396705,-0.025278198,0.14901483,-835.9322,792.5735
2020-11-01T06:00:00Z,12.0,71.0,1012.9,-2.6192226,-3.4108949,4.300527,-0.015666025,-0.020401156,0.057560477,-674.65186,518.0644
2020-11-01T06:00:00Z,12.0,72.0,1012.7,-1.7950996,-3.1900718,3.6604564,-0.009138786,-0.016240539,0.113232106,-537.0632,302.21323
2020-11-01T06:00:00Z,12.0,73.0,1012.6,-1.1967331,-2.1267145,2.4403043,-0.004486608,-0.00797315,0.050930817,-263.66647,148.36896
2020-11-01T06:00:00Z,12.0,74.0,1012.5,-0.1468538,-2.7484257,2.7523463,-5.852235E-4,-0.010952684,-0.09693069,-362.19754,19.352928
2020-11-01T06:00:00Z,12.0,75.0,1012.3,2.178661,-4.834382,5.3026233,0.016067384,-0.035653032,-0.09169318,-1179.0206,-531.3371
2020-11-01T06:00:00Z,12.0,76.0,1011.9,2.4044175,-5.676916,6.1651115,0.020616528,-0.048676364,0.27970815,-1609.6931,-681.77405
2020-11-01T06:00:00Z,12.0,77.0,1011.6,1.1287819,-4.2126713,4.361278,0.006846814,-0.025552658,0.34997618,-845.0084,-226.41931
2020-11-01T06:00:00Z,12.0,78.0,1011.4,0.90302545,-3.3701367,3.4890223,0.0043819603,-0.016353697,0.20220259,-540.80524,-144.90834
2020-11-01T06:00:00Z,13.0,70.0,1013.3,-3.7323287,-4.3515143,5.7328835,-0.029758958,-0.03469591,0.022366457,-1060.4596,909.5647
2020-11-01T06:00:00Z,13.0,71.0,1013.1,-2.2089326,-3.9433215,4.5198636,-0.013885852,-0.024788612,0.030791488,-757.64905,424.41275
2020-11-01T06:00:00Z,13.0,72.0,1012.9,-2.2089326,-3.9433215,4.5198636,-0.013885852,-0.024788612,0.06301394,-757.64905,424.41275
2020-11-01T06:00:00Z,13.0,73.0,1012.7,-1.6566994,-2.957491,3.3898976,-0.0078107906,-0.013943594,0.06657777,-426.17758,238.73213
2020-11-01T06:00:00Z,13.0,74.0,1012.6,-0.6855363,-3.5351288,3.6009855,-0.003433338,-0.017704813,-0.074025385,-541.13696,104.93791
2020-11-01T06:00:00Z,13.0,75.0,1012.3,-0.26660645,-5.098596,5.1055617,-0.0018931233,-0.03620419,0.025627572,-1106.5593,57.86218
2020-11-01T06:00:00Z,13.0,76.0,1012.0,-1.0283045,-5.3026924,5.4014773,-0.0077250088,-0.039835814,0.21025501,-1217.5577,236.11026
2020-11-01T06:00:00Z,13.0,77.0,1011.7,-1.2377694,-4.520959,4.6873384,-0.008069205,-0.029472813,0.20293498,-900.81885,246.63042
2020-11-01T06:00:00Z,13.0,78.0,1011.5,-1.4472344,-3.7392251,4.0095253,-0.008070427,-0.020851595,0.16896783,-637.3165,246.66776
2020-11-01T06:00:00Z,14.0,70.0,1013.6,-2.5633802,-4.598632,5.2648206,-0.018769873,-0.033672623,-0.15525427,-956.9861,533.44543
2020-11-01T06:00:00Z,14.0,71.0,1013.3,-1.8551154,-4.408853,4.7832456,-0.012341226,-0.029330065,0.02113634,-833.5693,350.74136
2020-11-01T06:00:00Z,14.0,72.0,1013.1,-2.0507042,-3.6789057,4.2118564,-0.012012718,-0.021550478,0.0010446043,-612.47107,341.40506
2020-11-01T06:00:00Z,14.0,73.0,1012.9,-2.0507042,-3.6789057,4.2118564,-0.012012718,-0.021550478,0.027916642,-612.47107,341.40506
2020-11-01T06:00:00Z,14.0,74.0,1012.7,-1.3424394,-3.4891267,3.7384686,-0.0069799633,-0.018141583,-0.0042717615,-515.58923,198.37265
2020-11-01T06:00:00Z,14.0,75.0,1012.5,-1.8551154,-4.408853,4.7832456,-0.012341226,-0.029330065,-0.07753144,-833.5693,350.74136
2020-11-01T06:00:00Z,14.0,76.0,1012.2,-2.3677914,-5.3285794,5.8309684,-0.019202106,-0.04321324,0.048901077,-1228.1333,545.7296
2020-11-01T06:00:00Z,14.0,77.0,1011.9,-2.5633802,-4.598632,5.2648206,-0.018769873,-0.033672623,0.1704717,-956.9861,533.44543
2020-11-01T06:00:00Z,14.0,78.0,1011.7,-2.0507042,-3.6789057,4.2118564,-0.012012718,-0.021550478,0.12316603,-612.47107,341.40506
2020-11-01T06:00:00Z,15.0,70.0,1013.8,-1.0678422,-3.959063,4.1005445,-0.0060899444,-0.022578686,-0.14491996,-599.7998,161.77856
2020-11-01T06:00:00Z,15.0,71.0,1013.5,-1.0678422,-3.959063,4.1005445,-0.0060899444,-0.022578686,-0.016227404,-599.7998,161.77856
2020-11-01T06:00:00Z,15.0,72.0,1013.3,-1.2514889,-3.273684,3.5047443,-0.006100256,-0.015957242,-0.025034377,-423.902,162.05249
2020-11-01T06:00:00Z,15.0,73.0,1013.1,-1.9135144,-3.4510732,3.9460669,-0.01050173,-0.018940147,-0.043675732,-503.14246,278.97705
2020-11-01T06:00:00Z,15.0,74.0,1012.9,-1.9135144,-3.4510732,3.9460669,-0.01050173,-0.018940147,0.010282999,-503.14246,278.97705
2020-11-01T06:00:00Z,15.0,75.0,1012.7,-1.9135144,-3.4510732,3.9460669,-0.01050173,-0.018940147,-0.03790371,-503.14246,278.97705
2020-11-01T06:00:00Z,15.0,76.0,1012.5,-3.0539184,-4.4912305,5.4311666,-0.023068285,-0.03392526,-0.10738925,-901.22003,612.8059
2020-11-01T06:00:00Z,15.0,77.0,1012.2,-2.8702714,-5.17661,5.9191008,-0.023628896,-0.04261533,0.029522283,-1132.0706,627.6985
2020-11-01T06:00:00Z,15.0,78.0,1011.9,-2.3918931,-4.3138413,4.9325833,-0.016408956,-0.029593974,0.15003808,-786.16,435.9017
2020-11-01T12:00:00Z,7.0,70.0,1009.7477,NaN,NaN,NaN,NaN,NaN,NaN,NaN,NaN
2020-11-01T12:00:00Z,7.0,71.0,1009.54767,NaN,NaN,NaN,NaN,NaN,NaN,NaN,NaN
2020-11-01T12:00:00Z,7.0,72.0,1009.44763,NaN,NaN,NaN,NaN,NaN,NaN,NaN,NaN
2020-11-01T12:00:00Z,7.0,73.0,1009.34766,NaN,NaN,NaN,NaN,NaN,NaN,NaN,NaN
2020-11-01T12:00:00Z,7.0,74.0,1009.2477,NaN,NaN,NaN,NaN,NaN,NaN,NaN,NaN
2020-11-01T12:00:00Z,7.0,75.0,1009.04767,NaN,NaN,NaN,NaN,NaN,NaN,NaN,NaN
2020-11-01T12:00:00Z,7.0,76.0,1008.94763,NaN,NaN,NaN,NaN,NaN,NaN,NaN,NaN
2020-11-01T12:00:00Z,7.0,77.0,1008.84766,NaN,NaN,NaN,NaN,NaN,NaN,NaN,NaN
2020-11-01T12:00:00Z,7.0,78.0,1008.7477,NaN,NaN,NaN,NaN,NaN,NaN,NaN,NaN
2020-11-01T12:00:00Z,8.0,70.0,1009.54767,NaN,NaN,NaN,NaN,NaN,NaN,NaN,NaN
2020-11-01T12:00:00Z,8.0,71.0,1009.34766,NaN,NaN,NaN,NaN,NaN,NaN,NaN,NaN
2020-11-01T12:00:00Z,8.0,72.0,1009.2477,NaN,NaN,NaN,NaN,NaN,NaN,NaN,NaN
2020-11-01T12:00:00Z,8.0,73.0,1009.14764,NaN,NaN,NaN,NaN,NaN,NaN,NaN,NaN
2020-11-01T12:00:00Z,8.0,74.0,1009.04767,NaN,NaN,NaN,NaN,NaN,NaN,NaN,NaN
2020-11-01T12:00:00Z,8.0,75.0,1009.04767,NaN,NaN,NaN,NaN,NaN,NaN,NaN,NaN
2020-11-01T12:00:00Z,8.0,76.0,1008.7477,NaN,NaN,NaN,NaN,NaN,NaN,NaN,NaN
2020-11-01T12:00:00Z,8.0,77.0,1008.64764,NaN,NaN,NaN,NaN,NaN,NaN,NaN,NaN
2020-11-01T12:00:00Z,8.0,78.0,1008.64764,NaN,NaN,NaN,NaN,NaN,NaN,NaN,NaN
2020-11-01T12:00:00Z,9.0,70.0,1009.34766,NaN,NaN,NaN,NaN,NaN,NaN,NaN,NaN
2020-11-01T12:00:00Z,9.0,71.0,1009.14764,NaN,NaN,NaN,NaN,NaN,NaN,NaN,NaN
2020-11-01T12:00:00Z,9.0,72.0,1009.04767,NaN,NaN,NaN,NaN,NaN,NaN,NaN,NaN
2020-11-01T12:00:00Z,9.0,73.0,1008.94763,NaN,NaN,NaN,NaN,NaN,NaN,NaN,NaN
2020-11-01T12:00:00Z,9.0,74.0,1009.04767,NaN,NaN,NaN,NaN,NaN,NaN,NaN,NaN
2020-11-01T12:00:00Z,9.0,75.0,1008.94763,NaN,NaN,NaN,NaN,NaN,NaN,NaN,NaN
2020-11-01T12:00:00Z,9.0,76.0,1008.64764,NaN,NaN,NaN,NaN,NaN,NaN,NaN,NaN
2020-11-01T12:00:00Z,9.0,77.0,1008.44763,NaN,NaN,NaN,NaN,NaN,NaN,NaN,NaN
2020-11-01T12:00:00Z,9.0,78.0,1008.44763,NaN,NaN,NaN,NaN,NaN,NaN,NaN,NaN
2020-11-01T12:00:00Z,10.0,70.0,1009.34766,1.0738946,-4.007829,4.14921,0.006197147,-0.023128068,NaN,NaN,NaN
2020-11-01T12:00:00Z,10.0,71.0,1009.14764,2.0606298,-3.7434342,4.273113,0.012246418,-0.022247402,NaN,NaN,NaN
2020-11-01T12:00:00Z,10.0,72.0,1008.94763,1.5236826,-1.7395197,2.3124743,0.005565031,-0.006353345,NaN,NaN,NaN
2020-11-01T12:00:00Z,10.0,73.0,1008.94763,-0.0,0.0,0.0,-0.0,0.0,NaN,NaN,NaN
2020-11-01T12:00:00Z,10.0,74.0,1008.94763,-0.0,0.0,0.0,-0.0,0.0,NaN,NaN,NaN
2020-11-01T12:00:00Z,10.0,75.0,1008.94763,1.0738946,-4.007829,4.14921,0.006197147,-0.023128068,NaN,NaN,NaN
2020-11-01T12:00:00Z,10.0,76.0,1008.54767,1.6108419,-6.011744,6.2238154,0.013943582,-0.05203816,NaN,NaN,NaN
2020-11-01T12:00:00Z,10.0,77.0,1008.34766,1.7921562,-2.741477,3.2752893,0.00816376,-0.012488175,NaN,NaN,NaN
2020-11-01T12:00:00Z,10.0,78.0,1008.2477,2.510418,-1.4751248,2.9117334,0.010306861,-0.0060563246,NaN,NaN,NaN
2020-11-01T12:00:00Z,11.0,70.0,1009.34766,0.32760644,-4.814608,4.8257413,0.002198777,-0.032313924,0.14422111,-1164.3799,-79.22937
2020-11-01T12:00:00Z,11.0,71.0,1009.04767,0.980478,-3.6591938,3.7882762,0.0051658787,-0.019279322,0.23032856,-694.69916,-186.14407
2020-11-01T12:00:00Z,11.0,72.0,1008.94763,-0.65287155,-1.1554145,1.3271111,-0.0018979153,-0.0033588212,0.14416465,-121.02968,68.388306
2020-11-01T12:00:00Z,11.0,73.0,1008.94763,-0.2451195,0.91479844,0.94706905,-6.1741314E-4,0.002304217,0.021083882,83.02873,22.247482
2020-11-01T12:00:00Z,11.0,74.0,1009.04767,-0.89799106,-0.24061598,0.9296688,-0.0022203254,-5.949344E-4,-0.09893589,-21.437498,80.00583
2020-11-01T12:00:00Z,11.0,75.0,1008.94763,0.980478,-3.6591938,3.7882762,0.0051658787,-0.019279322,-0.20877753,-694.69916,-186.14407
2020-11-01T12:00:00Z,11.0,76.0,1008.64764,-0.32526505,-5.9700227,5.9788766,-0.0027047163,-0.049643263,0.045662515,-1788.8146,97.460075
2020-11-01T12:00:00Z,11.0,77.0,1008.34766,0.08248693,-3.8998098,3.9006822,4.474973E-4,-0.021156738,0.24919927,-762.34875,-16.12484
2020-11-01T12:00:00Z,11.0,78.0,1008.2477,-0.40775207,-2.0702128,2.1099865,-0.0014268035,-0.007244076,0.16081768,-261.02856,51.412556
2020-11-01T12:00:00Z,12.0,70.0,1009.44763,-1.1178305,-5.7176747,5.8259206,-0.009057435,-0.046328552,0.17868935,-1532.0526,299.523
2020-11-01T12:00:00Z,12.0,71.0,1009.14764,-1.5693433,-4.032606,4.3272104,-0.0094447555,-0.02426937,0.29731286,-802.571,312.33142
2020-11-01T12:00:00Z,12.0,72.0,1009.04767,-1.1967331,-2.1267145,2.4403043,-0.004486608,-0.00797315,0.13594384,-263.66647,148.36896
2020-11-01T12:00:00Z,12.0,73.0,1008.94763,-0.8241229,-0.22082306,0.8531948,-0.0018700642,-5.010822E-4,0.05307916,-16.570436,61.841705
2020-11-01T12:00:00Z,12.0,74.0,1009.04767,-0.0,0.0,0.0,-0.0,0.0,-0.05485792,0.0,0.0
2020-11-01T12:00:00Z,12.0,75.0,1008.94763,0.6772691,-2.5276027,2.616767,0.002629513,-0.009813475,-0.11338264,-324.52472,-86.95614
2020-11-01T12:00:00Z,12.0,76.0,1008.7477,0.304659,-4.4334946,4.44395,0.0018829897,-0.027401863,-0.07872036,-906.1603,-62.269142
2020-11-01T12:00:00Z,12.0,77.0,1008.44763,-0.74522036,-3.8117828,3.8839467,-0.004025527,-0.020590464,0.10787265,-680.9121,133.12134
2020-11-01T12:00:00Z,12.0,78.0,1008.34766,-1.1967331,-2.1267145,2.4403043,-0.004486608,-0.00797315,0.09976412,-263.66647,148.36896
2020-11-01T12:00:00Z,13.0,70.0,1009.64764,-2.5517006,-5.7108855,6.255029,-0.022198508,-0.04968182,0.20348255,-1518.495,678.4841
2020-11-01T12:00:00Z,13.0,71.0,1009.34766,-2.7611656,-4.9291515,5.6498294,-0.021696642,-0.038732205,0.24416016,-1183.8267,663.14484
2020-11-01T12:00:00Z,13.0,72.0,1009.14764,-1.6566994,-2.957491,3.3898976,-0.0078107906,-0.013943594,0.22530855,-426.17758,238.73213
2020-11-01T12:00:00Z,13.0,73.0,1009.04767,-1.3139312,-1.1899267,1.7726649,-0.0042624506,-0.003860175,0.07861124,-117.98393,130.27925
2020-11-01T12:00:00Z,13.0,74.0,1009.04767,0.20946498,-0.781734,0.80931056,4.5086135E-4,-0.0016826375,-0.01814667,-51.428806,-13.780307
2020-11-01T12:00:00Z,13.0,75.0,1008.94763,0.6283949,-2.3452017,2.4279315,0.0023500007,-0.008770322,-0.054965053,-268.05963,-71.82636
2020-11-01T12:00:00Z,13.0,76.0,1008.7477,0.8378599,-3.126936,3.2372422,0.0037723444,-0.014078582,-0.0010449952,-430.3034,-115.299446
2020-11-01T12:00:00Z,13.0,77.0,1008.54767,-0.89500135,-2.7533946,2.8952045,-0.00366336,-0.011270011,0.044602174,-344.46112,111.9684
2020-11-01T12:00:00Z,13.0,78.0,1008.44763,-1.1044663,-1.9716607,2.2599318,-0.003990009,-0.007122847,0.08367469,-217.70554,121.95223
2020-11-01T12:00:00Z,14.0,70.0,1009.94763,-3.5887325,-6.438085,7.370749,-0.03678895,-0.065998346,0.07210712,-1875.6929,1045.5531
2020-11-01T12:00:00Z,14.0,71.0,1009.64764,-3.0760565,-5.518358,6.317785,-0.027028618,-0.048488576,0.16069664,-1378.0599,768.16144
2020-11-01T12:00:00Z,14.0,72.0,1009.34766,-2.5633802,-4.598632,5.2648206,-0.018769873,-0.033672623,0.20902573,-956.9861,533.44543
2020-11-01T12:00:00Z,14.0,73.0,1009.14764,-1.5380282,-2.759179,3.1588924,-0.0067571546,-0.012122144,0.16123109,-344.51498,192.04036
2020-11-01T12:00:00Z,14.0,74.0,1009.04767,-0.31708723,-1.6496739,1.6798716,-0.001006389,-0.005235826,0.03312933,-148.80376,28.60188
2020-11-01T12:00:00Z,14.0,75.0,1008.94763,0.5867665,-2.1898422,2.2670915,0.0021229377,-0.007922911,-0.004239424,-225.17151,-60.334526
2020-11-01T12:00:00Z,14.0,76.0,1008.7477,-0.121498406,-2.3796213,2.382721,-4.5021117E-4,-0.008817663,0.03256573,-250.60065,12.795136
2020-11-01T12:00:00Z,14.0,77.0,1008.64764,-1.7336171,-2.029232,2.6689343,-0.006799215,-0.007958612,0.040804375,-226.18616,193.23573
2020-11-01T12:00:00Z,14.0,78.0,1008.54767,-2.8330595,-0.759116,2.932999,-0.011677079,-0.003128864,0.10301174,-88.923256,331.8661
2020-11-01T12:00:00Z,15.0,70.0,1010.34766,-3.3486502,-6.039378,6.9056168,-0.03216155,-0.058004193,-0.14449568,-1540.8737,854.36725
2020-11-01T12:00:00Z,15.0,71.0,1009.94763,-2.6866248,-5.861989,6.448323,-0.024094533,-0.05257224,0.03890291,-1396.5745,640.06805
2020-11-01T12:00:00Z,15.0,72.0,1009.64764,-2.2082462,-4.999221,5.465214,-0.016784925,-0.037999175,0.08290099,-1009.443,445.88928
2020-11-01T12:00:00Z,15.0,73.0,1009.34766,-1.7298677,-4.136452,4.483601,-0.010787097,-0.02579406,0.12658043,-685.21576,286.55777
2020-11-01T12:00:00Z,15.0,74.0,1009.14764,-0.58946365,-3.0962949,3.1519058,-0.0025840146,-0.013573137,0.10237542,-360.56857,68.644
2020-11-01T12:00:00Z,15.0,75.0,1008.94763,-0.111085,-2.2335267,2.2362876,-3.993204E-4,-0.008028922,0.08217484,-213.28723,10.607893
2020-11-01T12:00:00Z,15.0,76.0,1008.84766,-1.140404,-1.0401574,1.5435183,-0.0035018583,-0.0031940294,0.05305393,-84.84896,93.0264
2020-11-01T12:00:00Z,15.0,77.0,1008.84766,-1.9860761,-0.5321675,2.0561373,-0.00686877,-0.0018404813,0.011449514,-48.89214,182.46796
2020-11-01T12:00:00Z,15.0,78.0,1008.84766,-3.310127,-0.8869459,3.4268956,-0.015776485,-0.0042272964,0.023069749,-112.29756,419.10022
2020-11-01T18:00:00Z,7.0,70.0,1012.40704,NaN,NaN,NaN,NaN,NaN,NaN,NaN,NaN
2020-11-01T18:00:00Z,7.0,71.0,1012.20703,NaN,NaN,NaN,NaN,NaN,NaN,NaN,NaN
2020-11-01T18:00:00Z,7.0,72.0,1012.20703,NaN,NaN,NaN,NaN,NaN,NaN,NaN,NaN
2020-11-01T18:00:00Z,7.0,73.0,1012.20703,NaN,NaN,NaN,NaN,NaN,NaN,NaN,NaN
2020-11-01T18:00:00Z,7.0,74.0,1012.20703,NaN,NaN,NaN,NaN,NaN,NaN,NaN,NaN
2020-11-01T18:00:00Z,7.0,75.0,1012.20703,NaN,NaN,NaN,NaN,NaN,NaN,NaN,NaN
2020-11-01T18:00:00Z,7.0,76.0,1012.20703,NaN,NaN,NaN,NaN,NaN,NaN,NaN,NaN
2020-11-01T18:00:00Z,7.0,77.0,1012.10706,NaN,NaN,NaN,NaN,NaN,NaN,NaN,NaN
2020-11-01T18:00:00Z,7.0,78.0,1012.20703,NaN,NaN,NaN,NaN,NaN,NaN,NaN,NaN
2020-11-01T18:00:00Z,8.0,70.0,1012.307,NaN,NaN,NaN,NaN,NaN,NaN,NaN,NaN
2020-11-01T18:00:00Z,8.0,71.0,1012.20703,NaN,NaN,NaN,NaN,NaN,NaN,NaN,NaN
2020-11-01T18:00:00Z,8.0,72.0,1012.10706,NaN,NaN,NaN,NaN,NaN,NaN,NaN,NaN
2020-11-01T18:00:00Z,8.0,73.0,1012.10706,NaN,NaN,NaN,NaN,NaN,NaN,NaN,NaN
2020-11-01T18:00:00Z,8.0,74.0,1012.10706,NaN,NaN,NaN,NaN,NaN,NaN,NaN,NaN
2020-11-01T18:00:00Z,8.0,75.0,1012.20703,NaN,NaN,NaN,NaN,NaN,NaN,NaN,NaN
2020-11-01T18:00:00Z,8.0,76.0,1012.10706,NaN,NaN,NaN,NaN,NaN,NaN,NaN,NaN
2020-11-01T18:00:00Z,8.0,77.0,1012.007,NaN,NaN,NaN,NaN,NaN,NaN,NaN,NaN
2020-11-01T18:00:00Z,8.0,78.0,1012.10706,NaN,NaN,NaN,NaN,NaN,NaN,NaN,NaN
2020-11-01T18:00:00Z,9.0,70.0,1012.20703,NaN,NaN,NaN,NaN,NaN,NaN,NaN,NaN
2020-11-01T18:00:00Z,9.0,71.0,1012.10706,NaN,NaN,NaN,NaN,NaN,NaN,NaN,NaN
2020-11-01T18:00:00Z,9.0,72.0,1012.007,NaN,NaN,NaN,NaN,NaN,NaN,NaN,NaN
2020-11-01T18:00:00Z,9.0,73.0,1012.007,NaN,NaN,NaN,NaN,NaN,NaN,NaN,NaN
2020-11-01T18:00:00Z,9.0,74.0,1012.10706,NaN,NaN,NaN,NaN,NaN,NaN,NaN,NaN
2020-11-01T18:00:00Z,9.0,75.0,1012.10706,NaN,NaN,NaN,NaN,NaN,NaN,NaN,NaN
2020-11-01T18:00:00Z,9.0,76.0,1012.007,NaN,NaN,NaN,NaN,NaN,NaN,NaN,NaN
2020-11-01T18:00:00Z,9.0,77.0,1011.90704,NaN,NaN,NaN,NaN,NaN,NaN,NaN,NaN
2020-11-01T18:00:00Z,9.0,78.0,1012.007,NaN,NaN,NaN,NaN,NaN,NaN,NaN,NaN
2020-11-01T18:00:00Z,10.0,70.0,1012.10706,1.7921562,-2.741477,3.2752893,0.00816376,-0.012488175,NaN,NaN,NaN
2020-11-01T18:00:00Z,10.0,71.0,1012.007,2.510418,-1.4751248,2.9117334,0.010306861,-0.0060563246,NaN,NaN,NaN
2020-11-01T18:00:00Z,10.0,72.0,1011.90704,0.9867353,0.2643949,1.0215435,0.0026404008,7.074932E-4,NaN,NaN,NaN
2020-11-01T18:00:00Z,10.0,73.0,1012.007,0.44978797,2.2683096,2.3124743,0.0016427857,0.008284674,NaN,NaN,NaN
2020-11-01T18:00:00Z,10.0,74.0,1012.10706,0.7182616,1.2663522,1.4558666,0.0021579578,0.0038046506,NaN,NaN,NaN
2020-11-01T18:00:00Z,10.0,75.0,1012.10706,1.5236826,-1.7395197,2.3124743,0.005565031,-0.006353345,NaN,NaN,NaN
2020-11-01T18:00:00Z,10.0,76.0,1011.90704,1.5236826,-1.7395197,2.3124743,0.005565031,-0.006353345,NaN,NaN,NaN
2020-11-01T18:00:00Z,10.0,77.0,1011.90704,0.9867353,0.2643949,1.0215435,0.0026404008,7.074932E-4,NaN,NaN,NaN
2020-11-01T18:00:00Z,10.0,78.0,1011.90704,2.2419443,-0.47316748,2.2913318,0.008152525,-0.001720609,NaN,NaN,NaN
2020-11-01T18:00:00Z,11.0,70.0,1012.10706,0.980478,-3.6591938,3.7882762,0.0051658787,-0.019279322,0.097847134,-694.69916,-186.14407
2020-11-01T18:00:00Z,11.0,71.0,1011.90704,1.3882301,-1.5889809,2.1099865,0.0048576863,-0.0055601527,0.14011124,-200.3511,-175.03886
2020-11-01T18:00:00Z,11.0,72.0,1011.90704,0.89799106,0.24061598,0.9296688,0.0022203254,5.949344E-4,0.04629605,21.437498,-80.00583
2020-11-01T18:00:00Z,11.0,73.0,1011.90704,1.5508627,1.3960304,2.0866423,0.0053993845,0.004860331,0.019334767,175.13416,-194.55807
2020-11-01T18:00:00Z,11.0,74.0,1012.007,1.5508627,1.3960304,2.0866423,0.0053993845,0.004860331,-0.03991053,175.13416,-194.55807
2020-11-01T18:00:00Z,11.0,75.0,1012.007,2.9390929,-0.19295049,2.9454195,0.012141733,-7.9710083E-4,-0.07066374,-28.722239,-437.5077
2020-11-01T18:00:00Z,11.0,76.0,1011.90704,1.3882301,-1.5889809,2.1099865,0.0048576863,-0.0055601527,-0.02616316,-200.3511,-175.03886
2020-11-01T18:00:00Z,11.0,77.0,1011.807,2.0411017,-0.43356648,2.0866423,0.00710617,-0.0015094775,0.0021769234,-54.39158,-256.05933
2020-11-01T18:00:00Z,11.0,78.0,1011.807,2.0411017,-0.43356648,2.0866423,0.00710617,-0.0015094775,0.008411776,-54.39158,-256.05933
2020-11-01T18:00:00Z,12.0,70.0,1012.10706,0.07890254,-3.5909598,3.5918264,3.9415865E-4,-0.017938685,0.11436231,-593.21967,-13.034549
2020-11-01T18:00:00Z,12.0,71.0,1011.90704,-0.1468538,-2.7484257,2.7523463,-5.852235E-4,-0.010952684,0.111744896,-362.19754,19.352928
2020-11-01T18:00:00Z,12.0,72.0,1011.807,1.0498793,-0.62171113,1.2201521,0.0029670883,-0.0017570321,0.079234995,-58.103817,-98.11952
2020-11-01T18:00:00Z,12.0,73.0,1011.807,0.59836656,1.0633572,1.2201521,0.0016910576,0.0030051784,0.03886682,99.379135,-55.922085
2020-11-01T18:00:00Z,12.0,74.0,1011.90704,1.6482458,0.44164613,1.7063895,0.005264354,0.0014105794,-0.0048515005,46.64687,-174.08849
2020-11-01T18:00:00Z,12.0,75.0,1011.807,2.6981251,-0.18006498,2.704127,0.010653822,-7.110049E-4,0.027528314,-23.51243,-352.3144
2020-11-01T18:00:00Z,12.0,76.0,1011.807,2.6981251,-0.18006498,2.704127,0.010653822,-7.110049E-4,-0.006349055,-23.51243,-352.3144
2020-11-01T18:00:00Z,12.0,77.0,1011.70703,1.8740022,-0.40088806,1.9164017,0.006283092,-0.0013440839,0.021874806,-44.44791,-207.77742
2020-11-01T18:00:00Z,12.0,78.0,1011.70703,1.8740022,-0.40088806,1.9164017,0.006283092,-0.0013440839,0.019923475,-44.44791,-207.77742
2020-11-01T18:00:00Z,13.0,70.0,1012.20703,-0.6855363,-3.5351288,3.6009855,-0.003433338,-0.017704813,0.0874977,-541.13696,104.93791
2020-11-01T18:00:00Z,13.0,71.0,1012.007,-0.6855363,-3.5351288,3.6009855,-0.003433338,-0.017704813,0.065809734,-541.13696,104.93791
2020-11-01T18:00:00Z,13.0,72.0,1011.807,-0.34276816,-1.7675644,1.8004928,-0.0011191699,-0.0057712616,0.10984279,-176.39516,34.206757
2020-11-01T18:00:00Z,13.0,73.0,1011.807,-0.0,0.0,0.0,-0.0,0.0,0.03313177,0.0,0.0
2020-11-01T18:00:00Z,13.0,74.0,1011.807,0.9711631,-0.5776376,1.1299659,0.002678377,-0.0015930706,0.0014220004,-48.691246,-81.86299
2020-11-01T18:00:00Z,13.0,75.0,1011.70703,1.1806281,-1.3593715,1.8004926,0.0038548599,-0.004438474,0.044336963,-135.65929,-117.82148
2020-11-01T18:00:00Z,13.0,76.0,1011.60706,1.7328613,-0.3735412,1.772665,0.005621478,-0.0012117842,0.07663969,-37.037457,-171.81711
2020-11-01T18:00:00Z,13.0,77.0,1011.60706,0.7616981,0.20409639,0.78856796,0.0015974907,4.2804636E-4,0.032725878,13.08298,-48.826347
2020-11-01T18:00:00Z,13.0,78.0,1011.60706,0.9711631,-0.5776376,1.1299659,0.002678377,-0.0015930706,0.017169306,-48.691246,-81.86299
2020-11-01T18:00:00Z,14.0,70.0,1012.307,-1.1468506,-4.2190742,4.372168,-0.006973783,-0.025655398,0.09806992,-729.13416,198.197
2020-11-01T18:00:00Z,14.0,71.0,1012.10706,-0.63417447,-3.2993479,3.359743,-0.0029633266,-0.015416966,0.0839157,-438.15482,84.218636
2020-11-01T18:00:00Z,14.0,72.0,1011.90704,-0.8297633,-2.5694003,2.7000601,-0.0032738522,-0.010137634,0.08169032,-288.11462,93.04386
2020-11-01T18:00:00Z,14.0,73.0,1011.807,-0.51267606,-0.91972643,1.0529641,-0.0013840523,-0.002482951,0.054827,-70.56621,39.335182
2020-11-01T18:00:00Z,14.0,74.0,1011.807,0.19558883,-0.72994745,0.7556972,3.9310465E-4,-0.0014670867,0.00704646,-41.695045,-11.1721525
2020-11-01T18:00:00Z,14.0,75.0,1011.70703,0.39117765,-1.4598949,1.5113944,0.001191691,-0.0044474513,0.018282209,-126.3979,-33.868217
2020-11-01T18:00:00Z,14.0,76.0,1011.60706,-0.51267606,-0.91972643,1.0529641,-0.0013840523,-0.002482951,0.06171895,-70.56621,39.335182
2020-11-01T18:00:00Z,14.0,77.0,1011.60706,-0.7082649,-0.189779,0.7332497,-0.0013812236,-3.7009772E-4,0.027656194,-10.518289,39.254787
2020-11-01T18:00:00Z,14.0,78.0,1011.60706,0.19558883,-0.72994745,0.7556972,3.9310465E-4,-0.0014670867,0.021582851,-41.695045,-11.1721525
2020-11-01T18:00:00Z,15.0,70.0,1012.507,-1.5462208,-4.8218317,5.0636806,-0.010889364,-0.033958077,0.026798546,-902.0918,289.2745
2020-11-01T18:00:00Z,15.0,71.0,1012.20703,-1.0678422,-3.959063,4.1005445,-0.0060899444,-0.022578686,0.1377316,-599.7998,161.77856
2020-11-01T18:00:00Z,15.0,72.0,1012.007,-1.4351357,-2.588305,2.9595504,-0.005944052,-0.010720253,0.08736364,-284.78207,157.90294
2020-11-01T18:00:00Z,15.0,73.0,1011.90704,-0.9567572,-1.7255366,1.9730334,-0.0032487675,-0.0058592367,0.04566135,-155.64984,86.30307
2020-11-01T18:00:00Z,15.0,74.0,1011.807,-0.29473183,-1.5481474,1.5759529,-9.12269E-4,-0.004791905,0.043662686,-127.29632,24.234304
2020-11-01T18:00:00Z,15.0,75.0,1011.70703,-0.4783786,-0.8627683,0.9865167,-0.0012551411,-0.0022636796,0.04907735,-60.134346,33.342655
2020-11-01T18:00:00Z,15.0,76.0,1011.70703,-1.3240508,-0.35477832,1.3707582,-0.0038927644,-0.0010430631,0.032517914,-27.708832,103.41077
2020-11-01T18:00:00Z,15.0,77.0,1011.70703,-1.140404,-1.0401574,1.5435183,-0.0035018583,-0.0031940294,0.014429041,-84.84896,93.0264
2020-11-01T18:00:00Z,15.0,78.0,1011.60706,-0.9567572,-1.7255366,1.9730334,-0.0032487675,-0.0058592367,0.045562863,-155.64984,86.30307
2020-11-02T00:00:00Z,7.0,70.0,1010.6094,NaN,NaN,NaN,NaN,NaN,NaN,NaN,NaN
2020-11-02T00:00:00Z,7.0,71.0,1010.6094,NaN,NaN,NaN,NaN,NaN,NaN,NaN,NaN
2020-11-02T00:00:00Z,7.0,72.0,1010.70935,NaN,NaN,NaN,NaN,NaN,NaN,NaN,NaN
2020-11-02T00:00:00Z,7.0,73.0,1010.8094,NaN,NaN,NaN,NaN,NaN,NaN,NaN,NaN
2020-11-02T00:00:00Z,7.0,74.0,1010.90936,NaN,NaN,NaN,NaN,NaN,NaN,NaN,NaN
2020-11-02T00:00:00Z,7.0,75.0,1010.90936,NaN,NaN,NaN,NaN,NaN,NaN,NaN,NaN
2020-11-02T00:00:00Z,7.0,76.0,1010.90936,NaN,NaN,NaN,NaN,NaN,NaN,NaN,NaN
2020-11-02T00:00:00Z,7.0,77.0,1010.90936,NaN,NaN,NaN,NaN,NaN,NaN,NaN,NaN
2020-11-02T00:00:00Z,7.0,78.0,1010.90936,NaN,NaN,NaN,NaN,NaN,NaN,NaN,NaN
2020-11-02T00:00:00Z,8.0,70.0,1010.70935,NaN,NaN,NaN,NaN,NaN,NaN,NaN,NaN
2020-11-02T00:00:00Z,8.0,71.0,1010.70935,NaN,NaN,NaN,NaN,NaN,NaN,NaN,NaN
2020-11-02T00:00:00Z,8.0,72.0,1010.70935,NaN,NaN,NaN,NaN,NaN,NaN,NaN,NaN
2020-11-02T00:00:00Z,8.0,73.0,1010.8094,NaN,NaN,NaN,NaN,NaN,NaN,NaN,NaN
2020-11-02T00:00:00Z,8.0,74.0,1010.90936,NaN,NaN,NaN,NaN,NaN,NaN,NaN,NaN
2020-11-02T00:00:00Z,8.0,75.0,1010.90936,NaN,NaN,NaN,NaN,NaN,NaN,NaN,NaN
2020-11-02T00:00:00Z,8.0,76.0,1010.90936,NaN,NaN,NaN,NaN,NaN,NaN,NaN,NaN
2020-11-02T00:00:00Z,8.0,77.0,1010.90936,NaN,NaN,NaN,NaN,NaN,NaN,NaN,NaN
2020-11-02T00:00:00Z,8.0,78.0,1011.0094,NaN,NaN,NaN,NaN,NaN,NaN,NaN,NaN
2020-11-02T00:00:00Z,9.0,70.0,1010.90936,NaN,NaN,NaN,NaN,NaN,NaN,NaN,NaN
2020-11-02T00:00:00Z,9.0,71.0,1010.90936,NaN,NaN,NaN,NaN,NaN,NaN,NaN,NaN
2020-11-02T00:00:00Z,9.0,72.0,1010.90936,NaN,NaN,NaN,NaN,NaN,NaN,NaN,NaN
2020-11-02T00:00:00Z,9.0,73.0,1011.0094,NaN,NaN,NaN,NaN,NaN,NaN,NaN,NaN
2020-11-02T00:00:00Z,9.0,74.0,1011.0094,NaN,NaN,NaN,NaN,NaN,NaN,NaN,NaN
2020-11-02T00:00:00Z,9.0,75.0,1011.0094,NaN,NaN,NaN,NaN,NaN,NaN,NaN,NaN
2020-11-02T00:00:00Z,9.0,76.0,1011.0094,NaN,NaN,NaN,NaN,NaN,NaN,NaN,NaN
2020-11-02T00:00:00Z,9.0,77.0,1010.90936,NaN,NaN,NaN,NaN,NaN,NaN,NaN,NaN
2020-11-02T00:00:00Z,9.0,78.0,1011.0094,NaN,NaN,NaN,NaN,NaN,NaN,NaN,NaN
2020-11-02T00:00:00Z,10.0,70.0,1011.20935,-4.6652026,-2.3239317,5.2119837,-0.033817247,-0.01684578,NaN,NaN,NaN
2020-11-02T00:00:00Z,10.0,71.0,1011.1094,-3.6784675,-2.059537,4.2157817,-0.021567993,-0.012075703,NaN,NaN,NaN
2020-11-02T00:00:00Z,10.0,72.0,1011.1094,-3.9469411,-1.0575796,4.086174,-0.02243067,-0.006010279,NaN,NaN,NaN
2020-11-02T00:00:00Z,10.0,73.0,1011.1094,-2.9602058,-0.7931847,3.0646305,-0.012617251,-0.003380782,NaN,NaN,NaN
2020-11-02T00:00:00Z,10.0,74.0,1011.1094,-1.9734706,-0.5287898,2.043087,-0.0068056933,-0.0018235799,NaN,NaN,NaN
2020-11-02T00:00:00Z,10.0,75.0,1011.1094,-1.9734706,-0.5287898,2.043087,-0.0068056933,-0.0018235799,NaN,NaN,NaN
2020-11-02T00:00:00Z,10.0,76.0,1011.1094,-1.9734706,-0.5287898,2.043087,-0.0068056933,-0.0018235799,NaN,NaN,NaN
2020-11-02T00:00:00Z,10.0,77.0,1011.1094,-2.6917322,-1.7951419,3.2354221,-0.012112325,-0.008077825,NaN,NaN,NaN
2020-11-02T00:00:00Z,10.0,78.0,1011.0094,-1.704997,-1.5307472,2.2913318,-0.0061999895,-0.0055663534,NaN,NaN,NaN
2020-11-02T00:00:00Z,11.0,70.0,1011.40936,-2.4488537,-1.6366464,2.9454195,-0.010116498,-0.006761176,-0.11224923,-243.62804,364.53162
2020-11-02T00:00:00Z,11.0,71.0,1011.3094,-3.3468447,-1.8772624,3.8373797,-0.017862204,-0.0100190025,-0.039417487,-361.01852,643.6356
2020-11-02T00:00:00Z,11.0,72.0,1011.3094,-2.6939733,-0.72184795,2.7890062,-0.010810388,-0.0028966346,-0.06453651,-104.37554,389.53485
2020-11-02T00:00:00Z,11.0,73.0,1011.3094,-2.4488537,-1.6366464,2.9454195,-0.010116498,-0.006761176,-0.044314377,-243.62804,364.53162
2020-11-02T00:00:00Z,11.0,74.0,1011.20935,-1.5508627,-1.3960304,2.0866423,-0.0053993845,-0.004860331,0.014528469,-175.13416,194.55807
2020-11-02T00:00:00Z,11.0,75.0,1011.20935,-1.7959821,-0.48123196,1.8593376,-0.005943988,-0.0015926869,0.008042944,-57.389893,214.18198
2020-11-02T00:00:00Z,11.0,76.0,1011.20935,-1.7959821,-0.48123196,1.8593376,-0.005943988,-0.0015926869,-0.006935472,-57.389893,214.18198
2020-11-02T00:00:00Z,11.0,77.0,1011.20935,-1.7959821,-0.48123196,1.8593376,-0.005943988,-0.0015926869,-0.048019502,-57.389893,214.18198
2020-11-02T00:00:00Z,11.0,78.0,1011.20935,-1.5508627,-1.3960304,2.0866423,-0.0053993845,-0.004860331,-0.048149172,-175.13416,194.55807
2020-11-02T00:00:00Z,12.0,70.0,1011.5094,-2.2466123,-1.5050035,2.704127,-0.008870978,-0.0059426595,0.024310963,-196.51956,293.357
2020-11-02T00:00:00Z,12.0,71.0,1011.5094,-2.2466123,-1.5050035,2.704127,-0.008870978,-0.0059426595,-0.05488894,-196.51956,293.357
2020-11-02T00:00:00Z,12.0,72.0,1011.40936,-1.4224894,-1.2841803,1.9164016,-0.004769274,-0.0043055564,-0.02193242,-142.38171,157.71654
2020-11-02T00:00:00Z,12.0,73.0,1011.40936,-1.4224894,-1.2841803,1.9164016,-0.004769274,-0.0043055564,-0.026341105,-142.38171,157.71654
2020-11-02T00:00:00Z,12.0,74.0,1011.3094,-1.4224894,-1.2841803,1.9164016,-0.004769274,-0.0043055564,0.024460504,-142.38171,157.71654
2020-11-02T00:00:00Z,12.0,75.0,1011.3094,-1.6482458,-0.44164613,1.7063895,-0.005264354,-0.0014105794,0.0077948226,-46.64687,174.08849
2020-11-02T00:00:00Z,12.0,76.0,1011.3094,-1.6482458,-0.44164613,1.7063895,-0.005264354,-0.0014105794,-0.01883992,-46.64687,174.08849
2020-11-02T00:00:00Z,12.0,77.0,1011.3094,-1.4224894,-1.2841803,1.9164016,-0.004769274,-0.0043055564,-0.030642089,-142.38171,157.71654
2020-11-02T00:00:00Z,12.0,78.0,1011.20935,-0.37261018,-1.9058914,1.9419733,-0.0012564821,-0.006426873,-0.012986646,-212.53217,41.55098
2020-11-02T00:00:00Z,13.0,70.0,1011.70935,-1.8661643,-2.1757572,2.8664417,-0.0075978576,-0.008858327,-0.0038875693,-270.74945,232.22395
2020-11-02T00:00:00Z,13.0,71.0,1011.6094,-1.1044663,-1.9716607,2.2599318,-0.003990009,-0.007122847,-0.012306355,-217.70554,121.95223
2020-11-02T00:00:00Z,13.0,72.0,1011.5094,-1.3139312,-1.1899267,1.7726649,-0.0042624506,-0.003860175,0.010918367,-117.98393,130.27925
2020-11-02T00:00:00Z,13.0,73.0,1011.5094,-1.3139312,-1.1899267,1.7726649,-0.0042624506,-0.003860175,-0.00885972,-117.98393,130.27925
2020-11-02T00:00:00Z,13.0,74.0,1011.40936,-2.0756292,-1.3940232,2.5003076,-0.007875835,-0.0052895267,0.04052177,-161.6712,240.72015
2020-11-02T00:00:00Z,13.0,75.0,1011.40936,-1.5233963,-0.40819278,1.5771359,-0.0047166566,-0.0012638243,0.044894833,-38.628033,144.16177
2020-11-02T00:00:00Z,13.0,76.0,1011.40936,-1.5233963,-0.40819278,1.5771359,-0.0047166566,-0.0012638243,0.01686501,-38.628033,144.16177
2020-11-02T00:00:00Z,13.0,77.0,1011.40936,-1.3139312,-1.1899267,1.7726649,-0.0042624506,-0.003860175,-0.017676739,-117.98393,130.27925
2020-11-02T00:00:00Z,13.0,78.0,1011.3094,-0.89500135,-2.7533946,2.8952045,-0.00366336,-0.011270011,-0.0025604852,-344.46112,111.9684
2020-11-02T00:00:00Z,14.0,70.0,1011.8094,-0.8297633,-2.5694003,2.7000601,-0.0032738522,-0.010137634,0.009374055,-288.11462,93.04386
2020-11-02T00:00:00Z,14.0,71.0,1011.70935,-0.31708723,-1.6496739,1.6798716,-0.001006389,-0.005235826,0.016950496,-148.80376,28.60188
2020-11-02T00:00:00Z,14.0,72.0,1011.6094,-1.220941,-1.1095054,1.6497573,-0.0038472782,-0.0034961365,0.005228667,-99.36125,109.340805
2020-11-02T00:00:00Z,14.0,73.0,1011.6094,-1.4165298,-0.379558,1.4664994,-0.0042672395,-0.0011434035,-0.011222949,-32.49587,121.27623
2020-11-02T00:00:00Z,14.0,74.0,1011.6094,-2.6374707,-1.4890635,3.0287888,-0.011110187,-0.0062725903,-0.024580901,-178.2689,315.75485
2020-11-02T00:00:00Z,14.0,75.0,1011.5094,-2.6374707,-1.4890635,3.0287888,-0.011110187,-0.0062725903,0.06434393,-178.2689,315.75485
2020-11-02T00:00:00Z,14.0,76.0,1011.5094,-2.8330595,-0.759116,2.932999,-0.011677079,-0.003128864,0.08100018,-88.923256,331.8661
2020-11-02T00:00:00Z,14.0,77.0,1011.5094,-2.6374707,-1.4890635,3.0287888,-0.011110187,-0.0062725903,0.037254933,-178.2689,315.75485
2020-11-02T00:00:00Z,14.0,78.0,1011.40936,-1.5380282,-2.759179,3.1588924,-0.0067571546,-0.012122144,0.028108492,-344.51498,192.04036
2020-11-02T00:00:00Z,15.0,70.0,1011.90936,-0.58946365,-3.0962949,3.1519058,-0.0025840146,-0.013573137,0.02489286,-360.56857,68.644
2020-11-02T00:00:00Z,15.0,71.0,1011.70935,-0.29473183,-1.5481474,1.5759529,-9.12269E-4,-0.004791905,0.058796503,-127.29632,24.234304
2020-11-02T00:00:00Z,15.0,72.0,1011.70935,-0.6620254,-0.17738916,0.6853791,-0.0012067626,-3.2335107E-4,0.01452777,-8.589778,32.057487
2020-11-02T00:00:00Z,15.0,73.0,1011.70935,-1.5076976,0.33060083,1.5435183,-0.0046297135,0.0010151817,0.021460554,26.968164,122.98772
2020-11-02T00:00:00Z,15.0,74.0,1011.8094,-2.1697228,0.15321165,2.1751254,-0.0076991855,5.436662E-4,-0.037790537,14.442419,204.52783
2020-11-02T00:00:00Z,15.0,75.0,1011.8094,-3.310127,-0.8869459,3.4268956,-0.015776485,-0.0042272964,-0.005529987,-112.29756,419.10022
2020-11-02T00:00:00Z,15.0,76.0,1011.8094,-3.9721522,-1.064335,4.1122746,-0.022718137,-0.006087307,0.02747963,-161.7085,603.5043
2020-11-02T00:00:00Z,15.0,77.0,1011.8094,-3.6048586,-2.4350934,4.350251,-0.021810584,-0.014733119,-0.03970711,-391.38333,579.39526
2020-11-02T00:00:00Z,15.0,78.0,1011.6094,-2.5755398,-3.6284626,4.449623,-0.015938822,-0.02245487,0.015138481,-596.5106,423.4127
2020-11-02T06:00:00Z,7.0,70.0,1012.9,NaN,NaN,NaN,NaN,NaN,NaN,NaN,NaN
2020-11-02T06:00:00Z,7.0,71.0,1012.9,NaN,NaN,NaN,NaN,NaN,NaN,NaN,NaN
2020-11-02T06:00:00Z,7.0,72.0,1012.8,NaN,NaN,NaN,NaN,NaN,NaN,NaN,NaN
2020-11-02T06:00:00Z,7.0,73.0,1012.8,NaN,NaN,NaN,NaN,NaN,NaN,NaN,NaN
2020-11-02T06:00:00Z,7.0,74.0,1012.9,NaN,NaN,NaN,NaN,NaN,NaN,NaN,NaN
2020-11-02T06:00:00Z,7.0,75.0,1012.9,NaN,NaN,NaN,NaN,NaN,NaN,NaN,NaN
2020-11-02T06:00:00Z,7.0,76.0,1012.8,NaN,NaN,NaN,NaN,NaN,NaN,NaN,NaN
2020-11-02T06:00:00Z,7.0,77.0,1012.7,NaN,NaN,NaN,NaN,NaN,NaN,NaN,NaN
2020-11-02T06:00:00Z,7.0,78.0,1012.4,NaN,NaN,NaN,NaN,NaN,NaN,NaN,NaN
2020-11-02T06:00:00Z,8.0,70.0,1012.8,NaN,NaN,NaN,NaN,NaN,NaN,NaN,NaN
2020-11-02T06:00:00Z,8.0,71.0,1012.7,NaN,NaN,NaN,NaN,NaN,NaN,NaN,NaN
2020-11-02T06:00:00Z,8.0,72.0,1012.8,NaN,NaN,NaN,NaN,NaN,NaN,NaN,NaN
2020-11-02T06:00:00Z,8.0,73.0,1012.8,NaN,NaN,NaN,NaN,NaN,NaN,NaN,NaN
2020-11-02T06:00:00Z,8.0,74.0,1012.8,NaN,NaN,NaN,NaN,NaN,NaN,NaN,NaN
2020-11-02T06:00:00Z,8.0,75.0,1012.8,NaN,NaN,NaN,NaN,NaN,NaN,NaN,NaN
2020-11-02T06:00:00Z,8.0,76.0,1012.7,NaN,NaN,NaN,NaN,NaN,NaN,NaN,NaN
2020-11-02T06:00:00Z,8.0,77.0,1012.6,NaN,NaN,NaN,NaN,NaN,NaN,NaN,NaN
2020-11-02T06:00:00Z,8.0,78.0,1012.3,NaN,NaN,NaN,NaN,NaN,NaN,NaN,NaN
2020-11-02T06:00:00Z,9.0,70.0,1012.8,NaN,NaN,NaN,NaN,NaN,NaN,NaN,NaN
2020-11-02T06:00:00Z,9.0,71.0,1012.7,NaN,NaN,NaN,NaN,NaN,NaN,NaN,NaN
2020-11-02T06:00:00Z,9.0,72.0,1012.8,NaN,NaN,NaN,NaN,NaN,NaN,NaN,NaN
2020-11-02T06:00:00Z,9.0,73.0,1012.8,NaN,NaN,NaN,NaN,NaN,NaN,NaN,NaN
2020-11-02T06:00:00Z,9.0,74.0,1012.8,NaN,NaN,NaN,NaN,NaN,NaN,NaN,NaN
2020-11-02T06:00:00Z,9.0,75.0,1012.7,NaN,NaN,NaN,NaN,NaN,NaN,NaN,NaN
2020-11-02T06:00:00Z,9.0,76.0,1012.6,NaN,NaN,NaN,NaN,NaN,NaN,NaN,NaN
2020-11-02T06:00:00Z,9.0,77.0,1012.4,NaN,NaN,NaN,NaN,NaN,NaN,NaN,NaN
2020-11-02T06:00:00Z,9.0,78.0,1012.2,NaN,NaN,NaN,NaN,NaN,NaN,NaN,NaN
2020-11-02T06:00:00Z,10.0,70.0,1013.0,-3.1415203,-4.063452,5.1362233,-0.022441324,-0.029027106,NaN,NaN,NaN
2020-11-02T06:00:00Z,10.0,71.0,1012.9,-3.6784675,-2.059537,4.2157817,-0.021567993,-0.012075703,NaN,NaN,NaN
2020-11-02T06:00:00Z,10.0,72.0,1012.9,-1.704997,-1.5307472,2.2913318,-0.0061999895,-0.0055663534,NaN,NaN,NaN
2020-11-02T06:00:00Z,10.0,73.0,1012.8,-1.704997,-1.5307472,2.2913318,-0.0061999895,-0.0055663534,NaN,NaN,NaN
2020-11-02T06:00:00Z,10.0,74.0,1012.8,-0.7182616,-1.2663522,1.4558666,-0.0021579578,-0.0038046506,NaN,NaN,NaN
2020-11-02T06:00:00Z,10.0,75.0,1012.7,0.80542094,-3.005872,3.1119077,0.0034858955,-0.01300954,NaN,NaN,NaN
2020-11-02T06:00:00Z,10.0,76.0,1012.5,3.0473652,-3.4790394,4.6249485,0.019601807,-0.022378499,NaN,NaN,NaN
2020-11-02T06:00:00Z,10.0,77.0,1012.3,4.0341005,-3.2146444,5.158285,0.028941218,-0.02306232,NaN,NaN,NaN
2020-11-02T06:00:00Z,10.0,78.0,1012.1,3.0473652,-3.4790394,4.6249485,0.019601807,-0.022378499,NaN,NaN,NaN
2020-11-02T06:00:00Z,11.0,70.0,1013.2,-4.407469,-5.1028895,6.7427936,-0.041332703,-0.04785428,0.29330778,-1724.3514,1489.357
2020-11-02T06:00:00Z,11.0,71.0,1013.1,-3.9997165,-3.0326767,5.0194483,-0.027922217,-0.021171266,0.18422645,-762.8723,1006.1319
2020-11-02T06:00:00Z,11.0,72.0,1013.0,-3.3468447,-1.8772624,3.8373797,-0.017862204,-0.0100190025,0.108647555,-361.01852,643.6356
2020-11-02T06:00:00Z,11.0,73.0,1013.0,-2.4488537,-1.6366464,2.9454195,-0.010116498,-0.006761176,-0.020839706,-243.62804,364.53162
2020-11-02T06:00:00Z,11.0,74.0,1012.9,-0.16263252,-2.9850113,2.9894383,-6.772688E-4,-0.012430815,-0.098688215,-447.9243,24.404284
2020-11-02T06:00:00Z,11.0,75.0,1012.7,1.2255975,-4.5739923,4.7353454,0.008071686,-0.030123942,-0.104760885,-1085.4674,-290.85013
2020-11-02T06:00:00Z,11.0,76.0,1012.4,2.3687081,-5.2481747,5.757961,0.018969024,-0.04202829,0.1231858,-1514.4214,-683.51807
2020-11-02T06:00:00Z,11.0,77.0,1012.1,2.7764602,-3.1779618,4.219973,0.016295431,-0.0186519,0.29023215,-672.09106,-587.1795
2020-11-02T06:00:00Z,11.0,78.0,1012.0,2.286221,-1.348365,2.654222,0.008941076,-0.0052732574,0.15658906,-190.01329,-322.1772
2020-11-02T06:00:00Z,12.0,70.0,1013.6,-4.8658347,-4.9158983,6.9168205,-0.046808913,-0.047290523,0.02108321,-1563.8643,1547.9379
2020-11-02T06:00:00Z,12.0,71.0,1013.4,-3.4433455,-3.6317182,5.0045986,-0.02396705,-0.025278198,0.095682666,-835.9322,792.5735
2020-11-02T06:00:00Z,12.0,72.0,1013.3,-2.6192226,-3.4108949,4.300527,-0.015666025,-0.020401156,-0.022495126,-674.65186,518.0644
2020-11-02T06:00:00Z,12.0,73.0,1013.1,-0.74522036,-3.8117828,3.8839467,-0.004025527,-0.020590464,-0.011245702,-680.9121,133.12134
2020-11-02T06:00:00Z,12.0,74.0,1012.9,-0.74522036,-3.8117828,3.8839467,-0.004025527,-0.020590464,-0.012638548,-680.9121,133.12134
2020-11-02T06:00:00Z,12.0,75.0,1012.7,-0.5194639,-4.6543174,4.683216,-0.0033834854,-0.030315513,-0.013194033,-1002.51263,111.88948
2020-11-02T06:00:00Z,12.0,76.0,1012.4,0.5304153,-5.2760286,5.3026237,0.003911754,-0.03891013,0.16289239,-1286.7306,-129.35895
2020-11-02T06:00:00Z,12.0,77.0,1012.1,0.304659,-4.4334946,4.44395,0.0018829897,-0.027401863,0.29153484,-906.1603,-62.269142
2020-11-02T06:00:00Z,12.0,78.0,1011.9,0.45151272,-1.6850684,1.7445111,0.001455112,-0.0054305512,0.2222841,-179.5845,-48.11953
2020-11-02T06:00:00Z,13.0,70.0,1013.9,-3.5228636,-5.1332483,6.2258177,-0.03050401,-0.04444812,-0.0997695,-1358.53,932.3368
2020-11-02T06:00:00Z,13.0,71.0,1013.6,-2.7611656,-4.9291515,5.6498294,-0.021696642,-0.038732205,0.087528184,-1183.8267,663.14484
2020-11-02T06:00:00Z,13.0,72.0,1013.4,-1.4472344,-3.7392251,4.0095253,-0.008070427,-0.020851595,0.09951339,-637.3165,246.66776
2020-11-02T06:00:00Z,13.0,73.0,1013.2,-1.6566994,-2.957491,3.3898976,-0.0078107906,-0.013943594,0.06784063,-426.17758,238.73213
2020-11-02T06:00:00Z,13.0,74.0,1013.1,-1.6566994,-2.957491,3.3898976,-0.0078107906,-0.013943594,-0.083630756,-426.17758,238.73213
2020-11-02T06:00:00Z,13.0,75.0,1012.9,-1.0283045,-5.3026924,5.4014773,-0.0077250088,-0.039835814,-0.15866911,-1217.5577,236.11026
2020-11-02T06:00:00Z,13.0,76.0,1012.5,-1.5805377,-6.288523,6.4841056,-0.014253439,-0.0567105,0.16459629,-1733.3224,435.64783
2020-11-02T06:00:00Z,13.0,77.0,1012.2,-1.9994676,-4.725055,5.130694,-0.014267741,-0.033716906,0.3749148,-1030.537,436.08493
2020-11-02T06:00:00Z,13.0,78.0,1012.0,-2.6278625,-2.3798535,3.5453298,-0.012957582,-0.011734689,0.30530196,-358.66373,396.04074
2020-11-02T06:00:00Z,14.0,70.0,1014.2,-2.5633802,-4.598632,5.2648206,-0.018769873,-0.033672623,-0.15409808,-956.9861,533.44543
2020-11-02T06:00:00Z,14.0,71.0,1013.9,-2.3677914,-5.3285794,5.8309684,-0.019202106,-0.04321324,-0.028490722,-1228.1333,545.7296
2020-11-02T06:00:00Z,14.0,72.0,1013.6,-1.8551154,-4.408853,4.7832456,-0.012341226,-0.029330065,0.13797906,-833.5693,350.74136
2020-11-02T06:00:00Z,14.0,73.0,1013.4,-2.0507042,-3.6789057,4.2118564,-0.012012718,-0.021550478,0.07059102,-612.47107,341.40506
2020-11-02T06:00:00Z,14.0,74.0,1013.2,-2.0507042,-3.6789057,4.2118564,-0.012012718,-0.021550478,0.063995756,-612.47107,341.40506
2020-11-02T06:00:00Z,14.0,75.0,1013.0,-2.0507042,-3.6789057,4.2118564,-0.012012718,-0.021550478,0.02210819,-612.47107,341.40506
2020-11-02T06:00:00Z,14.0,76.0,1012.8,-3.2716453,-4.788411,5.7993574,-0.026388263,-0.038622115,0.007414059,-1097.6521,749.9624
2020-11-02T06:00:00Z,14.0,77.0,1012.5,-3.9799101,-4.9781904,6.3735437,-0.035279218,-0.0441283,0.20954627,-1254.1395,1002.646
2020-11-02T06:00:00Z,14.0,78.0,1012.3,-4.371088,-3.5182953,5.611133,-0.034111816,-0.027456652,0.31335086,-780.3263,969.4681
2020-11-02T06:00:00Z,15.0,70.0,1014.4,-1.0678422,-3.959063,4.1005445,-0.0060899444,-0.022578686,-0.11403015,-599.7998,161.77856
2020-11-02T06:00:00Z,15.0,71.0,1014.1,-1.5462208,-4.8218317,5.0636806,-0.010889364,-0.033958077,-0.09487295,-902.0918,289.2745
2020-11-02T06:00:00Z,15.0,72.0,1013.8,-2.3918931,-4.3138413,4.9325833,-0.016408956,-0.029593974,0.08900584,-786.16,435.9017
2020-11-02T06:00:00Z,15.0,73.0,1013.6,-2.7591867,-2.9430835,4.03421,-0.01548119,-0.016512994,0.10846096,-438.66547,411.25574
2020-11-02T06:00:00Z,15.0,74.0,1013.5,-3.4212117,-3.1204724,4.630555,-0.022033207,-0.020096393,-0.0031971084,-533.858,585.3092
2020-11-02T06:00:00Z,15.0,75.0,1013.3,-3.8995905,-3.9832406,5.5743175,-0.030232595,-0.030881112,0.06838102,-820.3526,803.1248
2020-11-02T06:00:00Z,15.0,76.0,1013.1,-4.561616,-4.1606297,6.174073,-0.03917015,-0.03572692,0.07461746,-949.0809,1040.5498
2020-11-02T06:00:00Z,15.0,77.0,1012.9,-5.2236414,-4.3380194,6.790055,-0.049330026,-0.04096656,0.049001873,-1088.2711,1310.4456
2020-11-02T06:00:00Z,15.0,78.0,1012.7,-5.407288,-3.65264,6.525377,-0.049073815,-0.033149514,0.12315269,-880.6124,1303.6393
