time,altitude,latitude,longitude,x_wind,y_wind
UTC,m,degrees_north,degrees_east,m s-1,m s-1
2010-12-01T12:00:00Z,10.0,7.0,70.0,NaN,NaN
2010-12-01T12:00:00Z,10.0,7.0,70.25,NaN,NaN
2010-12-01T12:00:00Z,10.0,7.0,70.5,NaN,NaN
2010-12-01T12:00:00Z,10.0,7.0,70.75,NaN,NaN
2010-12-01T12:00:00Z,10.0,7.0,71.0,NaN,NaN
2010-12-01T12:00:00Z,10.0,7.0,71.25,NaN,NaN
2010-12-01T12:00:00Z,10.0,7.0,71.5,NaN,NaN
2010-12-01T12:00:00Z,10.0,7.0,71.75,1.7572358,5.1313334
2010-12-01T12:00:00Z,10.0,7.0,72.0,2.7908912,4.756645
2010-12-01T12:00:00Z,10.0,7.0,72.25,3.2254598,4.485243
2010-12-01T12:00:00Z,10.0,7.0,72.5,4.129218,3.7794304
2010-12-01T12:00:00Z,10.0,7.0,72.75,4.956502,2.321567
2010-12-01T12:00:00Z,10.0,7.0,73.0,NaN,NaN
2010-12-01T12:00:00Z,10.0,7.0,73.25,NaN,NaN
2010-12-01T12:00:00Z,10.0,7.0,73.5,NaN,NaN
2010-12-01T12:00:00Z,10.0,7.0,73.75,NaN,NaN
2010-12-01T12:00:00Z,10.0,7.0,74.0,NaN,NaN
2010-12-01T12:00:00Z,10.0,7.0,74.25,NaN,NaN
2010-12-01T12:00:00Z,10.0,7.0,74.5,3.528369,-0.61797315
2010-12-01T12:00:00Z,10.0,7.0,74.75,4.3790874,-0.8839135
2010-12-01T12:00:00Z,10.0,7.0,75.0,3.6763933,1.4543139
2010-12-01T12:00:00Z,10.0,7.0,75.25,0.9635751,-2.161827
2010-12-01T12:00:00Z,10.0,7.0,75.5,2.001325,-5.4896364
2010-12-01T12:00:00Z,10.0,7.0,75.75,1.620142,-2.4355452
2010-12-01T12:00:00Z,10.0,7.0,76.0,3.9295273,-0.65251017
2010-12-01T12:00:00Z,10.0,7.0,76.25,3.7128472,-0.1738987
2010-12-01T12:00:00Z,10.0,7.0,76.5,2.4951963,-1.6128924
2010-12-01T12:00:00Z,10.0,7.0,76.75,-4.829186,-7.0610547
2010-12-01T12:00:00Z,10.0,7.0,77.0,-5.2964535,-6.9596186
2010-12-01T12:00:00Z,10.0,7.0,77.25,NaN,NaN
2010-12-01T12:00:00Z,10.0,7.0,77.5,NaN,NaN
2010-12-01T12:00:00Z,10.0,7.0,77.75,NaN,NaN
2010-12-01T12:00:00Z,10.0,7.0,78.0,NaN,NaN
2010-12-01T12:00:00Z,10.0,7.25,70.0,NaN,NaN
2010-12-01T12:00:00Z,10.0,7.25,70.25,NaN,NaN
2010-12-01T12:00:00Z,10.0,7.25,70.5,NaN,NaN
2010-12-01T12:00:00Z,10.0,7.25,70.75,NaN,NaN
2010-12-01T12:00:00Z,10.0,7.25,71.0,NaN,NaN
2010-12-01T12:00:00Z,10.0,7.25,71.25,NaN,NaN
2010-12-01T12:00:00Z,10.0,7.25,71.5,NaN,NaN
2010-12-01T12:00:00Z,10.0,7.25,71.75,2.1321259,5.4603734
2010-12-01T12:00:00Z,10.0,7.25,72.0,3.110648,4.906556
2010-12-01T12:00:00Z,10.0,7.25,72.25,3.3274193,4.5690937
2010-12-01T12:00:00Z,10.0,7.25,72.5,3.9396942,4.221003
2010-12-01T12:00:00Z,10.0,7.25,72.75,4.102255,3.8128958
2010-12-01T12:00:00Z,10.0,7.25,73.0,3.5033221,3.7545288
2010-12-01T12:00:00Z,10.0,7.25,73.25,3.731001,2.677033
2010-12-01T12:00:00Z,10.0,7.25,73.5,NaN,NaN
2010-12-01T12:00:00Z,10.0,7.25,73.75,NaN,NaN
2010-12-01T12:00:00Z,10.0,7.25,74.0,NaN,NaN
2010-12-01T12:00:00Z,10.0,7.25,74.25,1.0227991,3.11829
2010-12-01T12:00:00Z,10.0,7.25,74.5,3.1462553,-0.40386483
2010-12-01T12:00:00Z,10.0,7.25,74.75,2.1783154,-4.7869844
2010-12-01T12:00:00Z,10.0,7.25,75.0,3.8646863,-3.9802697
2010-12-01T12:00:00Z,10.0,7.25,75.25,2.5292554,-8.582612
2010-12-01T12:00:00Z,10.0,7.25,75.5,1.3563291,-9.38358
2010-12-01T12:00:00Z,10.0,7.25,75.75,4.843313,-4.1140466
2010-12-01T12:00:00Z,10.0,7.25,76.0,3.7429786,0.37819725
2010-12-01T12:00:00Z,10.0,7.25,76.25,2.0569477,-0.836337
2010-12-01T12:00:00Z,10.0,7.25,76.5,0.36571047,-7.717824
2010-12-01T12:00:00Z,10.0,7.25,76.75,-3.4275157,-6.953016
2010-12-01T12:00:00Z,10.0,7.25,77.0,-5.776852,-6.6016808
2010-12-01T12:00:00Z,10.0,7.25,77.25,NaN,NaN
2010-12-01T12:00:00Z,10.0,7.25,77.5,NaN,NaN
2010-12-01T12:00:00Z,10.0,7.25,77.75,NaN,NaN
2010-12-01T12:00:00Z,10.0,7.25,78.0,NaN,NaN
2010-12-01T12:00:00Z,10.0,7.5,70.0,NaN,NaN
2010-12-01T12:00:00Z,10.0,7.5,70.25,NaN,NaN
2010-12-01T12:00:00Z,10.0,7.5,70.5,NaN,NaN
2010-12-01T12:00:00Z,10.0,7.5,70.75,NaN,NaN
2010-12-01T12:00:00Z,10.0,7.5,71.0,NaN,NaN
2010-12-01T12:00:00Z,10.0,7.5,71.25,NaN,NaN
2010-12-01T12:00:00Z,10.0,7.5,71.5,NaN,NaN
2010-12-01T12:00:00Z,10.0,7.5,71.75,NaN,NaN
2010-12-01T12:00:00Z,10.0,7.5,72.0,1.9253125,5.4596972
2010-12-01T12:00:00Z,10.0,7.5,72.25,2.6345956,5.155331
2010-12-01T12:00:00Z,10.0,7.5,72.5,2.4527545,4.604441
2010-12-01T12:00:00Z,10.0,7.5,72.75,2.5801313,4.6870346
2010-12-01T12:00:00Z,10.0,7.5,73.0,2.8070364,4.201332
2010-12-01T12:00:00Z,10.0,7.5,73.25,1.8080685,4.3787374
2010-12-01T12:00:00Z,10.0,7.5,73.5,-0.7214007,5.060387
2010-12-01T12:00:00Z,10.0,7.5,73.75,-2.4224758,4.6985693
2010-12-01T12:00:00Z,10.0,7.5,74.0,0.6704916,6.415297
2010-12-01T12:00:00Z,10.0,7.5,74.25,1.2011055,4.108694
2010-12-01T12:00:00Z,10.0,7.5,74.5,1.6110182,-0.5730262
2010-12-01T12:00:00Z,10.0,7.5,74.75,4.932837,-1.1439812
2010-12-01T12:00:00Z,10.0,7.5,75.0,2.4244738,-7.8122735
2010-12-01T12:00:00Z,10.0,7.5,75.25,1.7721529,-8.92068
2010-12-01T12:00:00Z,10.0,7.5,75.5,0.92456555,-9.409766
2010-12-01T12:00:00Z,10.0,7.5,75.75,1.917462,-7.6243696
2010-12-01T12:00:00Z,10.0,7.5,76.0,1.6837432,-4.9375224
2010-12-01T12:00:00Z,10.0,7.5,76.25,2.039872,-0.9853034
2010-12-01T12:00:00Z,10.0,7.5,76.5,1.2755833,-7.111234
2010-12-01T12:00:00Z,10.0,7.5,76.75,0.33464053,-5.6163063
2010-12-01T12:00:00Z,10.0,7.5,77.0,NaN,NaN
2010-12-01T12:00:00Z,10.0,7.5,77.25,NaN,NaN
2010-12-01T12:00:00Z,10.0,7.5,77.5,NaN,NaN
2010-12-01T12:00:00Z,10.0,7.5,77.75,NaN,NaN
2010-12-01T12:00:00Z,10.0,7.5,78.0,NaN,NaN
2010-12-01T12:00:00Z,10.0,7.75,70.0,NaN,NaN
2010-12-01T12:00:00Z,10.0,7.75,70.25,NaN,NaN
2010-12-01T12:00:00Z,10.0,7.75,70.5,NaN,NaN
2010-12-01T12:00:00Z,10.0,7.75,70.75,NaN,NaN
2010-12-01T12:00:00Z,10.0,7.75,71.0,NaN,NaN
2010-12-01T12:00:00Z,10.0,7.75,71.25,NaN,NaN
2010-12-01T12:00:00Z,10.0,7.75,71.5,NaN,NaN
2010-12-01T12:00:00Z,10.0,7.75,71.75,NaN,NaN
2010-12-01T12:00:00Z,10.0,7.75,72.0,1.0613719,5.286927
2010-12-01T12:00:00Z,10.0,7.75,72.25,1.0736674,5.295526
2010-12-01T12:00:00Z,10.0,7.75,72.5,0.6808696,5.0798516
2010-12-01T12:00:00Z,10.0,7.75,72.75,1.3976753,4.7691607
2010-12-01T12:00:00Z,10.0,7.75,73.0,1.6647918,4.557262
2010-12-01T12:00:00Z,10.0,7.75,73.25,0.79529476,0.56575215
2010-12-01T12:00:00Z,10.0,7.75,73.5,-0.26335746,0.4675629
2010-12-01T12:00:00Z,10.0,7.75,73.75,-0.26406622,0.6583357
2010-12-01T12:00:00Z,10.0,7.75,74.0,0.5925944,1.0316913
2010-12-01T12:00:00Z,10.0,7.75,74.25,1.2543077,0.2422986
2010-12-01T12:00:00Z,10.0,7.75,74.5,1.3029162,4.296834
2010-12-01T12:00:00Z,10.0,7.75,74.75,NaN,NaN
2010-12-01T12:00:00Z,10.0,7.75,75.0,2.6385224,-8.795408
2010-12-01T12:00:00Z,10.0,7.75,75.25,3.1124303,-5.809195
2010-12-01T12:00:00Z,10.0,7.75,75.5,3.6308722,-6.773728
2010-12-01T12:00:00Z,10.0,7.75,75.75,1.644509,-7.210897
2010-12-01T12:00:00Z,10.0,7.75,76.0,1.6324633,-4.6995354
2010-12-01T12:00:00Z,10.0,7.75,76.25,NaN,NaN
2010-12-01T12:00:00Z,10.0,7.75,76.5,0.700106,-4.1444902
2010-12-01T12:00:00Z,10.0,7.75,76.75,0.4673361,-3.0385408
2010-12-01T12:00:00Z,10.0,7.75,77.0,NaN,NaN
2010-12-01T12:00:00Z,10.0,7.75,77.25,NaN,NaN
2010-12-01T12:00:00Z,10.0,7.75,77.5,NaN,NaN
2010-12-01T12:00:00Z,10.0,7.75,77.75,NaN,NaN
2010-12-01T12:00:00Z,10.0,7.75,78.0,NaN,NaN
2010-12-01T12:00:00Z,10.0,8.0,70.0,NaN,NaN
2010-12-01T12:00:00Z,10.0,8.0,70.25,NaN,NaN
2010-12-01T12:00:00Z,10.0,8.0,70.5,NaN,NaN
2010-12-01T12:00:00Z,10.0,8.0,70.75,NaN,NaN
2010-12-01T12:00:00Z,10.0,8.0,71.0,NaN,NaN
2010-12-01T12:00:00Z,10.0,8.0,71.25,NaN,NaN
2010-12-01T12:00:00Z,10.0,8.0,71.5,NaN,NaN
2010-12-01T12:00:00Z,10.0,8.0,71.75,NaN,NaN
2010-12-01T12:00:00Z,10.0,8.0,72.0,-0.08519161,5.536324
2010-12-01T12:00:00Z,10.0,8.0,72.25,0.30304778,5.473252
2010-12-01T12:00:00Z,10.0,8.0,72.5,0.17956357,5.138845
2010-12-01T12:00:00Z,10.0,8.0,72.75,0.3935086,4.9181647
2010-12-01T12:00:00Z,10.0,8.0,73.0,-0.35613212,4.4813395
2010-12-01T12:00:00Z,10.0,8.0,73.25,-0.45529532,3.9101825
2010-12-01T12:00:00Z,10.0,8.0,73.5,0.2631929,0.5339551
2010-12-01T12:00:00Z,10.0,8.0,73.75,0.16412932,0.177104
2010-12-01T12:00:00Z,10.0,8.0,74.0,0.95214826,-0.9421079
2010-12-01T12:00:00Z,10.0,8.0,74.25,1.5019457,-1.9354651
2010-12-01T12:00:00Z,10.0,8.0,74.5,1.4523497,3.7662868
2010-12-01T12:00:00Z,10.0,8.0,74.75,4.9267244,-1.8332088
2010-12-01T12:00:00Z,10.0,8.0,75.0,5.094183,-1.5705949
2010-12-01T12:00:00Z,10.0,8.0,75.25,3.5194085,-0.9718006
2010-12-01T12:00:00Z,10.0,8.0,75.5,4.3532753,-1.2774698
2010-12-01T12:00:00Z,10.0,8.0,75.75,NaN,NaN
2010-12-01T12:00:00Z,10.0,8.0,76.0,NaN,NaN
2010-12-01T12:00:00Z,10.0,8.0,76.25,NaN,NaN
2010-12-01T12:00:00Z,10.0,8.0,76.5,NaN,NaN
2010-12-01T12:00:00Z,10.0,8.0,76.75,NaN,NaN
2010-12-01T12:00:00Z,10.0,8.0,77.0,NaN,NaN
2010-12-01T12:00:00Z,10.0,8.0,77.25,NaN,NaN
2010-12-01T12:00:00Z,10.0,8.0,77.5,NaN,NaN
2010-12-01T12:00:00Z,10.0,8.0,77.75,NaN,NaN
2010-12-01T12:00:00Z,10.0,8.0,78.0,NaN,NaN
2010-12-01T12:00:00Z,10.0,8.25,70.0,NaN,NaN
2010-12-01T12:00:00Z,10.0,8.25,70.25,NaN,NaN
2010-12-01T12:00:00Z,10.0,8.25,70.5,NaN,NaN
2010-12-01T12:00:00Z,10.0,8.25,70.75,NaN,NaN
2010-12-01T12:00:00Z,10.0,8.25,71.0,NaN,NaN
2010-12-01T12:00:00Z,10.0,8.25,71.25,NaN,NaN
2010-12-01T12:00:00Z,10.0,8.25,71.5,NaN,NaN
2010-12-01T12:00:00Z,10.0,8.25,71.75,NaN,NaN
2010-12-01T12:00:00Z,10.0,8.25,72.0,-0.53565127,5.363043
2010-12-01T12:00:00Z,10.0,8.25,72.25,-1.206188,4.6987815
2010-12-01T12:00:00Z,10.0,8.25,72.5,-2.563758,3.4844406
2010-12-01T12:00:00Z,10.0,8.25,72.75,-2.562392,2.7788796
2010-12-01T12:00:00Z,10.0,8.25,73.0,NaN,NaN
2010-12-01T12:00:00Z,10.0,8.25,73.25,NaN,NaN
2010-12-01T12:00:00Z,10.0,8.25,73.5,NaN,NaN
2010-12-01T12:00:00Z,10.0,8.25,73.75,1.3596371,-6.2361317
2010-12-01T12:00:00Z,10.0,8.25,74.0,1.9776883,-8.499966
2010-12-01T12:00:00Z,10.0,8.25,74.25,2.2058694,-8.325581
2010-12-01T12:00:00Z,10.0,8.25,74.5,NaN,NaN
2010-12-01T12:00:00Z,10.0,8.25,74.75,4.0779996,-0.62360257
2010-12-01T12:00:00Z,10.0,8.25,75.0,3.8740902,-0.6791729
2010-12-01T12:00:00Z,10.0,8.25,75.25,3.3550005,-0.93402714
2010-12-01T12:00:00Z,10.0,8.25,75.5,3.4950328,-0.039276123
2010-12-01T12:00:00Z,10.0,8.25,75.75,3.8373282,-0.15195483
2010-12-01T12:00:00Z,10.0,8.25,76.0,3.6619952,-0.4040178
2010-12-01T12:00:00Z,10.0,8.25,76.25,NaN,NaN
2010-12-01T12:00:00Z,10.0,8.25,76.5,NaN,NaN
2010-12-01T12:00:00Z,10.0,8.25,76.75,NaN,NaN
2010-12-01T12:00:00Z,10.0,8.25,77.0,NaN,NaN
2010-12-01T12:00:00Z,10.0,8.25,77.25,NaN,NaN
2010-12-01T12:00:00Z,10.0,8.25,77.5,NaN,NaN
2010-12-01T12:00:00Z,10.0,8.25,77.75,NaN,NaN
2010-12-01T12:00:00Z,10.0,8.25,78.0,NaN,NaN
2010-12-01T12:00:00Z,10.0,8.5,70.0,NaN,NaN
2010-12-01T12:00:00Z,10.0,8.5,70.25,NaN,NaN
2010-12-01T12:00:00Z,10.0,8.5,70.5,NaN,NaN
2010-12-01T12:00:00Z,10.0,8.5,70.75,NaN,NaN
2010-12-01T12:00:00Z,10.0,8.5,71.0,NaN,NaN
2010-12-01T12:00:00Z,10.0,8.5,71.25,NaN,NaN
2010-12-01T12:00:00Z,10.0,8.5,71.5,NaN,NaN
2010-12-01T12:00:00Z,10.0,8.5,71.75,NaN,NaN
2010-12-01T12:00:00Z,10.0,8.5,72.0,NaN,NaN
2010-12-01T12:00:00Z,10.0,8.5,72.25,-2.387592,3.561723
2010-12-01T12:00:00Z,10.0,8.5,72.5,-2.7127926,2.6791363
2010-12-01T12:00:00Z,10.0,8.5,72.75,-2.509201,2.4597595
2010-12-01T12:00:00Z,10.0,8.5,73.0,NaN,NaN
2010-12-01T12:00:00Z,10.0,8.5,73.25,NaN,NaN
2010-12-01T12:00:00Z,10.0,8.5,73.5,1.1362249,-5.1615133
2010-12-01T12:00:00Z,10.0,8.5,73.75,NaN,NaN
2010-12-01T12:00:00Z,10.0,8.5,74.0,1.9805859,-7.230603
2010-12-01T12:00:00Z,10.0,8.5,74.25,NaN,NaN
2010-12-01T12:00:00Z,10.0,8.5,74.5,3.4722137,-0.45150012
2010-12-01T12:00:00Z,10.0,8.5,74.75,3.4906209,0.24731107
2010-12-01T12:00:00Z,10.0,8.5,75.0,2.9657526,-0.9486695
2010-12-01T12:00:00Z,10.0,8.5,75.25,NaN,NaN
2010-12-01T12:00:00Z,10.0,8.5,75.5,NaN,NaN
2010-12-01T12:00:00Z,10.0,8.5,75.75,NaN,NaN
2010-12-01T12:00:00Z,10.0,8.5,76.0,3.3758793,0.23906444
2010-12-01T12:00:00Z,10.0,8.5,76.25,NaN,NaN
2010-12-01T12:00:00Z,10.0,8.5,76.5,NaN,NaN
2010-12-01T12:00:00Z,10.0,8.5,76.75,NaN,NaN
2010-12-01T12:00:00Z,10.0,8.5,77.0,NaN,NaN
2010-12-01T12:00:00Z,10.0,8.5,77.25,NaN,NaN
2010-12-01T12:00:00Z,10.0,8.5,77.5,NaN,NaN
2010-12-01T12:00:00Z,10.0,8.5,77.75,NaN,NaN
2010-12-01T12:00:00Z,10.0,8.5,78.0,NaN,NaN
2010-12-01T12:00:00Z,10.0,8.75,70.0,NaN,NaN
2010-12-01T12:00:00Z,10.0,8.75,70.25,NaN,NaN
2010-12-01T12:00:00Z,10.0,8.75,70.5,NaN,NaN
2010-12-01T12:00:00Z,10.0,8.75,70.75,NaN,NaN
2010-12-01T12:00:00Z,10.0,8.75,71.0,NaN,NaN
2010-12-01T12:00:00Z,10.0,8.75,71.25,NaN,NaN
2010-12-01T12:00:00Z,10.0,8.75,71.5,NaN,NaN
2010-12-01T12:00:00Z,10.0,8.75,71.75,NaN,NaN
2010-12-01T12:00:00Z,10.0,8.75,72.0,NaN,NaN
2010-12-01T12:00:00Z,10.0,8.75,72.25,-1.3922923,3.7264457
2010-12-01T12:00:00Z,10.0,8.75,72.5,-0.68247193,-0.2947446
2010-12-01T12:00:00Z,10.0,8.75,72.75,0.54820865,-4.1745286
2010-12-01T12:00:00Z,10.0,8.75,73.0,-2.3082857,-3.528638
2010-12-01T12:00:00Z,10.0,8.75,73.25,0.7792698,-6.9210043
2010-12-01T12:00:00Z,10.0,8.75,73.5,NaN,NaN
2010-12-01T12:00:00Z,10.0,8.75,73.75,NaN,NaN
2010-12-01T12:00:00Z,10.0,8.75,74.0,NaN,NaN
2010-12-01T12:00:00Z,10.0,8.75,74.25,-5.079617,0.27387673
2010-12-01T12:00:00Z,10.0,8.75,74.5,-1.3192344,-3.0832293
2010-12-01T12:00:00Z,10.0,8.75,74.75,-3.491202,-1.4507346
2010-12-01T12:00:00Z,10.0,8.75,75.0,2.405999,-1.8700292
2010-12-01T12:00:00Z,10.0,8.75,75.25,NaN,NaN
2010-12-01T12:00:00Z,10.0,8.75,75.5,NaN,NaN
2010-12-01T12:00:00Z,10.0,8.75,75.75,NaN,NaN
2010-12-01T12:00:00Z,10.0,8.75,76.0,NaN,NaN
2010-12-01T12:00:00Z,10.0,8.75,76.25,NaN,NaN
2010-12-01T12:00:00Z,10.0,8.75,76.5,NaN,NaN
2010-12-01T12:00:00Z,10.0,8.75,76.75,NaN,NaN
2010-12-01T12:00:00Z,10.0,8.75,77.0,NaN,NaN
2010-12-01T12:00:00Z,10.0,8.75,77.25,NaN,NaN
2010-12-01T12:00:00Z,10.0,8.75,77.5,NaN,NaN
2010-12-01T12:00:00Z,10.0,8.75,77.75,NaN,NaN
2010-12-01T12:00:00Z,10.0,8.75,78.0,NaN,NaN
2010-12-01T12:00:00Z,10.0,9.0,70.0,NaN,NaN
2010-12-01T12:00:00Z,10.0,9.0,70.25,NaN,NaN
2010-12-01T12:00:00Z,10.0,9.0,70.5,NaN,NaN
2010-12-01T12:00:00Z,10.0,9.0,70.75,NaN,NaN
2010-12-01T12:00:00Z,10.0,9.0,71.0,NaN,NaN
2010-12-01T12:00:00Z,10.0,9.0,71.25,NaN,NaN
2010-12-01T12:00:00Z,10.0,9.0,71.5,NaN,NaN
2010-12-01T12:00:00Z,10.0,9.0,71.75,NaN,NaN
2010-12-01T12:00:00Z,10.0,9.0,72.0,2.9015603,0.98619694
2010-12-01T12:00:00Z,10.0,9.0,72.25,-0.98368645,-0.70998824
2010-12-01T12:00:00Z,10.0,9.0,72.5,0.6983582,-3.8781497
2010-12-01T12:00:00Z,10.0,9.0,72.75,1.0361235,-5.5618734
2010-12-01T12:00:00Z,10.0,9.0,73.0,NaN,NaN
2010-12-01T12:00:00Z,10.0,9.0,73.25,NaN,NaN
2010-12-01T12:00:00Z,10.0,9.0,73.5,NaN,NaN
2010-12-01T12:00:00Z,10.0,9.0,73.75,NaN,NaN
2010-12-01T12:00:00Z,10.0,9.0,74.0,NaN,NaN
2010-12-01T12:00:00Z,10.0,9.0,74.25,-4.477615,-1.0720669
2010-12-01T12:00:00Z,10.0,9.0,74.5,-4.3322735,-1.3530614
2010-12-01T12:00:00Z,10.0,9.0,74.75,-3.4019861,-0.9278282
2010-12-01T12:00:00Z,10.0,9.0,75.0,NaN,NaN
2010-12-01T12:00:00Z,10.0,9.0,75.25,1.9740112,-2.7348905
2010-12-01T12:00:00Z,10.0,9.0,75.5,NaN,NaN
2010-12-01T12:00:00Z,10.0,9.0,75.75,NaN,NaN
2010-12-01T12:00:00Z,10.0,9.0,76.0,NaN,NaN
2010-12-01T12:00:00Z,10.0,9.0,76.25,NaN,NaN
2010-12-01T12:00:00Z,10.0,9.0,76.5,NaN,NaN
2010-12-01T12:00:00Z,10.0,9.0,76.75,NaN,NaN
2010-12-01T12:00:00Z,10.0,9.0,77.0,NaN,NaN
2010-12-01T12:00:00Z,10.0,9.0,77.25,NaN,NaN
2010-12-01T12:00:00Z,10.0,9.0,77.5,NaN,NaN
2010-12-01T12:00:00Z,10.0,9.0,77.75,NaN,NaN
2010-12-01T12:00:00Z,10.0,9.0,78.0,NaN,NaN
2010-12-01T12:00:00Z,10.0,9.25,70.0,NaN,NaN
2010-12-01T12:00:00Z,10.0,9.25,70.25,NaN,NaN
2010-12-01T12:00:00Z,10.0,9.25,70.5,NaN,NaN
2010-12-01T12:00:00Z,10.0,9.25,70.75,NaN,NaN
2010-12-01T12:00:00Z,10.0,9.25,71.0,NaN,NaN
2010-12-01T12:00:00Z,10.0,9.25,71.25,NaN,NaN
2010-12-01T12:00:00Z,10.0,9.25,71.5,NaN,NaN
2010-12-01T12:00:00Z,10.0,9.25,71.75,NaN,NaN
2010-12-01T12:00:00Z,10.0,9.25,72.0,NaN,NaN
2010-12-01T12:00:00Z,10.0,9.25,72.25,1.7117678,-1.8309027
2010-12-01T12:00:00Z,10.0,9.25,72.5,-0.02906788,-4.2280393
2010-12-01T12:00:00Z,10.0,9.25,72.75,-0.17317422,-4.7178636
2010-12-01T12:00:00Z,10.0,9.25,73.0,-0.35439694,-5.8147073
2010-12-01T12:00:00Z,10.0,9.25,73.25,NaN,NaN
2010-12-01T12:00:00Z,10.0,9.25,73.5,NaN,NaN
2010-12-01T12:00:00Z,10.0,9.25,73.75,NaN,NaN
2010-12-01T12:00:00Z,10.0,9.25,74.0,-4.7097416,-0.85965645
2010-12-01T12:00:00Z,10.0,9.25,74.25,-4.528439,-1.1660929
2010-12-01T12:00:00Z,10.0,9.25,74.5,-4.1511927,-2.2761953
2010-12-01T12:00:00Z,10.0,9.25,74.75,-1.4128047,-3.190429
2010-12-01T12:00:00Z,10.0,9.25,75.0,-2.0344355,-3.098689
2010-12-01T12:00:00Z,10.0,9.25,75.25,-1.0811425,-3.7834594
2010-12-01T12:00:00Z,10.0,9.25,75.5,NaN,NaN
2010-12-01T12:00:00Z,10.0,9.25,75.75,NaN,NaN
2010-12-01T12:00:00Z,10.0,9.25,76.0,NaN,NaN
2010-12-01T12:00:00Z,10.0,9.25,76.25,NaN,NaN
2010-12-01T12:00:00Z,10.0,9.25,76.5,NaN,NaN
2010-12-01T12:00:00Z,10.0,9.25,76.75,NaN,NaN
2010-12-01T12:00:00Z,10.0,9.25,77.0,NaN,NaN
2010-12-01T12:00:00Z,10.0,9.25,77.25,NaN,NaN
2010-12-01T12:00:00Z,10.0,9.25,77.5,NaN,NaN
2010-12-01T12:00:00Z,10.0,9.25,77.75,NaN,NaN
2010-12-01T12:00:00Z,10.0,9.25,78.0,NaN,NaN
2010-12-01T12:00:00Z,10.0,9.5,70.0,NaN,NaN
2010-12-01T12:00:00Z,10.0,9.5,70.25,NaN,NaN
2010-12-01T12:00:00Z,10.0,9.5,70.5,NaN,NaN
2010-12-01T12:00:00Z,10.0,9.5,70.75,NaN,NaN
2010-12-01T12:00:00Z,10.0,9.5,71.0,NaN,NaN
2010-12-01T12:00:00Z,10.0,9.5,71.25,NaN,NaN
2010-12-01T12:00:00Z,10.0,9.5,71.5,NaN,NaN
2010-12-01T12:00:00Z,10.0,9.5,71.75,NaN,NaN
2010-12-01T12:00:00Z,10.0,9.5,72.0,NaN,NaN
2010-12-01T12:00:00Z,10.0,9.5,72.25,NaN,NaN
2010-12-01T12:00:00Z,10.0,9.5,72.5,-0.3850299,-4.4863563
2010-12-01T12:00:00Z,10.0,9.5,72.75,-1.5047089,-4.2624335
2010-12-01T12:00:00Z,10.0,9.5,73.0,-3.0785925,-3.3695638
2010-12-01T12:00:00Z,10.0,9.5,73.25,NaN,NaN
2010-12-01T12:00:00Z,10.0,9.5,73.5,NaN,NaN
2010-12-01T12:00:00Z,10.0,9.5,73.75,NaN,NaN
2010-12-01T12:00:00Z,10.0,9.5,74.0,-4.4042864,0.21653904
2010-12-01T12:00:00Z,10.0,9.5,74.25,-4.0727735,-0.92407435
2010-12-01T12:00:00Z,10.0,9.5,74.5,-3.574401,-2.6664188
2010-12-01T12:00:00Z,10.0,9.5,74.75,-2.9913657,-2.9769483
2010-12-01T12:00:00Z,10.0,9.5,75.0,-2.9632282,-4.349892
2010-12-01T12:00:00Z,10.0,9.5,75.25,-2.448714,-4.3057656
2010-12-01T12:00:00Z,10.0,9.5,75.5,-2.0810432,-3.375793
2010-12-01T12:00:00Z,10.0,9.5,75.75,NaN,NaN
2010-12-01T12:00:00Z,10.0,9.5,76.0,NaN,NaN
2010-12-01T12:00:00Z,10.0,9.5,76.25,NaN,NaN
2010-12-01T12:00:00Z,10.0,9.5,76.5,NaN,NaN
2010-12-01T12:00:00Z,10.0,9.5,76.75,NaN,NaN
2010-12-01T12:00:00Z,10.0,9.5,77.0,NaN,NaN
2010-12-01T12:00:00Z,10.0,9.5,77.25,NaN,NaN
2010-12-01T12:00:00Z,10.0,9.5,77.5,NaN,NaN
2010-12-01T12:00:00Z,10.0,9.5,77.75,NaN,NaN
2010-12-01T12:00:00Z,10.0,9.5,78.0,NaN,NaN
2010-12-01T12:00:00Z,10.0,9.75,70.0,NaN,NaN
2010-12-01T12:00:00Z,10.0,9.75,70.25,NaN,NaN
2010-12-01T12:00:00Z,10.0,9.75,70.5,NaN,NaN
2010-12-01T12:00:00Z,10.0,9.75,70.75,NaN,NaN
2010-12-01T12:00:00Z,10.0,9.75,71.0,NaN,NaN
2010-12-01T12:00:00Z,10.0,9.75,71.25,NaN,NaN
2010-12-01T12:00:00Z,10.0,9.75,71.5,NaN,NaN
2010-12-01T12:00:00Z,10.0,9.75,71.75,NaN,NaN
2010-12-01T12:00:00Z,10.0,9.75,72.0,NaN,NaN
2010-12-01T12:00:00Z,10.0,9.75,72.25,NaN,NaN
2010-12-01T12:00:00Z,10.0,9.75,72.5,NaN,NaN
2010-12-01T12:00:00Z,10.0,9.75,72.75,-0.39828864,-3.9318962
2010-12-01T12:00:00Z,10.0,9.75,73.0,NaN,NaN
2010-12-01T12:00:00Z,10.0,9.75,73.25,NaN,NaN
2010-12-01T12:00:00Z,10.0,9.75,73.5,NaN,NaN
2010-12-01T12:00:00Z,10.0,9.75,73.75,-1.1474434,-2.928558
2010-12-01T12:00:00Z,10.0,9.75,74.0,-3.2764528,-0.11357844
2010-12-01T12:00:00Z,10.0,9.75,74.25,-3.4784782,-1.3271801
2010-12-01T12:00:00Z,10.0,9.75,74.5,-2.5860295,-3.2891574
2010-12-01T12:00:00Z,10.0,9.75,74.75,-2.9321675,-3.7403283
2010-12-01T12:00:00Z,10.0,9.75,75.0,-3.2758353,-3.9846144
2010-12-01T12:00:00Z,10.0,9.75,75.25,-3.412512,-3.7660387
2010-12-01T12:00:00Z,10.0,9.75,75.5,-3.2145996,-2.5310583
2010-12-01T12:00:00Z,10.0,9.75,75.75,-2.1696358,-2.3703098
2010-12-01T12:00:00Z,10.0,9.75,76.0,-2.6653357,-2.506697
2010-12-01T12:00:00Z,10.0,9.75,76.25,NaN,NaN
2010-12-01T12:00:00Z,10.0,9.75,76.5,NaN,NaN
2010-12-01T12:00:00Z,10.0,9.75,76.75,NaN,NaN
2010-12-01T12:00:00Z,10.0,9.75,77.0,NaN,NaN
2010-12-01T12:00:00Z,10.0,9.75,77.25,NaN,NaN
2010-12-01T12:00:00Z,10.0,9.75,77.5,NaN,NaN
2010-12-01T12:00:00Z,10.0,9.75,77.75,NaN,NaN
2010-12-01T12:00:00Z,10.0,9.75,78.0,NaN,NaN
2010-12-01T12:00:00Z,10.0,10.0,70.0,NaN,NaN
2010-12-01T12:00:00Z,10.0,10.0,70.25,NaN,NaN
2010-12-01T12:00:00Z,10.0,10.0,70.5,NaN,NaN
2010-12-01T12:00:00Z,10.0,10.0,70.75,NaN,NaN
2010-12-01T12:00:00Z,10.0,10.0,71.0,NaN,NaN
2010-12-01T12:00:00Z,10.0,10.0,71.25,NaN,NaN
2010-12-01T12:00:00Z,10.0,10.0,71.5,NaN,NaN
2010-12-01T12:00:00Z,10.0,10.0,71.75,NaN,NaN
2010-12-01T12:00:00Z,10.0,10.0,72.0,NaN,NaN
2010-12-01T12:00:00Z,10.0,10.0,72.25,NaN,NaN
2010-12-01T12:00:00Z,10.0,10.0,72.5,NaN,NaN
2010-12-01T12:00:00Z,10.0,10.0,72.75,NaN,NaN
2010-12-01T12:00:00Z,10.0,10.0,73.0,NaN,NaN
2010-12-01T12:00:00Z,10.0,10.0,73.25,NaN,NaN
2010-12-01T12:00:00Z,10.0,10.0,73.5,NaN,NaN
2010-12-01T12:00:00Z,10.0,10.0,73.75,NaN,NaN
2010-12-01T12:00:00Z,10.0,10.0,74.0,NaN,NaN
2010-12-01T12:00:00Z,10.0,10.0,74.25,NaN,NaN
2010-12-01T12:00:00Z,10.0,10.0,74.5,-3.6961508,-2.1160471
2010-12-01T12:00:00Z,10.0,10.0,74.75,-3.5561922,-3.7012844
2010-12-01T12:00:00Z,10.0,10.0,75.0,-4.529299,-4.2120247
2010-12-01T12:00:00Z,10.0,10.0,75.25,NaN,NaN
2010-12-01T12:00:00Z,10.0,10.0,75.5,NaN,NaN
2010-12-01T12:00:00Z,10.0,10.0,75.75,NaN,NaN
2010-12-01T12:00:00Z,10.0,10.0,76.0,NaN,NaN
2010-12-01T12:00:00Z,10.0,10.0,76.25,NaN,NaN
2010-12-01T12:00:00Z,10.0,10.0,76.5,NaN,NaN
2010-12-01T12:00:00Z,10.0,10.0,76.75,NaN,NaN
2010-12-01T12:00:00Z,10.0,10.0,77.0,NaN,NaN
2010-12-01T12:00:00Z,10.0,10.0,77.25,NaN,NaN
2010-12-01T12:00:00Z,10.0,10.0,77.5,NaN,NaN
2010-12-01T12:00:00Z,10.0,10.0,77.75,NaN,NaN
2010-12-01T12:00:00Z,10.0,10.0,78.0,NaN,NaN
2010-12-01T12:00:00Z,10.0,10.25,70.0,NaN,NaN
2010-12-01T12:00:00Z,10.0,10.25,70.25,NaN,NaN
2010-12-01T12:00:00Z,10.0,10.25,70.5,NaN,NaN
2010-12-01T12:00:00Z,10.0,10.25,70.75,NaN,NaN
2010-12-01T12:00:00Z,10.0,10.25,71.0,NaN,NaN
2010-12-01T12:00:00Z,10.0,10.25,71.25,NaN,NaN
2010-12-01T12:00:00Z,10.0,10.25,71.5,NaN,NaN
2010-12-01T12:00:00Z,10.0,10.25,71.75,NaN,NaN
2010-12-01T12:00:00Z,10.0,10.25,72.0,NaN,NaN
2010-12-01T12:00:00Z,10.0,10.25,72.25,NaN,NaN
2010-12-01T12:00:00Z,10.0,10.25,72.5,NaN,NaN
2010-12-01T12:00:00Z,10.0,10.25,72.75,NaN,NaN
2010-12-01T12:00:00Z,10.0,10.25,73.0,NaN,NaN
2010-12-01T12:00:00Z,10.0,10.25,73.25,NaN,NaN
2010-12-01T12:00:00Z,10.0,10.25,73.5,NaN,NaN
2010-12-01T12:00:00Z,10.0,10.25,73.75,NaN,NaN
2010-12-01T12:00:00Z,10.0,10.25,74.0,-3.3594036,0.53545004
2010-12-01T12:00:00Z,10.0,10.25,74.25,NaN,NaN
2010-12-01T12:00:00Z,10.0,10.25,74.5,NaN,NaN
2010-12-01T12:00:00Z,10.0,10.25,74.75,-0.89467174,-3.2966635
2010-12-01T12:00:00Z,10.0,10.25,75.0,-4.1017103,-2.5167289
2010-12-01T12:00:00Z,10.0,10.25,75.25,NaN,NaN
2010-12-01T12:00:00Z,10.0,10.25,75.5,NaN,NaN
2010-12-01T12:00:00Z,10.0,10.25,75.75,NaN,NaN
2010-12-01T12:00:00Z,10.0,10.25,76.0,NaN,NaN
2010-12-01T12:00:00Z,10.0,10.25,76.25,NaN,NaN
2010-12-01T12:00:00Z,10.0,10.25,76.5,NaN,NaN
2010-12-01T12:00:00Z,10.0,10.25,76.75,NaN,NaN
2010-12-01T12:00:00Z,10.0,10.25,77.0,NaN,NaN
2010-12-01T12:00:00Z,10.0,10.25,77.25,NaN,NaN
2010-12-01T12:00:00Z,10.0,10.25,77.5,NaN,NaN
2010-12-01T12:00:00Z,10.0,10.25,77.75,NaN,NaN
2010-12-01T12:00:00Z,10.0,10.25,78.0,NaN,NaN
2010-12-01T12:00:00Z,10.0,10.5,70.0,NaN,NaN
2010-12-01T12:00:00Z,10.0,10.5,70.25,NaN,NaN
2010-12-01T12:00:00Z,10.0,10.5,70.5,NaN,NaN
2010-12-01T12:00:00Z,10.0,10.5,70.75,NaN,NaN
2010-12-01T12:00:00Z,10.0,10.5,71.0,NaN,NaN
2010-12-01T12:00:00Z,10.0,10.5,71.25,NaN,NaN
2010-12-01T12:00:00Z,10.0,10.5,71.5,NaN,NaN
2010-12-01T12:00:00Z,10.0,10.5,71.75,NaN,NaN
2010-12-01T12:00:00Z,10.0,10.5,72.0,NaN,NaN
2010-12-01T12:00:00Z,10.0,10.5,72.25,NaN,NaN
2010-12-01T12:00:00Z,10.0,10.5,72.5,NaN,NaN
2010-12-01T12:00:00Z,10.0,10.5,72.75,NaN,NaN
2010-12-01T12:00:00Z,10.0,10.5,73.0,NaN,NaN
2010-12-01T12:00:00Z,10.0,10.5,73.25,NaN,NaN
2010-12-01T12:00:00Z,10.0,10.5,73.5,NaN,NaN
2010-12-01T12:00:00Z,10.0,10.5,73.75,NaN,NaN
2010-12-01T12:00:00Z,10.0,10.5,74.0,NaN,NaN
2010-12-01T12:00:00Z,10.0,10.5,74.25,NaN,NaN
2010-12-01T12:00:00Z,10.0,10.5,74.5,NaN,NaN
2010-12-01T12:00:00Z,10.0,10.5,74.75,NaN,NaN
2010-12-01T12:00:00Z,10.0,10.5,75.0,NaN,NaN
2010-12-01T12:00:00Z,10.0,10.5,75.25,NaN,NaN
2010-12-01T12:00:00Z,10.0,10.5,75.5,NaN,NaN
2010-12-01T12:00:00Z,10.0,10.5,75.75,NaN,NaN
2010-12-01T12:00:00Z,10.0,10.5,76.0,NaN,NaN
2010-12-01T12:00:00Z,10.0,10.5,76.25,NaN,NaN
2010-12-01T12:00:00Z,10.0,10.5,76.5,NaN,NaN
2010-12-01T12:00:00Z,10.0,10.5,76.75,NaN,NaN
2010-12-01T12:00:00Z,10.0,10.5,77.0,NaN,NaN
2010-12-01T12:00:00Z,10.0,10.5,77.25,NaN,NaN
2010-12-01T12:00:00Z,10.0,10.5,77.5,NaN,NaN
2010-12-01T12:00:00Z,10.0,10.5,77.75,NaN,NaN
2010-12-01T12:00:00Z,10.0,10.5,78.0,NaN,NaN
2010-12-01T12:00:00Z,10.0,10.75,70.0,NaN,NaN
2010-12-01T12:00:00Z,10.0,10.75,70.25,NaN,NaN
2010-12-01T12:00:00Z,10.0,10.75,70.5,NaN,NaN
2010-12-01T12:00:00Z,10.0,10.75,70.75,NaN,NaN
2010-12-01T12:00:00Z,10.0,10.75,71.0,NaN,NaN
2010-12-01T12:00:00Z,10.0,10.75,71.25,NaN,NaN
2010-12-01T12:00:00Z,10.0,10.75,71.5,NaN,NaN
2010-12-01T12:00:00Z,10.0,10.75,71.75,NaN,NaN
2010-12-01T12:00:00Z,10.0,10.75,72.0,NaN,NaN
2010-12-01T12:00:00Z,10.0,10.75,72.25,NaN,NaN
2010-12-01T12:00:00Z,10.0,10.75,72.5,NaN,NaN
2010-12-01T12:00:00Z,10.0,10.75,72.75,NaN,NaN
2010-12-01T12:00:00Z,10.0,10.75,73.0,NaN,NaN
2010-12-01T12:00:00Z,10.0,10.75,73.25,NaN,NaN
2010-12-01T12:00:00Z,10.0,10.75,73.5,NaN,NaN
2010-12-01T12:00:00Z,10.0,10.75,73.75,NaN,NaN
2010-12-01T12:00:00Z,10.0,10.75,74.0,NaN,NaN
2010-12-01T12:00:00Z,10.0,10.75,74.25,NaN,NaN
2010-12-01T12:00:00Z,10.0,10.75,74.5,NaN,NaN
2010-12-01T12:00:00Z,10.0,10.75,74.75,NaN,NaN
2010-12-01T12:00:00Z,10.0,10.75,75.0,NaN,NaN
2010-12-01T12:00:00Z,10.0,10.75,75.25,NaN,NaN
2010-12-01T12:00:00Z,10.0,10.75,75.5,NaN,NaN
2010-12-01T12:00:00Z,10.0,10.75,75.75,NaN,NaN
2010-12-01T12:00:00Z,10.0,10.75,76.0,NaN,NaN
2010-12-01T12:00:00Z,10.0,10.75,76.25,NaN,NaN
2010-12-01T12:00:00Z,10.0,10.75,76.5,NaN,NaN
2010-12-01T12:00:00Z,10.0,10.75,76.75,NaN,NaN
2010-12-01T12:00:00Z,10.0,10.75,77.0,NaN,NaN
2010-12-01T12:00:00Z,10.0,10.75,77.25,NaN,NaN
2010-12-01T12:00:00Z,10.0,10.75,77.5,NaN,NaN
2010-12-01T12:00:00Z,10.0,10.75,77.75,NaN,NaN
2010-12-01T12:00:00Z,10.0,10.75,78.0,NaN,NaN
2010-12-01T12:00:00Z,10.0,11.0,70.0,NaN,NaN
2010-12-01T12:00:00Z,10.0,11.0,70.25,NaN,NaN
2010-12-01T12:00:00Z,10.0,11.0,70.5,NaN,NaN
2010-12-01T12:00:00Z,10.0,11.0,70.75,NaN,NaN
2010-12-01T12:00:00Z,10.0,11.0,71.0,NaN,NaN
2010-12-01T12:00:00Z,10.0,11.0,71.25,NaN,NaN
2010-12-01T12:00:00Z,10.0,11.0,71.5,NaN,NaN
2010-12-01T12:00:00Z,10.0,11.0,71.75,NaN,NaN
2010-12-01T12:00:00Z,10.0,11.0,72.0,NaN,NaN
2010-12-01T12:00:00Z,10.0,11.0,72.25,NaN,NaN
2010-12-01T12:00:00Z,10.0,11.0,72.5,NaN,NaN
2010-12-01T12:00:00Z,10.0,11.0,72.75,NaN,NaN
2010-12-01T12:00:00Z,10.0,11.0,73.0,NaN,NaN
2010-12-01T12:00:00Z,10.0,11.0,73.25,NaN,NaN
2010-12-01T12:00:00Z,10.0,11.0,73.5,NaN,NaN
2010-12-01T12:00:00Z,10.0,11.0,73.75,NaN,NaN
2010-12-01T12:00:00Z,10.0,11.0,74.0,0.4400632,-3.1182985
2010-12-01T12:00:00Z,10.0,11.0,74.25,NaN,NaN
2010-12-01T12:00:00Z,10.0,11.0,74.5,NaN,NaN
2010-12-01T12:00:00Z,10.0,11.0,74.75,NaN,NaN
2010-12-01T12:00:00Z,10.0,11.0,75.0,NaN,NaN
2010-12-01T12:00:00Z,10.0,11.0,75.25,NaN,NaN
2010-12-01T12:00:00Z,10.0,11.0,75.5,NaN,NaN
2010-12-01T12:00:00Z,10.0,11.0,75.75,NaN,NaN
2010-12-01T12:00:00Z,10.0,11.0,76.0,NaN,NaN
2010-12-01T12:00:00Z,10.0,11.0,76.25,NaN,NaN
2010-12-01T12:00:00Z,10.0,11.0,76.5,NaN,NaN
2010-12-01T12:00:00Z,10.0,11.0,76.75,NaN,NaN
2010-12-01T12:00:00Z,10.0,11.0,77.0,NaN,NaN
2010-12-01T12:00:00Z,10.0,11.0,77.25,NaN,NaN
2010-12-01T12:00:00Z,10.0,11.0,77.5,NaN,NaN
2010-12-01T12:00:00Z,10.0,11.0,77.75,NaN,NaN
2010-12-01T12:00:00Z,10.0,11.0,78.0,NaN,NaN
2010-12-01T12:00:00Z,10.0,11.25,70.0,NaN,NaN
2010-12-01T12:00:00Z,10.0,11.25,70.25,NaN,NaN
2010-12-01T12:00:00Z,10.0,11.25,70.5,NaN,NaN
2010-12-01T12:00:00Z,10.0,11.25,70.75,NaN,NaN
2010-12-01T12:00:00Z,10.0,11.25,71.0,NaN,NaN
2010-12-01T12:00:00Z,10.0,11.25,71.25,NaN,NaN
2010-12-01T12:00:00Z,10.0,11.25,71.5,NaN,NaN
2010-12-01T12:00:00Z,10.0,11.25,71.75,NaN,NaN
2010-12-01T12:00:00Z,10.0,11.25,72.0,NaN,NaN
2010-12-01T12:00:00Z,10.0,11.25,72.25,NaN,NaN
2010-12-01T12:00:00Z,10.0,11.25,72.5,NaN,NaN
2010-12-01T12:00:00Z,10.0,11.25,72.75,NaN,NaN
2010-12-01T12:00:00Z,10.0,11.25,73.0,NaN,NaN
2010-12-01T12:00:00Z,10.0,11.25,73.25,NaN,NaN
2010-12-01T12:00:00Z,10.0,11.25,73.5,NaN,NaN
2010-12-01T12:00:00Z,10.0,11.25,73.75,NaN,NaN
2010-12-01T12:00:00Z,10.0,11.25,74.0,NaN,NaN
2010-12-01T12:00:00Z,10.0,11.25,74.25,NaN,NaN
2010-12-01T12:00:00Z,10.0,11.25,74.5,-0.5508739,-3.4037313
2010-12-01T12:00:00Z,10.0,11.25,74.75,-1.9126639,-2.1611521
2010-12-01T12:00:00Z,10.0,11.25,75.0,NaN,NaN
2010-12-01T12:00:00Z,10.0,11.25,75.25,NaN,NaN
2010-12-01T12:00:00Z,10.0,11.25,75.5,NaN,NaN
2010-12-01T12:00:00Z,10.0,11.25,75.75,NaN,NaN
2010-12-01T12:00:00Z,10.0,11.25,76.0,NaN,NaN
2010-12-01T12:00:00Z,10.0,11.25,76.25,NaN,NaN
2010-12-01T12:00:00Z,10.0,11.25,76.5,NaN,NaN
2010-12-01T12:00:00Z,10.0,11.25,76.75,NaN,NaN
2010-12-01T12:00:00Z,10.0,11.25,77.0,NaN,NaN
2010-12-01T12:00:00Z,10.0,11.25,77.25,NaN,NaN
2010-12-01T12:00:00Z,10.0,11.25,77.5,NaN,NaN
2010-12-01T12:00:00Z,10.0,11.25,77.75,NaN,NaN
2010-12-01T12:00:00Z,10.0,11.25,78.0,NaN,NaN
2010-12-01T12:00:00Z,10.0,11.5,70.0,NaN,NaN
2010-12-01T12:00:00Z,10.0,11.5,70.25,NaN,NaN
2010-12-01T12:00:00Z,10.0,11.5,70.5,NaN,NaN
2010-12-01T12:00:00Z,10.0,11.5,70.75,NaN,NaN
2010-12-01T12:00:00Z,10.0,11.5,71.0,NaN,NaN
2010-12-01T12:00:00Z,10.0,11.5,71.25,NaN,NaN
2010-12-01T12:00:00Z,10.0,11.5,71.5,NaN,NaN
2010-12-01T12:00:00Z,10.0,11.5,71.75,NaN,NaN
2010-12-01T12:00:00Z,10.0,11.5,72.0,NaN,NaN
2010-12-01T12:00:00Z,10.0,11.5,72.25,NaN,NaN
2010-12-01T12:00:00Z,10.0,11.5,72.5,NaN,NaN
2010-12-01T12:00:00Z,10.0,11.5,72.75,NaN,NaN
2010-12-01T12:00:00Z,10.0,11.5,73.0,NaN,NaN
2010-12-01T12:00:00Z,10.0,11.5,73.25,NaN,NaN
2010-12-01T12:00:00Z,10.0,11.5,73.5,NaN,NaN
2010-12-01T12:00:00Z,10.0,11.5,73.75,NaN,NaN
2010-12-01T12:00:00Z,10.0,11.5,74.0,-0.81398946,-3.0452821
2010-12-01T12:00:00Z,10.0,11.5,74.25,1.3627306,-2.8137984
2010-12-01T12:00:00Z,10.0,11.5,74.5,-1.8243675,-3.9915864
2010-12-01T12:00:00Z,10.0,11.5,74.75,-3.3467393,-1.2168317
2010-12-01T12:00:00Z,10.0,11.5,75.0,NaN,NaN
2010-12-01T12:00:00Z,10.0,11.5,75.25,NaN,NaN
2010-12-01T12:00:00Z,10.0,11.5,75.5,NaN,NaN
2010-12-01T12:00:00Z,10.0,11.5,75.75,NaN,NaN
2010-12-01T12:00:00Z,10.0,11.5,76.0,NaN,NaN
2010-12-01T12:00:00Z,10.0,11.5,76.25,NaN,NaN
2010-12-01T12:00:00Z,10.0,11.5,76.5,NaN,NaN
2010-12-01T12:00:00Z,10.0,11.5,76.75,NaN,NaN
2010-12-01T12:00:00Z,10.0,11.5,77.0,NaN,NaN
2010-12-01T12:00:00Z,10.0,11.5,77.25,NaN,NaN
2010-12-01T12:00:00Z,10.0,11.5,77.5,NaN,NaN
2010-12-01T12:00:00Z,10.0,11.5,77.75,NaN,NaN
2010-12-01T12:00:00Z,10.0,11.5,78.0,NaN,NaN
2010-12-01T12:00:00Z,10.0,11.75,70.0,NaN,NaN
2010-12-01T12:00:00Z,10.0,11.75,70.25,NaN,NaN
2010-12-01T12:00:00Z,10.0,11.75,70.5,NaN,NaN
2010-12-01T12:00:00Z,10.0,11.75,70.75,NaN,NaN
2010-12-01T12:00:00Z,10.0,11.75,71.0,NaN,NaN
2010-12-01T12:00:00Z,10.0,11.75,71.25,NaN,NaN
2010-12-01T12:00:00Z,10.0,11.75,71.5,NaN,NaN
2010-12-01T12:00:00Z,10.0,11.75,71.75,NaN,NaN
2010-12-01T12:00:00Z,10.0,11.75,72.0,NaN,NaN
2010-12-01T12:00:00Z,10.0,11.75,72.25,NaN,NaN
2010-12-01T12:00:00Z,10.0,11.75,72.5,NaN,NaN
2010-12-01T12:00:00Z,10.0,11.75,72.75,NaN,NaN
2010-12-01T12:00:00Z,10.0,11.75,73.0,1.1522505,-2.8160164
2010-12-01T12:00:00Z,10.0,11.75,73.25,NaN,NaN
2010-12-01T12:00:00Z,10.0,11.75,73.5,-3.0478218,-1.6383697
2010-12-01T12:00:00Z,10.0,11.75,73.75,-3.4010212,-2.6485295
2010-12-01T12:00:00Z,10.0,11.75,74.0,-0.7281537,-4.1693206
2010-12-01T12:00:00Z,10.0,11.75,74.25,-2.2752936,-3.63491
2010-12-01T12:00:00Z,10.0,11.75,74.5,-2.9890058,-2.284823
2010-12-01T12:00:00Z,10.0,11.75,74.75,-4.4348273,0.33870864
2010-12-01T12:00:00Z,10.0,11.75,75.0,-5.1854143,-0.08316633
2010-12-01T12:00:00Z,10.0,11.75,75.25,NaN,NaN
2010-12-01T12:00:00Z,10.0,11.75,75.5,NaN,NaN
2010-12-01T12:00:00Z,10.0,11.75,75.75,NaN,NaN
2010-12-01T12:00:00Z,10.0,11.75,76.0,NaN,NaN
2010-12-01T12:00:00Z,10.0,11.75,76.25,NaN,NaN
2010-12-01T12:00:00Z,10.0,11.75,76.5,NaN,NaN
2010-12-01T12:00:00Z,10.0,11.75,76.75,NaN,NaN
2010-12-01T12:00:00Z,10.0,11.75,77.0,NaN,NaN
2010-12-01T12:00:00Z,10.0,11.75,77.25,NaN,NaN
2010-12-01T12:00:00Z,10.0,11.75,77.5,NaN,NaN
2010-12-01T12:00:00Z,10.0,11.75,77.75,NaN,NaN
2010-12-01T12:00:00Z,10.0,11.75,78.0,NaN,NaN
2010-12-01T12:00:00Z,10.0,12.0,70.0,NaN,NaN
2010-12-01T12:00:00Z,10.0,12.0,70.25,NaN,NaN
2010-12-01T12:00:00Z,10.0,12.0,70.5,NaN,NaN
2010-12-01T12:00:00Z,10.0,12.0,70.75,NaN,NaN
2010-12-01T12:00:00Z,10.0,12.0,71.0,NaN,NaN
2010-12-01T12:00:00Z,10.0,12.0,71.25,-3.131021,-1.5952051
2010-12-01T12:00:00Z,10.0,12.0,71.5,-2.8145967,-1.322127
2010-12-01T12:00:00Z,10.0,12.0,71.75,NaN,NaN
2010-12-01T12:00:00Z,10.0,12.0,72.0,NaN,NaN
2010-12-01T12:00:00Z,10.0,12.0,72.25,NaN,NaN
2010-12-01T12:00:00Z,10.0,12.0,72.5,NaN,NaN
2010-12-01T12:00:00Z,10.0,12.0,72.75,NaN,NaN
2010-12-01T12:00:00Z,10.0,12.0,73.0,0.9675303,-3.1448367
2010-12-01T12:00:00Z,10.0,12.0,73.25,NaN,NaN
2010-12-01T12:00:00Z,10.0,12.0,73.5,-3.7864397,-1.622825
2010-12-01T12:00:00Z,10.0,12.0,73.75,-5.022045,-0.83333933
2010-12-01T12:00:00Z,10.0,12.0,74.0,-2.1067939,-2.5128508
2010-12-01T12:00:00Z,10.0,12.0,74.25,NaN,NaN
2010-12-01T12:00:00Z,10.0,12.0,74.5,NaN,NaN
2010-12-01T12:00:00Z,10.0,12.0,74.75,NaN,NaN
2010-12-01T12:00:00Z,10.0,12.0,75.0,NaN,NaN
2010-12-01T12:00:00Z,10.0,12.0,75.25,NaN,NaN
2010-12-01T12:00:00Z,10.0,12.0,75.5,NaN,NaN
2010-12-01T12:00:00Z,10.0,12.0,75.75,NaN,NaN
2010-12-01T12:00:00Z,10.0,12.0,76.0,NaN,NaN
2010-12-01T12:00:00Z,10.0,12.0,76.25,NaN,NaN
2010-12-01T12:00:00Z,10.0,12.0,76.5,NaN,NaN
2010-12-01T12:00:00Z,10.0,12.0,76.75,NaN,NaN
2010-12-01T12:00:00Z,10.0,12.0,77.0,NaN,NaN
2010-12-01T12:00:00Z,10.0,12.0,77.25,NaN,NaN
2010-12-01T12:00:00Z,10.0,12.0,77.5,NaN,NaN
2010-12-01T12:00:00Z,10.0,12.0,77.75,NaN,NaN
2010-12-01T12:00:00Z,10.0,12.0,78.0,NaN,NaN
2010-12-01T12:00:00Z,10.0,12.25,70.0,NaN,NaN
2010-12-01T12:00:00Z,10.0,12.25,70.25,NaN,NaN
2010-12-01T12:00:00Z,10.0,12.25,70.5,NaN,NaN
2010-12-01T12:00:00Z,10.0,12.25,70.75,NaN,NaN
2010-12-01T12:00:00Z,10.0,12.25,71.0,-3.5459216,-2.429254
2010-12-01T12:00:00Z,10.0,12.25,71.25,-3.4499106,-1.9170343
2010-12-01T12:00:00Z,10.0,12.25,71.5,-3.185458,-1.293718
2010-12-01T12:00:00Z,10.0,12.25,71.75,-3.3086195,-1.2935973
2010-12-01T12:00:00Z,10.0,12.25,72.0,-2.9375613,-0.82099766
2010-12-01T12:00:00Z,10.0,12.25,72.25,NaN,NaN
2010-12-01T12:00:00Z,10.0,12.25,72.5,NaN,NaN
2010-12-01T12:00:00Z,10.0,12.25,72.75,NaN,NaN
2010-12-01T12:00:00Z,10.0,12.25,73.0,0.57949054,-3.256818
2010-12-01T12:00:00Z,10.0,12.25,73.25,NaN,NaN
2010-12-01T12:00:00Z,10.0,12.25,73.5,-3.9732187,-0.587319
2010-12-01T12:00:00Z,10.0,12.25,73.75,-4.544535,-0.033400767
2010-12-01T12:00:00Z,10.0,12.25,74.0,-3.6649003,-0.17478411
2010-12-01T12:00:00Z,10.0,12.25,74.25,NaN,NaN
2010-12-01T12:00:00Z,10.0,12.25,74.5,NaN,NaN
2010-12-01T12:00:00Z,10.0,12.25,74.75,NaN,NaN
2010-12-01T12:00:00Z,10.0,12.25,75.0,NaN,NaN
2010-12-01T12:00:00Z,10.0,12.25,75.25,NaN,NaN
2010-12-01T12:00:00Z,10.0,12.25,75.5,NaN,NaN
2010-12-01T12:00:00Z,10.0,12.25,75.75,NaN,NaN
2010-12-01T12:00:00Z,10.0,12.25,76.0,NaN,NaN
2010-12-01T12:00:00Z,10.0,12.25,76.25,NaN,NaN
2010-12-01T12:00:00Z,10.0,12.25,76.5,NaN,NaN
2010-12-01T12:00:00Z,10.0,12.25,76.75,NaN,NaN
2010-12-01T12:00:00Z,10.0,12.25,77.0,NaN,NaN
2010-12-01T12:00:00Z,10.0,12.25,77.25,NaN,NaN
2010-12-01T12:00:00Z,10.0,12.25,77.5,NaN,NaN
2010-12-01T12:00:00Z,10.0,12.25,77.75,NaN,NaN
2010-12-01T12:00:00Z,10.0,12.25,78.0,NaN,NaN
2010-12-01T12:00:00Z,10.0,12.5,70.0,NaN,NaN
2010-12-01T12:00:00Z,10.0,12.5,70.25,NaN,NaN
2010-12-01T12:00:00Z,10.0,12.5,70.5,NaN,NaN
2010-12-01T12:00:00Z,10.0,12.5,70.75,NaN,NaN
2010-12-01T12:00:00Z,10.0,12.5,71.0,-3.5947726,-2.3945231
2010-12-01T12:00:00Z,10.0,12.5,71.25,-3.630598,-2.0832396
2010-12-01T12:00:00Z,10.0,12.5,71.5,-3.462993,-1.6727617
2010-12-01T12:00:00Z,10.0,12.5,71.75,-3.8286254,-1.1967484
2010-12-01T12:00:00Z,10.0,12.5,72.0,-3.451918,-0.94763136
2010-12-01T12:00:00Z,10.0,12.5,72.25,-3.0504508,-1.0573256
2010-12-01T12:00:00Z,10.0,12.5,72.5,NaN,NaN
2010-12-01T12:00:00Z,10.0,12.5,72.75,NaN,NaN
2010-12-01T12:00:00Z,10.0,12.5,73.0,-0.31836084,-3.136012
2010-12-01T12:00:00Z,10.0,12.5,73.25,NaN,NaN
2010-12-01T12:00:00Z,10.0,12.5,73.5,-3.8379195,0.22734416
2010-12-01T12:00:00Z,10.0,12.5,73.75,-3.367082,0.44620672
2010-12-01T12:00:00Z,10.0,12.5,74.0,-3.0375123,0.9287987
2010-12-01T12:00:00Z,10.0,12.5,74.25,NaN,NaN
2010-12-01T12:00:00Z,10.0,12.5,74.5,NaN,NaN
2010-12-01T12:00:00Z,10.0,12.5,74.75,NaN,NaN
2010-12-01T12:00:00Z,10.0,12.5,75.0,NaN,NaN
2010-12-01T12:00:00Z,10.0,12.5,75.25,NaN,NaN
2010-12-01T12:00:00Z,10.0,12.5,75.5,NaN,NaN
2010-12-01T12:00:00Z,10.0,12.5,75.75,NaN,NaN
2010-12-01T12:00:00Z,10.0,12.5,76.0,NaN,NaN
2010-12-01T12:00:00Z,10.0,12.5,76.25,NaN,NaN
2010-12-01T12:00:00Z,10.0,12.5,76.5,NaN,NaN
2010-12-01T12:00:00Z,10.0,12.5,76.75,NaN,NaN
2010-12-01T12:00:00Z,10.0,12.5,77.0,NaN,NaN
2010-12-01T12:00:00Z,10.0,12.5,77.25,NaN,NaN
2010-12-01T12:00:00Z,10.0,12.5,77.5,NaN,NaN
2010-12-01T12:00:00Z,10.0,12.5,77.75,NaN,NaN
2010-12-01T12:00:00Z,10.0,12.5,78.0,NaN,NaN
2010-12-01T12:00:00Z,10.0,12.75,70.0,NaN,NaN
2010-12-01T12:00:00Z,10.0,12.75,70.25,NaN,NaN
2010-12-01T12:00:00Z,10.0,12.75,70.5,NaN,NaN
2010-12-01T12:00:00Z,10.0,12.75,70.75,-4.063134,-2.1374784
2010-12-01T12:00:00Z,10.0,12.75,71.0,-3.7888465,-2.0856247
2010-12-01T12:00:00Z,10.0,12.75,71.25,-3.820489,-2.199491
2010-12-01T12:00:00Z,10.0,12.75,71.5,-3.849909,-1.4202483
2010-12-01T12:00:00Z,10.0,12.75,71.75,-4.052064,-0.80731004
2010-12-01T12:00:00Z,10.0,12.75,72.0,-3.6010787,-1.0847853
2010-12-01T12:00:00Z,10.0,12.75,72.25,-3.1648831,-0.88667685
2010-12-01T12:00:00Z,10.0,12.75,72.5,NaN,NaN
2010-12-01T12:00:00Z,10.0,12.75,72.75,NaN,NaN
2010-12-01T12:00:00Z,10.0,12.75,73.0,-2.5453134,-2.0802026
2010-12-01T12:00:00Z,10.0,12.75,73.25,-1.9609348,-3.2801082
2010-12-01T12:00:00Z,10.0,12.75,73.5,NaN,NaN
2010-12-01T12:00:00Z,10.0,12.75,73.75,-3.5866838,-0.12424522
2010-12-01T12:00:00Z,10.0,12.75,74.0,-4.145364,0.088654794
2010-12-01T12:00:00Z,10.0,12.75,74.25,NaN,NaN
2010-12-01T12:00:00Z,10.0,12.75,74.5,NaN,NaN
2010-12-01T12:00:00Z,10.0,12.75,74.75,NaN,NaN
2010-12-01T12:00:00Z,10.0,12.75,75.0,NaN,NaN
2010-12-01T12:00:00Z,10.0,12.75,75.25,NaN,NaN
2010-12-01T12:00:00Z,10.0,12.75,75.5,NaN,NaN
2010-12-01T12:00:00Z,10.0,12.75,75.75,NaN,NaN
2010-12-01T12:00:00Z,10.0,12.75,76.0,NaN,NaN
2010-12-01T12:00:00Z,10.0,12.75,76.25,NaN,NaN
2010-12-01T12:00:00Z,10.0,12.75,76.5,NaN,NaN
2010-12-01T12:00:00Z,10.0,12.75,76.75,NaN,NaN
2010-12-01T12:00:00Z,10.0,12.75,77.0,NaN,NaN
2010-12-01T12:00:00Z,10.0,12.75,77.25,NaN,NaN
2010-12-01T12:00:00Z,10.0,12.75,77.5,NaN,NaN
2010-12-01T12:00:00Z,10.0,12.75,77.75,NaN,NaN
2010-12-01T12:00:00Z,10.0,12.75,78.0,NaN,NaN
2010-12-01T12:00:00Z,10.0,13.0,70.0,NaN,NaN
2010-12-01T12:00:00Z,10.0,13.0,70.25,NaN,NaN
2010-12-01T12:00:00Z,10.0,13.0,70.5,NaN,NaN
2010-12-01T12:00:00Z,10.0,13.0,70.75,-4.4550796,-1.7705531
2010-12-01T12:00:00Z,10.0,13.0,71.0,-3.9417431,-1.5253744
2010-12-01T12:00:00Z,10.0,13.0,71.25,-4.060972,-1.5550758
2010-12-01T12:00:00Z,10.0,13.0,71.5,-4.057626,-1.6571375
2010-12-01T12:00:00Z,10.0,13.0,71.75,-3.8481066,-0.96469474
2010-12-01T12:00:00Z,10.0,13.0,72.0,-3.76572,-1.1957927
2010-12-01T12:00:00Z,10.0,13.0,72.25,-3.210553,-0.5261609
2010-12-01T12:00:00Z,10.0,13.0,72.5,NaN,NaN
2010-12-01T12:00:00Z,10.0,13.0,72.75,NaN,NaN
2010-12-01T12:00:00Z,10.0,13.0,73.0,NaN,NaN
2010-12-01T12:00:00Z,10.0,13.0,73.25,-4.3040295,-1.8954402
2010-12-01T12:00:00Z,10.0,13.0,73.5,-4.1939187,-1.5880687
2010-12-01T12:00:00Z,10.0,13.0,73.75,-4.3413424,-1.7330436
2010-12-01T12:00:00Z,10.0,13.0,74.0,-4.4657726,0.15378074
2010-12-01T12:00:00Z,10.0,13.0,74.25,NaN,NaN
2010-12-01T12:00:00Z,10.0,13.0,74.5,NaN,NaN
2010-12-01T12:00:00Z,10.0,13.0,74.75,NaN,NaN
2010-12-01T12:00:00Z,10.0,13.0,75.0,NaN,NaN
2010-12-01T12:00:00Z,10.0,13.0,75.25,NaN,NaN
2010-12-01T12:00:00Z,10.0,13.0,75.5,NaN,NaN
2010-12-01T12:00:00Z,10.0,13.0,75.75,NaN,NaN
2010-12-01T12:00:00Z,10.0,13.0,76.0,NaN,NaN
2010-12-01T12:00:00Z,10.0,13.0,76.25,NaN,NaN
2010-12-01T12:00:00Z,10.0,13.0,76.5,NaN,NaN
2010-12-01T12:00:00Z,10.0,13.0,76.75,NaN,NaN
2010-12-01T12:00:00Z,10.0,13.0,77.0,NaN,NaN
2010-12-01T12:00:00Z,10.0,13.0,77.25,NaN,NaN
2010-12-01T12:00:00Z,10.0,13.0,77.5,NaN,NaN
2010-12-01T12:00:00Z,10.0,13.0,77.75,NaN,NaN
2010-12-01T12:00:00Z,10.0,13.0,78.0,NaN,NaN
2010-12-01T12:00:00Z,10.0,13.25,70.0,NaN,NaN
2010-12-01T12:00:00Z,10.0,13.25,70.25,NaN,NaN
2010-12-01T12:00:00Z,10.0,13.25,70.5,NaN,NaN
2010-12-01T12:00:00Z,10.0,13.25,70.75,-4.4892282,-1.886424
2010-12-01T12:00:00Z,10.0,13.25,71.0,-4.379113,-1.1827533
2010-12-01T12:00:00Z,10.0,13.25,71.25,-4.008979,-1.1222538
2010-12-01T12:00:00Z,10.0,13.25,71.5,-4.011631,-1.031447
2010-12-01T12:00:00Z,10.0,13.25,71.75,-3.7868202,-0.70278454
2010-12-01T12:00:00Z,10.0,13.25,72.0,-3.5424526,-1.197667
2010-12-01T12:00:00Z,10.0,13.25,72.25,-2.950902,-1.0113391
2010-12-01T12:00:00Z,10.0,13.25,72.5,NaN,NaN
2010-12-01T12:00:00Z,10.0,13.25,72.75,NaN,NaN
2010-12-01T12:00:00Z,10.0,13.25,73.0,NaN,NaN
2010-12-01T12:00:00Z,10.0,13.25,73.25,-5.0985227,-2.7110178
2010-12-01T12:00:00Z,10.0,13.25,73.5,-5.189905,-1.7324109
2010-12-01T12:00:00Z,10.0,13.25,73.75,-3.7386868,-0.050214946
2010-12-01T12:00:00Z,10.0,13.25,74.0,-3.8813443,-1.366523
2010-12-01T12:00:00Z,10.0,13.25,74.25,NaN,NaN
2010-12-01T12:00:00Z,10.0,13.25,74.5,NaN,NaN
2010-12-01T12:00:00Z,10.0,13.25,74.75,NaN,NaN
2010-12-01T12:00:00Z,10.0,13.25,75.0,NaN,NaN
2010-12-01T12:00:00Z,10.0,13.25,75.25,NaN,NaN
2010-12-01T12:00:00Z,10.0,13.25,75.5,NaN,NaN
2010-12-01T12:00:00Z,10.0,13.25,75.75,NaN,NaN
2010-12-01T12:00:00Z,10.0,13.25,76.0,NaN,NaN
2010-12-01T12:00:00Z,10.0,13.25,76.25,NaN,NaN
2010-12-01T12:00:00Z,10.0,13.25,76.5,NaN,NaN
2010-12-01T12:00:00Z,10.0,13.25,76.75,NaN,NaN
2010-12-01T12:00:00Z,10.0,13.25,77.0,NaN,NaN
2010-12-01T12:00:00Z,10.0,13.25,77.25,NaN,NaN
2010-12-01T12:00:00Z,10.0,13.25,77.5,NaN,NaN
2010-12-01T12:00:00Z,10.0,13.25,77.75,NaN,NaN
2010-12-01T12:00:00Z,10.0,13.25,78.0,NaN,NaN
2010-12-01T12:00:00Z,10.0,13.5,70.0,NaN,NaN
2010-12-01T12:00:00Z,10.0,13.5,70.25,NaN,NaN
2010-12-01T12:00:00Z,10.0,13.5,70.5,NaN,NaN
2010-12-01T12:00:00Z,10.0,13.5,70.75,-4.6751814,-1.5495033
2010-12-01T12:00:00Z,10.0,13.5,71.0,-4.5607543,-1.1804786
2010-12-01T12:00:00Z,10.0,13.5,71.25,-4.1678877,-1.3467295
2010-12-01T12:00:00Z,10.0,13.5,71.5,-4.204049,-0.97128934
2010-12-01T12:00:00Z,10.0,13.5,71.75,-3.7004566,-1.3750949
2010-12-01T12:00:00Z,10.0,13.5,72.0,-3.253876,-1.5975726
2010-12-01T12:00:00Z,10.0,13.5,72.25,-2.9931796,-1.180711
2010-12-01T12:00:00Z,10.0,13.5,72.5,NaN,NaN
2010-12-01T12:00:00Z,10.0,13.5,72.75,NaN,NaN
2010-12-01T12:00:00Z,10.0,13.5,73.0,NaN,NaN
2010-12-01T12:00:00Z,10.0,13.5,73.25,-5.765738,-2.0425758
2010-12-01T12:00:00Z,10.0,13.5,73.5,-6.038683,-1.9311804
2010-12-01T12:00:00Z,10.0,13.5,73.75,-5.977242,-0.7964708
2010-12-01T12:00:00Z,10.0,13.5,74.0,-5.70895,-1.2411892
2010-12-01T12:00:00Z,10.0,13.5,74.25,NaN,NaN
2010-12-01T12:00:00Z,10.0,13.5,74.5,NaN,NaN
2010-12-01T12:00:00Z,10.0,13.5,74.75,NaN,NaN
2010-12-01T12:00:00Z,10.0,13.5,75.0,NaN,NaN
2010-12-01T12:00:00Z,10.0,13.5,75.25,NaN,NaN
2010-12-01T12:00:00Z,10.0,13.5,75.5,NaN,NaN
2010-12-01T12:00:00Z,10.0,13.5,75.75,NaN,NaN
2010-12-01T12:00:00Z,10.0,13.5,76.0,NaN,NaN
2010-12-01T12:00:00Z,10.0,13.5,76.25,NaN,NaN
2010-12-01T12:00:00Z,10.0,13.5,76.5,NaN,NaN
2010-12-01T12:00:00Z,10.0,13.5,76.75,NaN,NaN
2010-12-01T12:00:00Z,10.0,13.5,77.0,NaN,NaN
2010-12-01T12:00:00Z,10.0,13.5,77.25,NaN,NaN
2010-12-01T12:00:00Z,10.0,13.5,77.5,NaN,NaN
2010-12-01T12:00:00Z,10.0,13.5,77.75,NaN,NaN
2010-12-01T12:00:00Z,10.0,13.5,78.0,NaN,NaN
2010-12-01T12:00:00Z,10.0,13.75,70.0,NaN,NaN
2010-12-01T12:00:00Z,10.0,13.75,70.25,NaN,NaN
2010-12-01T12:00:00Z,10.0,13.75,70.5,NaN,NaN
2010-12-01T12:00:00Z,10.0,13.75,70.75,-4.695541,-2.0143757
2010-12-01T12:00:00Z,10.0,13.75,71.0,-4.6497874,-1.7217718
2010-12-01T12:00:00Z,10.0,13.75,71.25,-4.363709,-1.5078282
2010-12-01T12:00:00Z,10.0,13.75,71.5,-4.304403,-1.1842827
2010-12-01T12:00:00Z,10.0,13.75,71.75,-4.154739,-1.112734
2010-12-01T12:00:00Z,10.0,13.75,72.0,-3.4460483,-1.1895393
2010-12-01T12:00:00Z,10.0,13.75,72.25,NaN,NaN
2010-12-01T12:00:00Z,10.0,13.75,72.5,NaN,NaN
2010-12-01T12:00:00Z,10.0,13.75,72.75,NaN,NaN
2010-12-01T12:00:00Z,10.0,13.75,73.0,NaN,NaN
2010-12-01T12:00:00Z,10.0,13.75,73.25,-5.5590525,-3.5366375
2010-12-01T12:00:00Z,10.0,13.75,73.5,-6.0195723,-3.1453843
2010-12-01T12:00:00Z,10.0,13.75,73.75,-5.488439,-3.6024675
2010-12-01T12:00:00Z,10.0,13.75,74.0,-5.186146,-1.4585971
2010-12-01T12:00:00Z,10.0,13.75,74.25,NaN,NaN
2010-12-01T12:00:00Z,10.0,13.75,74.5,NaN,NaN
2010-12-01T12:00:00Z,10.0,13.75,74.75,NaN,NaN
2010-12-01T12:00:00Z,10.0,13.75,75.0,NaN,NaN
2010-12-01T12:00:00Z,10.0,13.75,75.25,NaN,NaN
2010-12-01T12:00:00Z,10.0,13.75,75.5,NaN,NaN
2010-12-01T12:00:00Z,10.0,13.75,75.75,NaN,NaN
2010-12-01T12:00:00Z,10.0,13.75,76.0,NaN,NaN
2010-12-01T12:00:00Z,10.0,13.75,76.25,NaN,NaN
2010-12-01T12:00:00Z,10.0,13.75,76.5,NaN,NaN
2010-12-01T12:00:00Z,10.0,13.75,76.75,NaN,NaN
2010-12-01T12:00:00Z,10.0,13.75,77.0,NaN,NaN
2010-12-01T12:00:00Z,10.0,13.75,77.25,NaN,NaN
2010-12-01T12:00:00Z,10.0,13.75,77.5,NaN,NaN
2010-12-01T12:00:00Z,10.0,13.75,77.75,NaN,NaN
2010-12-01T12:00:00Z,10.0,13.75,78.0,NaN,NaN
2010-12-01T12:00:00Z,10.0,14.0,70.0,NaN,NaN
2010-12-01T12:00:00Z,10.0,14.0,70.25,NaN,NaN
2010-12-01T12:00:00Z,10.0,14.0,70.5,-4.5629478,-2.0459964
2010-12-01T12:00:00Z,10.0,14.0,70.75,-4.384811,-1.7126571
2010-12-01T12:00:00Z,10.0,14.0,71.0,-4.798281,-1.5522468
2010-12-01T12:00:00Z,10.0,14.0,71.25,-4.2549863,-1.493632
2010-12-01T12:00:00Z,10.0,14.0,71.5,-4.2679396,-1.2202469
2010-12-01T12:00:00Z,10.0,14.0,71.75,-4.0706997,-0.99633783
2010-12-01T12:00:00Z,10.0,14.0,72.0,-3.2995384,-0.84094137
2010-12-01T12:00:00Z,10.0,14.0,72.25,NaN,NaN
2010-12-01T12:00:00Z,10.0,14.0,72.5,NaN,NaN
2010-12-01T12:00:00Z,10.0,14.0,72.75,NaN,NaN
2010-12-01T12:00:00Z,10.0,14.0,73.0,NaN,NaN
2010-12-01T12:00:00Z,10.0,14.0,73.25,NaN,NaN
2010-12-01T12:00:00Z,10.0,14.0,73.5,NaN,NaN
2010-12-01T12:00:00Z,10.0,14.0,73.75,NaN,NaN
2010-12-01T12:00:00Z,10.0,14.0,74.0,NaN,NaN
2010-12-01T12:00:00Z,10.0,14.0,74.25,NaN,NaN
2010-12-01T12:00:00Z,10.0,14.0,74.5,NaN,NaN
2010-12-01T12:00:00Z,10.0,14.0,74.75,NaN,NaN
2010-12-01T12:00:00Z,10.0,14.0,75.0,NaN,NaN
2010-12-01T12:00:00Z,10.0,14.0,75.25,NaN,NaN
2010-12-01T12:00:00Z,10.0,14.0,75.5,NaN,NaN
2010-12-01T12:00:00Z,10.0,14.0,75.75,NaN,NaN
2010-12-01T12:00:00Z,10.0,14.0,76.0,NaN,NaN
2010-12-01T12:00:00Z,10.0,14.0,76.25,NaN,NaN
2010-12-01T12:00:00Z,10.0,14.0,76.5,NaN,NaN
2010-12-01T12:00:00Z,10.0,14.0,76.75,NaN,NaN
2010-12-01T12:00:00Z,10.0,14.0,77.0,NaN,NaN
2010-12-01T12:00:00Z,10.0,14.0,77.25,NaN,NaN
2010-12-01T12:00:00Z,10.0,14.0,77.5,NaN,NaN
2010-12-01T12:00:00Z,10.0,14.0,77.75,NaN,NaN
2010-12-01T12:00:00Z,10.0,14.0,78.0,NaN,NaN
2010-12-01T12:00:00Z,10.0,14.25,70.0,NaN,NaN
2010-12-01T12:00:00Z,10.0,14.25,70.25,NaN,NaN
2010-12-01T12:00:00Z,10.0,14.25,70.5,-4.1948595,-2.0404582
2010-12-01T12:00:00Z,10.0,14.25,70.75,-3.954557,-1.9996438
2010-12-01T12:00:00Z,10.0,14.25,71.0,-4.082939,-1.5551367
2010-12-01T12:00:00Z,10.0,14.25,71.25,-3.6246312,-1.4369346
2010-12-01T12:00:00Z,10.0,14.25,71.5,-3.6086087,-1.1056058
2010-12-01T12:00:00Z,10.0,14.25,71.75,-3.0642054,-1.1389284
2010-12-01T12:00:00Z,10.0,14.25,72.0,NaN,NaN
2010-12-01T12:00:00Z,10.0,14.25,72.25,NaN,NaN
2010-12-01T12:00:00Z,10.0,14.25,72.5,NaN,NaN
2010-12-01T12:00:00Z,10.0,14.25,72.75,NaN,NaN
2010-12-01T12:00:00Z,10.0,14.25,73.0,NaN,NaN
2010-12-01T12:00:00Z,10.0,14.25,73.25,NaN,NaN
2010-12-01T12:00:00Z,10.0,14.25,73.5,NaN,NaN
2010-12-01T12:00:00Z,10.0,14.25,73.75,NaN,NaN
2010-12-01T12:00:00Z,10.0,14.25,74.0,NaN,NaN
2010-12-01T12:00:00Z,10.0,14.25,74.25,NaN,NaN
2010-12-01T12:00:00Z,10.0,14.25,74.5,NaN,NaN
2010-12-01T12:00:00Z,10.0,14.25,74.75,NaN,NaN
2010-12-01T12:00:00Z,10.0,14.25,75.0,NaN,NaN
2010-12-01T12:00:00Z,10.0,14.25,75.25,NaN,NaN
2010-12-01T12:00:00Z,10.0,14.25,75.5,NaN,NaN
2010-12-01T12:00:00Z,10.0,14.25,75.75,NaN,NaN
2010-12-01T12:00:00Z,10.0,14.25,76.0,NaN,NaN
2010-12-01T12:00:00Z,10.0,14.25,76.25,NaN,NaN
2010-12-01T12:00:00Z,10.0,14.25,76.5,NaN,NaN
2010-12-01T12:00:00Z,10.0,14.25,76.75,NaN,NaN
2010-12-01T12:00:00Z,10.0,14.25,77.0,NaN,NaN
2010-12-01T12:00:00Z,10.0,14.25,77.25,NaN,NaN
2010-12-01T12:00:00Z,10.0,14.25,77.5,NaN,NaN
2010-12-01T12:00:00Z,10.0,14.25,77.75,NaN,NaN
2010-12-01T12:00:00Z,10.0,14.25,78.0,NaN,NaN
2010-12-01T12:00:00Z,10.0,14.5,70.0,NaN,NaN
2010-12-01T12:00:00Z,10.0,14.5,70.25,NaN,NaN
2010-12-01T12:00:00Z,10.0,14.5,70.5,-3.6661756,-1.6660261
2010-12-01T12:00:00Z,10.0,14.5,70.75,-3.2191198,-1.9194717
2010-12-01T12:00:00Z,10.0,14.5,71.0,-3.0172684,-1.5215616
2010-12-01T12:00:00Z,10.0,14.5,71.25,NaN,NaN
2010-12-01T12:00:00Z,10.0,14.5,71.5,NaN,NaN
2010-12-01T12:00:00Z,10.0,14.5,71.75,NaN,NaN
2010-12-01T12:00:00Z,10.0,14.5,72.0,NaN,NaN
2010-12-01T12:00:00Z,10.0,14.5,72.25,NaN,NaN
2010-12-01T12:00:00Z,10.0,14.5,72.5,NaN,NaN
2010-12-01T12:00:00Z,10.0,14.5,72.75,NaN,NaN
2010-12-01T12:00:00Z,10.0,14.5,73.0,NaN,NaN
2010-12-01T12:00:00Z,10.0,14.5,73.25,NaN,NaN
2010-12-01T12:00:00Z,10.0,14.5,73.5,NaN,NaN
2010-12-01T12:00:00Z,10.0,14.5,73.75,NaN,NaN
2010-12-01T12:00:00Z,10.0,14.5,74.0,NaN,NaN
2010-12-01T12:00:00Z,10.0,14.5,74.25,NaN,NaN
2010-12-01T12:00:00Z,10.0,14.5,74.5,NaN,NaN
2010-12-01T12:00:00Z,10.0,14.5,74.75,NaN,NaN
2010-12-01T12:00:00Z,10.0,14.5,75.0,NaN,NaN
2010-12-01T12:00:00Z,10.0,14.5,75.25,NaN,NaN
2010-12-01T12:00:00Z,10.0,14.5,75.5,NaN,NaN
2010-12-01T12:00:00Z,10.0,14.5,75.75,NaN,NaN
2010-12-01T12:00:00Z,10.0,14.5,76.0,NaN,NaN
2010-12-01T12:00:00Z,10.0,14.5,76.25,NaN,NaN
2010-12-01T12:00:00Z,10.0,14.5,76.5,NaN,NaN
2010-12-01T12:00:00Z,10.0,14.5,76.75,NaN,NaN
2010-12-01T12:00:00Z,10.0,14.5,77.0,NaN,NaN
2010-12-01T12:00:00Z,10.0,14.5,77.25,NaN,NaN
2010-12-01T12:00:00Z,10.0,14.5,77.5,NaN,NaN
2010-12-01T12:00:00Z,10.0,14.5,77.75,NaN,NaN
2010-12-01T12:00:00Z,10.0,14.5,78.0,NaN,NaN
2010-12-01T12:00:00Z,10.0,14.75,70.0,NaN,NaN
2010-12-01T12:00:00Z,10.0,14.75,70.25,-3.5391448,-1.649344
2010-12-01T12:00:00Z,10.0,14.75,70.5,-3.1867769,-1.5879871
2010-12-01T12:00:00Z,10.0,14.75,70.75,-2.9876914,-1.7631408
2010-12-01T12:00:00Z,10.0,14.75,71.0,-2.7276967,-1.3867725
2010-12-01T12:00:00Z,10.0,14.75,71.25,NaN,NaN
2010-12-01T12:00:00Z,10.0,14.75,71.5,NaN,NaN
2010-12-01T12:00:00Z,10.0,14.75,71.75,NaN,NaN
2010-12-01T12:00:00Z,10.0,14.75,72.0,NaN,NaN
2010-12-01T12:00:00Z,10.0,14.75,72.25,NaN,NaN
2010-12-01T12:00:00Z,10.0,14.75,72.5,NaN,NaN
2010-12-01T12:00:00Z,10.0,14.75,72.75,NaN,NaN
2010-12-01T12:00:00Z,10.0,14.75,73.0,NaN,NaN
2010-12-01T12:00:00Z,10.0,14.75,73.25,NaN,NaN
2010-12-01T12:00:00Z,10.0,14.75,73.5,NaN,NaN
2010-12-01T12:00:00Z,10.0,14.75,73.75,NaN,NaN
2010-12-01T12:00:00Z,10.0,14.75,74.0,NaN,NaN
2010-12-01T12:00:00Z,10.0,14.75,74.25,NaN,NaN
2010-12-01T12:00:00Z,10.0,14.75,74.5,NaN,NaN
2010-12-01T12:00:00Z,10.0,14.75,74.75,NaN,NaN
2010-12-01T12:00:00Z,10.0,14.75,75.0,NaN,NaN
2010-12-01T12:00:00Z,10.0,14.75,75.25,NaN,NaN
2010-12-01T12:00:00Z,10.0,14.75,75.5,NaN,NaN
2010-12-01T12:00:00Z,10.0,14.75,75.75,NaN,NaN
2010-12-01T12:00:00Z,10.0,14.75,76.0,NaN,NaN
2010-12-01T12:00:00Z,10.0,14.75,76.25,NaN,NaN
2010-12-01T12:00:00Z,10.0,14.75,76.5,NaN,NaN
2010-12-01T12:00:00Z,10.0,14.75,76.75,NaN,NaN
2010-12-01T12:00:00Z,10.0,14.75,77.0,NaN,NaN
2010-12-01T12:00:00Z,10.0,14.75,77.25,NaN,NaN
2010-12-01T12:00:00Z,10.0,14.75,77.5,NaN,NaN
2010-12-01T12:00:00Z,10.0,14.75,77.75,NaN,NaN
2010-12-01T12:00:00Z,10.0,14.75,78.0,NaN,NaN
2010-12-01T12:00:00Z,10.0,15.0,70.0,NaN,NaN
2010-12-01T12:00:00Z,10.0,15.0,70.25,-3.5004177,-1.8930569
2010-12-01T12:00:00Z,10.0,15.0,70.5,-3.232447,-1.5714266
2010-12-01T12:00:00Z,10.0,15.0,70.75,-2.9886422,-1.7733127
2010-12-01T12:00:00Z,10.0,15.0,71.0,NaN,NaN
2010-12-01T12:00:00Z,10.0,15.0,71.25,NaN,NaN
2010-12-01T12:00:00Z,10.0,15.0,71.5,NaN,NaN
2010-12-01T12:00:00Z,10.0,15.0,71.75,NaN,NaN
2010-12-01T12:00:00Z,10.0,15.0,72.0,NaN,NaN
2010-12-01T12:00:00Z,10.0,15.0,72.25,NaN,NaN
2010-12-01T12:00:00Z,10.0,15.0,72.5,NaN,NaN
2010-12-01T12:00:00Z,10.0,15.0,72.75,NaN,NaN
2010-12-01T12:00:00Z,10.0,15.0,73.0,NaN,NaN
2010-12-01T12:00:00Z,10.0,15.0,73.25,NaN,NaN
2010-12-01T12:00:00Z,10.0,15.0,73.5,NaN,NaN
2010-12-01T12:00:00Z,10.0,15.0,73.75,NaN,NaN
2010-12-01T12:00:00Z,10.0,15.0,74.0,NaN,NaN
2010-12-01T12:00:00Z,10.0,15.0,74.25,NaN,NaN
2010-12-01T12:00:00Z,10.0,15.0,74.5,NaN,NaN
2010-12-01T12:00:00Z,10.0,15.0,74.75,NaN,NaN
2010-12-01T12:00:00Z,10.0,15.0,75.0,NaN,NaN
2010-12-01T12:00:00Z,10.0,15.0,75.25,NaN,NaN
2010-12-01T12:00:00Z,10.0,15.0,75.5,NaN,NaN
2010-12-01T12:00:00Z,10.0,15.0,75.75,NaN,NaN
2010-12-01T12:00:00Z,10.0,15.0,76.0,NaN,NaN
2010-12-01T12:00:00Z,10.0,15.0,76.25,NaN,NaN
2010-12-01T12:00:00Z,10.0,15.0,76.5,NaN,NaN
2010-12-01T12:00:00Z,10.0,15.0,76.75,NaN,NaN
2010-12-01T12:00:00Z,10.0,15.0,77.0,NaN,NaN
2010-12-01T12:00:00Z,10.0,15.0,77.25,NaN,NaN
2010-12-01T12:00:00Z,10.0,15.0,77.5,NaN,NaN
2010-12-01T12:00:00Z,10.0,15.0,77.75,NaN,NaN
2010-12-01T12:00:00Z,10.0,15.0,78.0,NaN,NaN
