time,LEV,latitude,longitude,u,v
UTC,millibar,degrees_north,degrees_east,,
2010-12-01T00:00:00Z,1000.0,7.0,70.0,0.29976845,-1.9484444
2010-12-01T00:00:00Z,1000.0,7.0,70.25,0.37887,-1.920124
2010-12-01T00:00:00Z,1000.0,7.0,70.5,0.48140907,-1.861042
2010-12-01T00:00:00Z,1000.0,7.0,70.75,0.5776005,-1.8058662
2010-12-01T00:00:00Z,1000.0,7.0,71.0,0.68013954,-1.7589912
2010-12-01T00:00:00Z,1000.0,7.0,71.25,0.74019814,-1.7301826
2010-12-01T00:00:00Z,1000.0,7.0,71.5,0.79732704,-1.6828194
2010-12-01T00:00:00Z,1000.0,7.0,71.75,0.8329716,-1.6256905
2010-12-01T00:00:00Z,1000.0,7.0,72.0,0.8583622,-1.5836983
2010-12-01T00:00:00Z,1000.0,7.0,72.25,0.91207314,-1.5456123
2010-12-01T00:00:00Z,1000.0,7.0,72.5,0.9682255,-1.5358467
2010-12-01T00:00:00Z,1000.0,7.0,72.75,1.041956,-1.4831123
2010-12-01T00:00:00Z,1000.0,7.0,73.0,1.1108036,-1.435749
2010-12-01T00:00:00Z,1000.0,7.0,73.25,1.2040653,-1.3830147
2010-12-01T00:00:00Z,1000.0,7.0,73.5,1.2900028,-1.3302803
2010-12-01T00:00:00Z,1000.0,7.0,73.75,1.3622684,-1.2565498
2010-12-01T00:00:00Z,1000.0,7.0,74.0,1.4140263,-1.1061592
2010-12-01T00:00:00Z,1000.0,7.0,74.25,1.4262333,-0.97481155
2010-12-01T00:00:00Z,1000.0,7.0,74.5,1.4403934,-0.880085
2010-12-01T00:00:00Z,1000.0,7.0,74.75,1.4408817,-0.8854561
2010-12-01T00:00:00Z,1000.0,7.0,75.0,1.4589481,-0.8976631
2010-12-01T00:00:00Z,1000.0,7.0,75.25,1.4677372,-0.92842484
2010-12-01T00:00:00Z,1000.0,7.0,75.5,1.4184208,-0.9420967
2010-12-01T00:00:00Z,1000.0,7.0,75.75,1.2792606,-0.9713936
2010-12-01T00:00:00Z,1000.0,7.0,76.0,1.0434208,-1.149128
2010-12-01T00:00:00Z,1000.0,7.0,76.25,0.72408485,-1.4259834
2010-12-01T00:00:00Z,1000.0,7.0,76.5,0.28512,-1.9552803
2010-12-01T00:00:00Z,1000.0,7.0,76.75,-0.19779015,-2.6051826
2010-12-01T00:00:00Z,1000.0,7.0,77.0,-0.5449581,-3.348835
2010-12-01T00:00:00Z,1000.0,7.0,77.25,-0.61136436,-3.999714
2010-12-01T00:00:00Z,1000.0,7.0,77.5,-0.44486046,-4.4137764
2010-12-01T00:00:00Z,1000.0,7.0,77.75,-0.16995811,-4.638874
2010-12-01T00:00:00Z,1000.0,7.0,78.0,0.09664345,-4.628132
2010-12-01T00:00:00Z,1000.0,7.25,70.0,0.09615517,-2.0612373
2010-12-01T00:00:00Z,1000.0,7.25,70.25,0.19527626,-2.0216866
2010-12-01T00:00:00Z,1000.0,7.25,70.5,0.2987919,-1.9591866
2010-12-01T00:00:00Z,1000.0,7.25,70.75,0.40133095,-1.899128
2010-12-01T00:00:00Z,1000.0,7.25,71.0,0.4965458,-1.8507881
2010-12-01T00:00:00Z,1000.0,7.25,71.25,0.57076454,-1.8078194
2010-12-01T00:00:00Z,1000.0,7.25,71.5,0.6317997,-1.7614326
2010-12-01T00:00:00Z,1000.0,7.25,71.75,0.67428017,-1.70821
2010-12-01T00:00:00Z,1000.0,7.25,72.0,0.72701454,-1.6696358
2010-12-01T00:00:00Z,1000.0,7.25,72.25,0.76851845,-1.6398506
2010-12-01T00:00:00Z,1000.0,7.25,72.5,0.8217411,-1.6256905
2010-12-01T00:00:00Z,1000.0,7.25,72.75,0.8842411,-1.586628
2010-12-01T00:00:00Z,1000.0,7.25,73.0,0.94576454,-1.5597725
2010-12-01T00:00:00Z,1000.0,7.25,73.25,1.0414677,-1.524128
2010-12-01T00:00:00Z,1000.0,7.25,73.5,1.12887,-1.4792061
2010-12-01T00:00:00Z,1000.0,7.25,73.75,1.210413,-1.3986397
2010-12-01T00:00:00Z,1000.0,7.25,74.0,1.2836552,-1.2355537
2010-12-01T00:00:00Z,1000.0,7.25,74.25,1.3661747,-1.071003
2010-12-01T00:00:00Z,1000.0,7.25,74.5,1.4423466,-0.9606514
2010-12-01T00:00:00Z,1000.0,7.25,74.75,1.4784794,-0.9650459
2010-12-01T00:00:00Z,1000.0,7.25,75.0,1.5033817,-0.9494209
2010-12-01T00:00:00Z,1000.0,7.25,75.25,1.5067997,-0.9196358
2010-12-01T00:00:00Z,1000.0,7.25,75.5,1.4779911,-0.8537178
2010-12-01T00:00:00Z,1000.0,7.25,75.75,1.3813114,-0.8068428
2010-12-01T00:00:00Z,1000.0,7.25,76.0,1.2255497,-0.8820381
2010-12-01T00:00:00Z,1000.0,7.25,76.25,0.9677372,-1.0480537
2010-12-01T00:00:00Z,1000.0,7.25,76.5,0.51558876,-1.4977608
2010-12-01T00:00:00Z,1000.0,7.25,76.75,-0.08939171,-2.151081
2010-12-01T00:00:00Z,1000.0,7.25,77.0,-0.63236046,-3.0793037
2010-12-01T00:00:00Z,1000.0,7.25,77.25,-0.8559933,-3.9611397
2010-12-01T00:00:00Z,1000.0,7.25,77.5,-0.7280636,-4.559284
2010-12-01T00:00:00Z,1000.0,7.25,77.75,-0.38821983,-4.8996162
2010-12-01T00:00:00Z,1000.0,7.25,78.0,-0.057165146,-4.8429756
2010-12-01T00:00:00Z,1000.0,7.5,70.0,-0.10648155,-2.163288
2010-12-01T00:00:00Z,1000.0,7.5,70.25,0.0058231354,-2.121296
2010-12-01T00:00:00Z,1000.0,7.5,70.5,0.10494423,-2.0631905
2010-12-01T00:00:00Z,1000.0,7.5,70.75,0.22164345,-1.9977608
2010-12-01T00:00:00Z,1000.0,7.5,71.0,0.3066044,-1.9381905
2010-12-01T00:00:00Z,1000.0,7.5,71.25,0.38912392,-1.8781319
2010-12-01T00:00:00Z,1000.0,7.5,71.5,0.4545536,-1.8376045
2010-12-01T00:00:00Z,1000.0,7.5,71.75,0.49752235,-1.7902412
2010-12-01T00:00:00Z,1000.0,7.5,72.0,0.55465126,-1.7692451
2010-12-01T00:00:00Z,1000.0,7.5,72.25,0.58345985,-1.7438545
2010-12-01T00:00:00Z,1000.0,7.5,72.5,0.6391239,-1.7199287
2010-12-01T00:00:00Z,1000.0,7.5,72.75,0.7026005,-1.6955147
2010-12-01T00:00:00Z,1000.0,7.5,73.0,0.77877235,-1.6696358
2010-12-01T00:00:00Z,1000.0,7.5,73.25,0.8764286,-1.630085
2010-12-01T00:00:00Z,1000.0,7.5,73.5,0.9701786,-1.576374
2010-12-01T00:00:00Z,1000.0,7.5,73.75,1.0546513,-1.5060616
2010-12-01T00:00:00Z,1000.0,7.5,74.0,1.1371708,-1.3776436
2010-12-01T00:00:00Z,1000.0,7.5,74.25,1.2826786,-1.232624
2010-12-01T00:00:00Z,1000.0,7.5,74.5,1.3974247,-1.1046944
2010-12-01T00:00:00Z,1000.0,7.5,74.75,1.453577,-1.0666084
2010-12-01T00:00:00Z,1000.0,7.5,75.0,1.4838505,-1.005085
2010-12-01T00:00:00Z,1000.0,7.5,75.25,1.50387,-0.9259834
2010-12-01T00:00:00Z,1000.0,7.5,75.5,1.5131474,-0.8400459
2010-12-01T00:00:00Z,1000.0,7.5,75.75,1.4750614,-0.755085
2010-12-01T00:00:00Z,1000.0,7.5,76.0,1.4027958,-0.73946
2010-12-01T00:00:00Z,1000.0,7.5,76.25,1.198206,-0.7633858
2010-12-01T00:00:00Z,1000.0,7.5,76.5,0.83101845,-1.0475655
2010-12-01T00:00:00Z,1000.0,7.5,76.75,0.22310829,-1.6125069
2010-12-01T00:00:00Z,1000.0,7.5,77.0,-0.5093136,-2.5871162
2010-12-01T00:00:00Z,1000.0,7.5,77.25,-0.9546261,-3.6662178
2010-12-01T00:00:00Z,1000.0,7.5,77.5,-0.91116905,-4.524128
2010-12-01T00:00:00Z,1000.0,7.5,77.75,-0.5249386,-5.0495186
2010-12-01T00:00:00Z,1000.0,7.5,78.0,-0.17386436,-4.986042
2010-12-01T00:00:00Z,1000.0,7.75,70.0,-0.31400108,-2.2555733
2010-12-01T00:00:00Z,1000.0,7.75,70.25,-0.19974327,-2.2174873
2010-12-01T00:00:00Z,1000.0,7.75,70.5,-0.100133896,-2.1588936
2010-12-01T00:00:00Z,1000.0,7.75,70.75,0.022424698,-2.1037178
2010-12-01T00:00:00Z,1000.0,7.75,71.0,0.10103798,-2.046589
2010-12-01T00:00:00Z,1000.0,7.75,71.25,0.19478798,-1.9782295
2010-12-01T00:00:00Z,1000.0,7.75,71.5,0.26412392,-1.9430733
2010-12-01T00:00:00Z,1000.0,7.75,71.75,0.3061161,-1.8961983
2010-12-01T00:00:00Z,1000.0,7.75,72.0,0.35006142,-1.8791084
2010-12-01T00:00:00Z,1000.0,7.75,72.25,0.3847294,-1.8410225
2010-12-01T00:00:00Z,1000.0,7.75,72.5,0.456995,-1.8170967
2010-12-01T00:00:00Z,1000.0,7.75,72.75,0.52095985,-1.7946358
2010-12-01T00:00:00Z,1000.0,7.75,73.0,0.6161747,-1.7536201
2010-12-01T00:00:00Z,1000.0,7.75,73.25,0.7079716,-1.7101631
2010-12-01T00:00:00Z,1000.0,7.75,73.5,0.8066044,-1.6349678
2010-12-01T00:00:00Z,1000.0,7.75,73.75,0.90377235,-1.5749092
2010-12-01T00:00:00Z,1000.0,7.75,74.0,0.9911747,-1.4962959
2010-12-01T00:00:00Z,1000.0,7.75,74.25,1.1469364,-1.4049873
2010-12-01T00:00:00Z,1000.0,7.75,74.5,1.2758427,-1.2575264
2010-12-01T00:00:00Z,1000.0,7.75,74.75,1.3803349,-1.1501045
2010-12-01T00:00:00Z,1000.0,7.75,75.0,1.4423466,-1.064167
2010-12-01T00:00:00Z,1000.0,7.75,75.25,1.507288,-0.9806709
2010-12-01T00:00:00Z,1000.0,7.75,75.5,1.5668583,-0.9142647
2010-12-01T00:00:00Z,1000.0,7.75,75.75,1.5668583,-0.7912178
2010-12-01T00:00:00Z,1000.0,7.75,76.0,1.5092411,-0.7262764
2010-12-01T00:00:00Z,1000.0,7.75,76.25,1.3725224,-0.65938187
2010-12-01T00:00:00Z,1000.0,7.75,76.5,1.2006474,-0.74824905
2010-12-01T00:00:00Z,1000.0,7.75,76.75,0.6991825,-1.1164131
2010-12-01T00:00:00Z,1000.0,7.75,77.0,-0.05032921,-1.9503975
2010-12-01T00:00:00Z,1000.0,7.75,77.25,-0.6753292,-3.1256905
2010-12-01T00:00:00Z,1000.0,7.75,77.5,-0.86722374,-4.218464
2010-12-01T00:00:00Z,1000.0,7.75,77.75,-0.50736046,-5.009968
2010-12-01T00:00:00Z,1000.0,7.75,78.0,-0.18216515,-5.043171
2010-12-01T00:00:00Z,1000.0,8.0,70.0,-0.5293331,-2.3629951
2010-12-01T00:00:00Z,1000.0,8.0,70.25,-0.4175167,-2.3312569
2010-12-01T00:00:00Z,1000.0,8.0,70.5,-0.31009483,-2.2755928
2010-12-01T00:00:00Z,1000.0,8.0,70.75,-0.19779015,-2.2267647
2010-12-01T00:00:00Z,1000.0,8.0,71.0,-0.107458115,-2.1657295
2010-12-01T00:00:00Z,1000.0,8.0,71.25,-0.0015010834,-2.1002998
2010-12-01T00:00:00Z,1000.0,8.0,71.5,0.060022354,-2.0734444
2010-12-01T00:00:00Z,1000.0,8.0,71.75,0.11373329,-2.0197334
2010-12-01T00:00:00Z,1000.0,8.0,72.0,0.14888954,-1.9933662
2010-12-01T00:00:00Z,1000.0,8.0,72.25,0.1864872,-1.9386787
2010-12-01T00:00:00Z,1000.0,8.0,72.5,0.27340126,-1.9123116
2010-12-01T00:00:00Z,1000.0,8.0,72.75,0.3451786,-1.8683662
2010-12-01T00:00:00Z,1000.0,8.0,73.0,0.4472294,-1.8078194
2010-12-01T00:00:00Z,1000.0,8.0,73.25,0.53512,-1.7653389
2010-12-01T00:00:00Z,1000.0,8.0,73.5,0.647913,-1.6745186
2010-12-01T00:00:00Z,1000.0,8.0,73.75,0.757288,-1.6359444
2010-12-01T00:00:00Z,1000.0,8.0,74.0,0.85689735,-1.5807686
2010-12-01T00:00:00Z,1000.0,8.0,74.25,0.9892216,-1.524128
2010-12-01T00:00:00Z,1000.0,8.0,74.5,1.1083622,-1.3742256
2010-12-01T00:00:00Z,1000.0,8.0,74.75,1.2655888,-1.2316475
2010-12-01T00:00:00Z,1000.0,8.0,75.0,1.3881474,-1.1608467
2010-12-01T00:00:00Z,1000.0,8.0,75.25,1.5165653,-1.0836983
2010-12-01T00:00:00Z,1000.0,8.0,75.5,1.5922489,-1.0270576
2010-12-01T00:00:00Z,1000.0,8.0,75.75,1.5859013,-0.86787796
2010-12-01T00:00:00Z,1000.0,8.0,76.0,1.5234013,-0.81074905
2010-12-01T00:00:00Z,1000.0,8.0,76.25,1.4833622,-0.75362015
2010-12-01T00:00:00Z,1000.0,8.0,76.5,1.4960575,-0.74287796
2010-12-01T00:00:00Z,1000.0,8.0,76.75,1.2387333,-0.9030342
2010-12-01T00:00:00Z,1000.0,8.0,77.0,0.8373661,-1.3512764
2010-12-01T00:00:00Z,1000.0,8.0,77.25,0.06881142,-2.147663
2010-12-01T00:00:00Z,1000.0,8.0,77.5,-0.6387081,-3.0856514
2010-12-01T00:00:00Z,1000.0,8.0,77.75,-0.43900108,-4.3444405
2010-12-01T00:00:00Z,1000.0,8.0,78.0,-0.18900108,-4.904011
2010-12-01T00:00:00Z,1000.0,8.25,70.0,-0.72611046,-2.4787178
2010-12-01T00:00:00Z,1000.0,8.25,70.25,-0.6138058,-2.4543037
2010-12-01T00:00:00Z,1000.0,8.25,70.5,-0.49613,-2.4054756
2010-12-01T00:00:00Z,1000.0,8.25,70.75,-0.39310265,-2.3449287
2010-12-01T00:00:00Z,1000.0,8.25,71.0,-0.2925167,-2.2858467
2010-12-01T00:00:00Z,1000.0,8.25,71.25,-0.1938839,-2.2350655
2010-12-01T00:00:00Z,1000.0,8.25,71.5,-0.14017296,-2.2052803
2010-12-01T00:00:00Z,1000.0,8.25,71.75,-0.07864952,-2.1349678
2010-12-01T00:00:00Z,1000.0,8.25,72.0,-0.042028427,-2.093464
2010-12-01T00:00:00Z,1000.0,8.25,72.25,0.009729385,-2.0202217
2010-12-01T00:00:00Z,1000.0,8.25,72.5,0.10006142,-1.9831123
2010-12-01T00:00:00Z,1000.0,8.25,72.75,0.18062782,-1.9264717
2010-12-01T00:00:00Z,1000.0,8.25,73.0,0.27584267,-1.8590889
2010-12-01T00:00:00Z,1000.0,8.25,73.25,0.3691044,-1.8151436
2010-12-01T00:00:00Z,1000.0,8.25,73.5,0.5043583,-1.7243233
2010-12-01T00:00:00Z,1000.0,8.25,73.75,0.6142216,-1.7003975
2010-12-01T00:00:00Z,1000.0,8.25,74.0,0.7177372,-1.6286201
2010-12-01T00:00:00Z,1000.0,8.25,74.25,0.8168583,-1.5768623
2010-12-01T00:00:00Z,1000.0,8.25,74.5,0.9252567,-1.4420967
2010-12-01T00:00:00Z,1000.0,8.25,74.75,1.1073856,-1.3029366
2010-12-01T00:00:00Z,1000.0,8.25,75.0,1.2680302,-1.2624092
2010-12-01T00:00:00Z,1000.0,8.25,75.25,1.4174442,-1.1808662
2010-12-01T00:00:00Z,1000.0,8.25,75.5,1.4609013,-1.1032295
2010-12-01T00:00:00Z,1000.0,8.25,75.75,1.4589481,-0.9181709
2010-12-01T00:00:00Z,1000.0,8.25,76.0,1.4081669,-0.90987015
2010-12-01T00:00:00Z,1000.0,8.25,76.25,1.4296513,-0.95625687
2010-12-01T00:00:00Z,1000.0,8.25,76.5,1.5238895,-1.0036201
2010-12-01T00:00:00Z,1000.0,8.25,76.75,1.4716434,-0.9923897
2010-12-01T00:00:00Z,1000.0,8.25,77.0,1.3915653,-0.88106155
2010-12-01T00:00:00Z,1000.0,8.25,77.25,0.5375614,-0.9523506
2010-12-01T00:00:00Z,1000.0,8.25,77.5,-0.39066124,-1.3434639
2010-12-01T00:00:00Z,1000.0,8.25,77.75,-0.28372765,-3.0109444
2010-12-01T00:00:00Z,1000.0,8.25,78.0,-0.3266964,-4.4557686
2010-12-01T00:00:00Z,1000.0,8.5,70.0,-0.8911495,-2.5880928
2010-12-01T00:00:00Z,1000.0,8.5,70.25,-0.7749386,-2.5739326
2010-12-01T00:00:00Z,1000.0,8.5,70.5,-0.65384483,-2.5236397
2010-12-01T00:00:00Z,1000.0,8.5,70.75,-0.5478878,-2.4557686
2010-12-01T00:00:00Z,1000.0,8.5,71.0,-0.4487667,-2.407917
2010-12-01T00:00:00Z,1000.0,8.5,71.25,-0.37259483,-2.3483467
2010-12-01T00:00:00Z,1000.0,8.5,71.5,-0.3159542,-2.305378
2010-12-01T00:00:00Z,1000.0,8.5,71.75,-0.26077843,-2.225788
2010-12-01T00:00:00Z,1000.0,8.5,72.0,-0.20999718,-2.1764717
2010-12-01T00:00:00Z,1000.0,8.5,72.25,-0.1313839,-2.102253
2010-12-01T00:00:00Z,1000.0,8.5,72.5,-0.05862999,-2.053913
2010-12-01T00:00:00Z,1000.0,8.5,72.75,0.033166885,-1.9909248
2010-12-01T00:00:00Z,1000.0,8.5,73.0,0.1396122,-1.9162178
2010-12-01T00:00:00Z,1000.0,8.5,73.25,0.24312782,-1.8717842
2010-12-01T00:00:00Z,1000.0,8.5,73.5,0.37301064,-1.7858467
2010-12-01T00:00:00Z,1000.0,8.5,73.75,0.46871376,-1.7502022
2010-12-01T00:00:00Z,1000.0,8.5,74.0,0.5741825,-1.6627998
2010-12-01T00:00:00Z,1000.0,8.5,74.25,0.65670204,-1.6169014
2010-12-01T00:00:00Z,1000.0,8.5,74.5,0.77388954,-1.5143623
2010-12-01T00:00:00Z,1000.0,8.5,74.75,0.93746376,-1.4005928
2010-12-01T00:00:00Z,1000.0,8.5,75.0,1.0692997,-1.352253
2010-12-01T00:00:00Z,1000.0,8.5,75.25,1.1762333,-1.2379951
2010-12-01T00:00:00Z,1000.0,8.5,75.5,1.1952763,-1.1374092
2010-12-01T00:00:00Z,1000.0,8.5,75.75,1.2475224,-0.9650459
2010-12-01T00:00:00Z,1000.0,8.5,76.0,1.2255497,-1.0153389
2010-12-01T00:00:00Z,1000.0,8.5,76.25,1.234827,-1.1208076
2010-12-01T00:00:00Z,1000.0,8.5,76.5,1.1869755,-1.1896553
2010-12-01T00:00:00Z,1000.0,8.5,76.75,0.9364872,-1.024128
2010-12-01T00:00:00Z,1000.0,8.5,77.0,0.74019814,-0.58955765
2010-12-01T00:00:00Z,1000.0,8.5,77.25,0.099084854,-0.4552803
2010-12-01T00:00:00Z,1000.0,8.5,77.5,-0.17777061,-0.55830765
2010-12-01T00:00:00Z,1000.0,8.5,77.75,0.103479385,-2.046589
2010-12-01T00:00:00Z,1000.0,8.5,78.0,-0.42435265,-3.8424873
2010-12-01T00:00:00Z,1000.0,8.75,70.0,-1.0298214,-2.7062569
2010-12-01T00:00:00Z,1000.0,8.75,70.25,-0.9067745,-2.6798897
2010-12-01T00:00:00Z,1000.0,8.75,70.5,-0.79154015,-2.6125069
2010-12-01T00:00:00Z,1000.0,8.75,70.75,-0.6890011,-2.5504951
2010-12-01T00:00:00Z,1000.0,8.75,71.0,-0.5952511,-2.5128975
2010-12-01T00:00:00Z,1000.0,8.75,71.25,-0.5405636,-2.4430733
2010-12-01T00:00:00Z,1000.0,8.75,71.5,-0.48489952,-2.4015694
2010-12-01T00:00:00Z,1000.0,8.75,71.75,-0.42972374,-2.3156319
2010-12-01T00:00:00Z,1000.0,8.75,72.0,-0.34818077,-2.2614326
2010-12-01T00:00:00Z,1000.0,8.75,72.25,-0.24124718,-2.2008858
2010-12-01T00:00:00Z,1000.0,8.75,72.5,-0.16702843,-2.140339
2010-12-01T00:00:00Z,1000.0,8.75,72.75,-0.056676865,-2.0685616
2010-12-01T00:00:00Z,1000.0,8.75,73.0,0.053674698,-1.9821358
2010-12-01T00:00:00Z,1000.0,8.75,73.25,0.15328407,-1.9323311
2010-12-01T00:00:00Z,1000.0,8.75,73.5,0.25387,-1.8449287
2010-12-01T00:00:00Z,1000.0,8.75,73.75,0.3398075,-1.789753
2010-12-01T00:00:00Z,1000.0,8.75,74.0,0.45260048,-1.7189522
2010-12-01T00:00:00Z,1000.0,8.75,74.25,0.5463505,-1.6930733
2010-12-01T00:00:00Z,1000.0,8.75,74.5,0.6737919,-1.6418037
2010-12-01T00:00:00Z,1000.0,8.75,74.75,0.7821903,-1.5539131
2010-12-01T00:00:00Z,1000.0,8.75,75.0,0.863245,-1.4367256
2010-12-01T00:00:00Z,1000.0,8.75,75.25,0.93209267,-1.279499
2010-12-01T00:00:00Z,1000.0,8.75,75.5,0.98238564,-1.189167
2010-12-01T00:00:00Z,1000.0,8.75,75.75,1.1039677,-1.0368233
2010-12-01T00:00:00Z,1000.0,8.75,76.0,1.1020145,-1.0338936
2010-12-01T00:00:00Z,1000.0,8.75,76.25,1.0058231,-0.9977608
2010-12-01T00:00:00Z,1000.0,8.75,76.5,0.63033485,-0.9552803
2010-12-01T00:00:00Z,1000.0,8.75,76.75,0.087366104,-0.7438545
2010-12-01T00:00:00Z,1000.0,8.75,77.0,-0.2197628,-0.25850296
2010-12-01T00:00:00Z,1000.0,8.75,77.25,-0.44290733,-0.2677803
2010-12-01T00:00:00Z,1000.0,8.75,77.5,0.0033817291,-0.5211983
2010-12-01T00:00:00Z,1000.0,8.75,77.75,0.35885048,-1.560749
2010-12-01T00:00:00Z,1000.0,8.75,78.0,-0.40628624,-3.0128975
2010-12-01T00:00:00Z,1000.0,9.0,70.0,-1.1631222,-2.8283272
2010-12-01T00:00:00Z,1000.0,9.0,70.25,-1.0351925,-2.780964
2010-12-01T00:00:00Z,1000.0,9.0,70.5,-0.9223995,-2.7086983
2010-12-01T00:00:00Z,1000.0,9.0,70.75,-0.8262081,-2.649128
2010-12-01T00:00:00Z,1000.0,9.0,71.0,-0.74222374,-2.6032295
2010-12-01T00:00:00Z,1000.0,9.0,71.25,-0.6933956,-2.5387764
2010-12-01T00:00:00Z,1000.0,9.0,71.5,-0.6357784,-2.4967842
2010-12-01T00:00:00Z,1000.0,9.0,71.75,-0.5630245,-2.4098701
2010-12-01T00:00:00Z,1000.0,9.0,72.0,-0.45023155,-2.3561592
2010-12-01T00:00:00Z,1000.0,9.0,72.25,-0.324255,-2.2936592
2010-12-01T00:00:00Z,1000.0,9.0,72.5,-0.21634483,-2.2179756
2010-12-01T00:00:00Z,1000.0,9.0,72.75,-0.099645615,-2.1471748
2010-12-01T00:00:00Z,1000.0,9.0,73.0,-0.012243271,-2.0548897
2010-12-01T00:00:00Z,1000.0,9.0,73.25,0.07418251,-1.98946
2010-12-01T00:00:00Z,1000.0,9.0,73.5,0.14595985,-1.9040108
2010-12-01T00:00:00Z,1000.0,9.0,73.75,0.22994423,-1.8444405
2010-12-01T00:00:00Z,1000.0,9.0,74.0,0.34469032,-1.7961006
2010-12-01T00:00:00Z,1000.0,9.0,74.25,0.45797157,-1.795124
2010-12-01T00:00:00Z,1000.0,9.0,74.5,0.585413,-1.7834053
2010-12-01T00:00:00Z,1000.0,9.0,74.75,0.64351845,-1.6930733
2010-12-01T00:00:00Z,1000.0,9.0,75.0,0.6991825,-1.5270576
2010-12-01T00:00:00Z,1000.0,9.0,75.25,0.7548466,-1.3712959
2010-12-01T00:00:00Z,1000.0,9.0,75.5,0.8710575,-1.2965889
2010-12-01T00:00:00Z,1000.0,9.0,75.75,1.0234013,-1.1154366
2010-12-01T00:00:00Z,1000.0,9.0,76.0,1.0185184,-0.9259834
2010-12-01T00:00:00Z,1000.0,9.0,76.25,0.7924442,-0.66719437
2010-12-01T00:00:00Z,1000.0,9.0,76.5,0.14888954,-0.5548897
2010-12-01T00:00:00Z,1000.0,9.0,76.75,-0.34671593,-0.5124092
2010-12-01T00:00:00Z,1000.0,9.0,77.0,-0.51321983,-0.15352249
2010-12-01T00:00:00Z,1000.0,9.0,77.25,-0.55667686,-0.07979202
2010-12-01T00:00:00Z,1000.0,9.0,77.5,-0.048864365,-0.45869827
2010-12-01T00:00:00Z,1000.0,9.0,77.75,0.08931923,-1.2692451
2010-12-01T00:00:00Z,1000.0,9.0,78.0,-0.4590206,-2.1549873
2010-12-01T00:00:00Z,1000.0,9.25,70.0,-1.293005,-2.9567451
2010-12-01T00:00:00Z,1000.0,9.25,70.25,-1.1675167,-2.8908272
2010-12-01T00:00:00Z,1000.0,9.25,70.5,-1.0405636,-2.819538
2010-12-01T00:00:00Z,1000.0,9.25,70.75,-0.93509483,-2.746296
2010-12-01T00:00:00Z,1000.0,9.25,71.0,-0.86185265,-2.689167
2010-12-01T00:00:00Z,1000.0,9.25,71.25,-0.8037472,-2.6374092
2010-12-01T00:00:00Z,1000.0,9.25,71.5,-0.7388058,-2.5846748
2010-12-01T00:00:00Z,1000.0,9.25,71.75,-0.65042686,-2.5158272
2010-12-01T00:00:00Z,1000.0,9.25,72.0,-0.52054405,-2.4577217
2010-12-01T00:00:00Z,1000.0,9.25,72.25,-0.38333702,-2.376667
2010-12-01T00:00:00Z,1000.0,9.25,72.5,-0.25491905,-2.3024483
2010-12-01T00:00:00Z,1000.0,9.25,72.75,-0.14603233,-2.230671
2010-12-01T00:00:00Z,1000.0,9.25,73.0,-0.06400108,-2.1325264
2010-12-01T00:00:00Z,1000.0,9.25,73.25,0.0077762604,-2.0495186
2010-12-01T00:00:00Z,1000.0,9.25,73.5,0.052209854,-1.9713936
2010-12-01T00:00:00Z,1000.0,9.25,73.75,0.14791298,-1.9176826
2010-12-01T00:00:00Z,1000.0,9.25,74.0,0.26314735,-1.8712959
2010-12-01T00:00:00Z,1000.0,9.25,74.25,0.3739872,-1.8722725
2010-12-01T00:00:00Z,1000.0,9.25,74.5,0.456995,-1.8615303
2010-12-01T00:00:00Z,1000.0,9.25,74.75,0.47896767,-1.7658272
2010-12-01T00:00:00Z,1000.0,9.25,75.0,0.5478153,-1.6325264
2010-12-01T00:00:00Z,1000.0,9.25,75.25,0.6156864,-1.5148506
2010-12-01T00:00:00Z,1000.0,9.25,75.5,0.7675419,-1.4279366
2010-12-01T00:00:00Z,1000.0,9.25,75.75,0.85933876,-1.1935616
2010-12-01T00:00:00Z,1000.0,9.25,76.0,0.86715126,-0.7775459
2010-12-01T00:00:00Z,1000.0,9.25,76.25,0.68013954,-0.3542061
2010-12-01T00:00:00Z,1000.0,9.25,76.5,0.010217667,-0.24776077
2010-12-01T00:00:00Z,1000.0,9.25,76.75,-0.28177452,-0.3639717
2010-12-01T00:00:00Z,1000.0,9.25,77.0,-0.3808956,-0.28291702
2010-12-01T00:00:00Z,1000.0,9.25,77.25,-0.5264034,-0.16914749
2010-12-01T00:00:00Z,1000.0,9.25,77.5,-0.19974327,-0.49531937
2010-12-01T00:00:00Z,1000.0,9.25,77.75,-0.31497765,-1.2316475
2010-12-01T00:00:00Z,1000.0,9.25,78.0,-0.6572628,-1.6950264
2010-12-01T00:00:00Z,1000.0,9.5,70.0,-1.3965206,-3.0793037
2010-12-01T00:00:00Z,1000.0,9.5,70.25,-1.2720089,-2.9992256
2010-12-01T00:00:00Z,1000.0,9.5,70.5,-1.129919,-2.9279366
2010-12-01T00:00:00Z,1000.0,9.5,70.75,-1.0127316,-2.852253
2010-12-01T00:00:00Z,1000.0,9.5,71.0,-0.92972374,-2.793171
2010-12-01T00:00:00Z,1000.0,9.5,71.25,-0.8496456,-2.7438545
2010-12-01T00:00:00Z,1000.0,9.5,71.5,-0.77738,-2.6784248
2010-12-01T00:00:00Z,1000.0,9.5,71.75,-0.6855831,-2.6183662
2010-12-01T00:00:00Z,1000.0,9.5,72.0,-0.56009483,-2.5319405
2010-12-01T00:00:00Z,1000.0,9.5,72.25,-0.42239952,-2.4450264
2010-12-01T00:00:00Z,1000.0,9.5,72.5,-0.293005,-2.3932686
2010-12-01T00:00:00Z,1000.0,9.5,72.75,-0.18997765,-2.322956
2010-12-01T00:00:00Z,1000.0,9.5,73.0,-0.107946396,-2.2331123
2010-12-01T00:00:00Z,1000.0,9.5,73.25,-0.052282333,-2.132038
2010-12-01T00:00:00Z,1000.0,9.5,73.5,-0.004919052,-2.0436592
2010-12-01T00:00:00Z,1000.0,9.5,73.75,0.10152626,-1.992878
2010-12-01T00:00:00Z,1000.0,9.5,74.0,0.20015907,-1.9372139
2010-12-01T00:00:00Z,1000.0,9.5,74.25,0.27877235,-1.9010811
2010-12-01T00:00:00Z,1000.0,9.5,74.5,0.30758095,-1.8698311
2010-12-01T00:00:00Z,1000.0,9.5,74.75,0.32027626,-1.8068428
2010-12-01T00:00:00Z,1000.0,9.5,75.0,0.4027958,-1.7384834
2010-12-01T00:00:00Z,1000.0,9.5,75.25,0.4652958,-1.6584053
2010-12-01T00:00:00Z,1000.0,9.5,75.5,0.5878544,-1.5402412
2010-12-01T00:00:00Z,1000.0,9.5,75.75,0.6029911,-1.2682686
2010-12-01T00:00:00Z,1000.0,9.5,76.0,0.6781864,-0.72529984
2010-12-01T00:00:00Z,1000.0,9.5,76.25,0.6469364,-0.2130928
2010-12-01T00:00:00Z,1000.0,9.5,76.5,0.05416298,-0.10176468
2010-12-01T00:00:00Z,1000.0,9.5,76.75,-0.16605186,-0.19844437
2010-12-01T00:00:00Z,1000.0,9.5,77.0,-0.26810265,-0.2526436
2010-12-01T00:00:00Z,1000.0,9.5,77.25,-0.45511436,-0.1637764
2010-12-01T00:00:00Z,1000.0,9.5,77.5,-0.19241905,-0.28487015
2010-12-01T00:00:00Z,1000.0,9.5,77.75,-0.3994503,-0.95967484
2010-12-01T00:00:00Z,1000.0,9.5,78.0,-0.7510128,-1.4630928
2010-12-01T00:00:00Z,1000.0,9.75,70.0,-1.4712276,-3.1940498
2010-12-01T00:00:00Z,1000.0,9.75,70.25,-1.3349972,-3.1134834
2010-12-01T00:00:00Z,1000.0,9.75,70.5,-1.1826534,-3.0461006
2010-12-01T00:00:00Z,1000.0,9.75,70.75,-1.0596066,-2.9709053
2010-12-01T00:00:00Z,1000.0,9.75,71.0,-0.9443722,-2.8952217
2010-12-01T00:00:00Z,1000.0,9.75,71.25,-0.84622765,-2.8307686
2010-12-01T00:00:00Z,1000.0,9.75,71.5,-0.76566124,-2.767292
2010-12-01T00:00:00Z,1000.0,9.75,71.75,-0.6704464,-2.711628
2010-12-01T00:00:00Z,1000.0,9.75,72.0,-0.56790733,-2.611042
2010-12-01T00:00:00Z,1000.0,9.75,72.25,-0.4409542,-2.5211983
2010-12-01T00:00:00Z,1000.0,9.75,72.5,-0.3105831,-2.4630928
2010-12-01T00:00:00Z,1000.0,9.75,72.75,-0.1963253,-2.39571
2010-12-01T00:00:00Z,1000.0,9.75,73.0,-0.11868858,-2.3068428
2010-12-01T00:00:00Z,1000.0,9.75,73.25,-0.06644249,-2.1808662
2010-12-01T00:00:00Z,1000.0,9.75,73.5,0.0033817291,-2.0929756
2010-12-01T00:00:00Z,1000.0,9.75,73.75,0.08980751,-2.0412178
2010-12-01T00:00:00Z,1000.0,9.75,74.0,0.15963173,-1.9777412
2010-12-01T00:00:00Z,1000.0,9.75,74.25,0.20357704,-1.9015694
2010-12-01T00:00:00Z,1000.0,9.75,74.5,0.2123661,-1.857624
2010-12-01T00:00:00Z,1000.0,9.75,74.75,0.2255497,-1.8459053
2010-12-01T00:00:00Z,1000.0,9.75,75.0,0.26558876,-1.814167
2010-12-01T00:00:00Z,1000.0,9.75,75.25,0.27926064,-1.7580147
2010-12-01T00:00:00Z,1000.0,9.75,75.5,0.32906532,-1.6037178
2010-12-01T00:00:00Z,1000.0,9.75,75.75,0.35152626,-1.3439522
2010-12-01T00:00:00Z,1000.0,9.75,76.0,0.51070595,-0.876667
2010-12-01T00:00:00Z,1000.0,9.75,76.25,0.5561161,-0.24483109
2010-12-01T00:00:00Z,1000.0,9.75,76.5,0.04683876,0.07450485
2010-12-01T00:00:00Z,1000.0,9.75,76.75,-0.24759483,0.047649384
2010-12-01T00:00:00Z,1000.0,9.75,77.0,-0.3320675,-0.05488968
2010-12-01T00:00:00Z,1000.0,9.75,77.25,-0.3945675,-0.027545929
2010-12-01T00:00:00Z,1000.0,9.75,77.5,-0.1626339,0.016887665
2010-12-01T00:00:00Z,1000.0,9.75,77.75,-0.27103233,-0.5026436
2010-12-01T00:00:00Z,1000.0,9.75,78.0,-0.5576534,-1.1662178
2010-12-01T00:00:00Z,1000.0,10.0,70.0,-1.4980831,-3.2902412
2010-12-01T00:00:00Z,1000.0,10.0,70.25,-1.3525753,-3.2194405
2010-12-01T00:00:00Z,1000.0,10.0,70.5,-1.1977901,-3.1481514
2010-12-01T00:00:00Z,1000.0,10.0,70.75,-1.0727901,-3.0714912
2010-12-01T00:00:00Z,1000.0,10.0,71.0,-0.93704796,-2.9850655
2010-12-01T00:00:00Z,1000.0,10.0,71.25,-0.8325558,-2.9069405
2010-12-01T00:00:00Z,1000.0,10.0,71.5,-0.73392296,-2.848835
2010-12-01T00:00:00Z,1000.0,10.0,71.75,-0.63284874,-2.7912178
2010-12-01T00:00:00Z,1000.0,10.0,72.0,-0.539587,-2.6916084
2010-12-01T00:00:00Z,1000.0,10.0,72.25,-0.40677452,-2.586628
2010-12-01T00:00:00Z,1000.0,10.0,72.5,-0.28030968,-2.5055733
2010-12-01T00:00:00Z,1000.0,10.0,72.75,-0.15823936,-2.4469795
2010-12-01T00:00:00Z,1000.0,10.0,73.0,-0.08890343,-2.338581
2010-12-01T00:00:00Z,1000.0,10.0,73.25,-0.036169052,-2.1989326
2010-12-01T00:00:00Z,1000.0,10.0,73.5,0.038049698,-2.1281319
2010-12-01T00:00:00Z,1000.0,10.0,73.75,0.10006142,-2.0578194
2010-12-01T00:00:00Z,1000.0,10.0,74.0,0.17037392,-1.9792061
2010-12-01T00:00:00Z,1000.0,10.0,74.25,0.18795204,-1.883503
2010-12-01T00:00:00Z,1000.0,10.0,74.5,0.19625282,-1.8219795
2010-12-01T00:00:00Z,1000.0,10.0,74.75,0.18844032,-1.8293037
2010-12-01T00:00:00Z,1000.0,10.0,75.0,0.14840126,-1.7834053
2010-12-01T00:00:00Z,1000.0,10.0,75.25,0.09762001,-1.704792
2010-12-01T00:00:00Z,1000.0,10.0,75.5,0.020471573,-1.5636787
2010-12-01T00:00:00Z,1000.0,10.0,75.75,0.05513954,-1.3932686
2010-12-01T00:00:00Z,1000.0,10.0,76.0,0.20504189,-1.0856514
2010-12-01T00:00:00Z,1000.0,10.0,76.25,0.22603798,-0.35567093
2010-12-01T00:00:00Z,1000.0,10.0,76.5,-0.042028427,0.22636032
2010-12-01T00:00:00Z,1000.0,10.0,76.75,-0.355505,0.22391891
2010-12-01T00:00:00Z,1000.0,10.0,77.0,-0.4590206,0.067668915
2010-12-01T00:00:00Z,1000.0,10.0,77.25,-0.33109093,-0.05537796
2010-12-01T00:00:00Z,1000.0,10.0,77.5,-0.10696983,-0.10518265
2010-12-01T00:00:00Z,1000.0,10.0,77.75,-0.080114365,-0.43086624
2010-12-01T00:00:00Z,1000.0,10.0,78.0,-0.24661827,-0.9840889
2010-12-01T00:00:00Z,1000.0,10.25,70.0,-1.4883175,-3.3825264
2010-12-01T00:00:00Z,1000.0,10.25,70.25,-1.3472042,-3.3253975
2010-12-01T00:00:00Z,1000.0,10.25,70.5,-1.1894894,-3.251667
2010-12-01T00:00:00Z,1000.0,10.25,70.75,-1.0664425,-3.178913
2010-12-01T00:00:00Z,1000.0,10.25,71.0,-0.9365597,-3.0836983
2010-12-01T00:00:00Z,1000.0,10.25,71.25,-0.8232784,-2.991413
2010-12-01T00:00:00Z,1000.0,10.25,71.5,-0.6963253,-2.9333076
2010-12-01T00:00:00Z,1000.0,10.25,71.75,-0.5869503,-2.8693428
2010-12-01T00:00:00Z,1000.0,10.25,72.0,-0.4800167,-2.7697334
2010-12-01T00:00:00Z,1000.0,10.25,72.25,-0.3340206,-2.6530342
2010-12-01T00:00:00Z,1000.0,10.25,72.5,-0.21780968,-2.557331
2010-12-01T00:00:00Z,1000.0,10.25,72.75,-0.104040146,-2.4796944
2010-12-01T00:00:00Z,1000.0,10.25,73.0,-0.04739952,-2.3512764
2010-12-01T00:00:00Z,1000.0,10.25,73.25,0.018518448,-2.2179756
2010-12-01T00:00:00Z,1000.0,10.25,73.5,0.10250282,-2.140339
2010-12-01T00:00:00Z,1000.0,10.25,73.75,0.15621376,-2.0544014
2010-12-01T00:00:00Z,1000.0,10.25,74.0,0.22359657,-1.9591866
2010-12-01T00:00:00Z,1000.0,10.25,74.25,0.21822548,-1.8527412
2010-12-01T00:00:00Z,1000.0,10.25,74.5,0.23775673,-1.7751045
2010-12-01T00:00:00Z,1000.0,10.25,74.75,0.19967079,-1.7511787
2010-12-01T00:00:00Z,1000.0,10.25,75.0,0.07125282,-1.6574287
2010-12-01T00:00:00Z,1000.0,10.25,75.25,-0.07327843,-1.5246162
2010-12-01T00:00:00Z,1000.0,10.25,75.5,-0.2690792,-1.4611397
2010-12-01T00:00:00Z,1000.0,10.25,75.75,-0.25003624,-1.3869209
2010-12-01T00:00:00Z,1000.0,10.25,76.0,-0.27103233,-1.154499
2010-12-01T00:00:00Z,1000.0,10.25,76.25,-0.39017296,-0.5851631
2010-12-01T00:00:00Z,1000.0,10.25,76.5,-0.3418331,-0.12031937
2010-12-01T00:00:00Z,1000.0,10.25,76.75,-0.51566124,-0.16426468
2010-12-01T00:00:00Z,1000.0,10.25,77.0,-0.6313839,-0.16328812
2010-12-01T00:00:00Z,1000.0,10.25,77.25,-0.37113,-0.14668655
2010-12-01T00:00:00Z,1000.0,10.25,77.5,-0.10843468,-0.24092484
2010-12-01T00:00:00Z,1000.0,10.25,77.75,0.011194229,-0.44356155
2010-12-01T00:00:00Z,1000.0,10.25,78.0,-0.08646202,-0.8322334
2010-12-01T00:00:00Z,1000.0,10.5,70.0,-1.4722042,-3.4743233
2010-12-01T00:00:00Z,1000.0,10.5,70.25,-1.3257198,-3.4245186
2010-12-01T00:00:00Z,1000.0,10.5,70.5,-1.1655636,-3.361042
2010-12-01T00:00:00Z,1000.0,10.5,70.75,-1.051794,-3.2956123
2010-12-01T00:00:00Z,1000.0,10.5,71.0,-0.9341183,-3.197956
2010-12-01T00:00:00Z,1000.0,10.5,71.25,-0.81448936,-3.1115303
2010-12-01T00:00:00Z,1000.0,10.5,71.5,-0.6699581,-3.05196
2010-12-01T00:00:00Z,1000.0,10.5,71.75,-0.53909874,-2.977253
2010-12-01T00:00:00Z,1000.0,10.5,72.0,-0.4072628,-2.871296
2010-12-01T00:00:00Z,1000.0,10.5,72.25,-0.26614952,-2.7477608
2010-12-01T00:00:00Z,1000.0,10.5,72.5,-0.1548214,-2.6398506
2010-12-01T00:00:00Z,1000.0,10.5,72.75,-0.052770615,-2.5182686
2010-12-01T00:00:00Z,1000.0,10.5,73.0,-3.6239624E-5,-2.3795967
2010-12-01T00:00:00Z,1000.0,10.5,73.25,0.08687782,-2.2536201
2010-12-01T00:00:00Z,1000.0,10.5,73.5,0.18355751,-2.1452217
2010-12-01T00:00:00Z,1000.0,10.5,73.75,0.24703407,-2.053913
2010-12-01T00:00:00Z,1000.0,10.5,74.0,0.30172157,-1.9176826
2010-12-01T00:00:00Z,1000.0,10.5,74.25,0.29244423,-1.805378
2010-12-01T00:00:00Z,1000.0,10.5,74.5,0.3139286,-1.7399483
2010-12-01T00:00:00Z,1000.0,10.5,74.75,0.26607704,-1.6295967
2010-12-01T00:00:00Z,1000.0,10.5,75.0,0.12545204,-1.4733467
2010-12-01T00:00:00Z,1000.0,10.5,75.25,-0.06741905,-1.30196
2010-12-01T00:00:00Z,1000.0,10.5,75.5,-0.26224327,-1.267292
2010-12-01T00:00:00Z,1000.0,10.5,75.75,-0.33060265,-1.1754951
2010-12-01T00:00:00Z,1000.0,10.5,76.0,-0.71048546,-0.91475296
2010-12-01T00:00:00Z,1000.0,10.5,76.25,-1.0073605,-0.5856514
2010-12-01T00:00:00Z,1000.0,10.5,76.5,-0.75003624,-0.3249092
2010-12-01T00:00:00Z,1000.0,10.5,76.75,-0.7309933,-0.4059639
2010-12-01T00:00:00Z,1000.0,10.5,77.0,-0.78861046,-0.31074905
2010-12-01T00:00:00Z,1000.0,10.5,77.25,-0.57034874,-0.0778389
2010-12-01T00:00:00Z,1000.0,10.5,77.5,-0.35111046,-0.06416702
2010-12-01T00:00:00Z,1000.0,10.5,77.75,-0.19437218,-0.17110062
2010-12-01T00:00:00Z,1000.0,10.5,78.0,-0.24759483,-0.42842484
2010-12-01T00:00:00Z,1000.0,10.75,70.0,-1.4546261,-3.5651436
2010-12-01T00:00:00Z,1000.0,10.75,70.25,-1.3013058,-3.527546
2010-12-01T00:00:00Z,1000.0,10.75,70.5,-1.1582394,-3.484089
2010-12-01T00:00:00Z,1000.0,10.75,70.75,-1.0459347,-3.4284248
2010-12-01T00:00:00Z,1000.0,10.75,71.0,-0.9253292,-3.345417
2010-12-01T00:00:00Z,1000.0,10.75,71.25,-0.7983761,-3.2785225
2010-12-01T00:00:00Z,1000.0,10.75,71.5,-0.64310265,-3.2033272
2010-12-01T00:00:00Z,1000.0,10.75,71.75,-0.49661827,-3.1134834
2010-12-01T00:00:00Z,1000.0,10.75,72.0,-0.3525753,-3.005085
2010-12-01T00:00:00Z,1000.0,10.75,72.25,-0.22611046,-2.8722725
2010-12-01T00:00:00Z,1000.0,10.75,72.5,-0.115270615,-2.7511787
2010-12-01T00:00:00Z,1000.0,10.75,72.75,-0.026891708,-2.5993233
2010-12-01T00:00:00Z,1000.0,10.75,73.0,0.045373917,-2.4396553
2010-12-01T00:00:00Z,1000.0,10.75,73.25,0.15181923,-2.3063545
2010-12-01T00:00:00Z,1000.0,10.75,73.5,0.24996376,-2.1774483
2010-12-01T00:00:00Z,1000.0,10.75,73.75,0.34371376,-2.0558662
2010-12-01T00:00:00Z,1000.0,10.75,74.0,0.38912392,-1.8722725
2010-12-01T00:00:00Z,1000.0,10.75,74.25,0.40670204,-1.7697334
2010-12-01T00:00:00Z,1000.0,10.75,74.5,0.43502235,-1.7218819
2010-12-01T00:00:00Z,1000.0,10.75,74.75,0.42232704,-1.5299873
2010-12-01T00:00:00Z,1000.0,10.75,75.0,0.38521767,-1.3102608
2010-12-01T00:00:00Z,1000.0,10.75,75.25,0.2411747,-1.117878
2010-12-01T00:00:00Z,1000.0,10.75,75.5,0.16695595,-1.0685616
2010-12-01T00:00:00Z,1000.0,10.75,75.75,-0.014196396,-0.9010811
2010-12-01T00:00:00Z,1000.0,10.75,76.0,-0.68997765,-0.56563187
2010-12-01T00:00:00Z,1000.0,10.75,76.25,-1.0405636,-0.31563187
2010-12-01T00:00:00Z,1000.0,10.75,76.5,-0.85404015,-0.103717804
2010-12-01T00:00:00Z,1000.0,10.75,76.75,-0.8188839,-0.22481155
2010-12-01T00:00:00Z,1000.0,10.75,77.0,-0.7593136,-0.24873734
2010-12-01T00:00:00Z,1000.0,10.75,77.25,-0.6621456,-0.04365921
2010-12-01T00:00:00Z,1000.0,10.75,77.5,-0.56204796,0.03837204
2010-12-01T00:00:00Z,1000.0,10.75,77.75,-0.41654015,0.06327438
2010-12-01T00:00:00Z,1000.0,10.75,78.0,-0.42337608,-0.03633499
2010-12-01T00:00:00Z,1000.0,11.0,70.0,-1.4473019,-3.668171
2010-12-01T00:00:00Z,1000.0,11.0,70.25,-1.301794,-3.642292
2010-12-01T00:00:00Z,1000.0,11.0,70.5,-1.1699581,-3.616413
2010-12-01T00:00:00Z,1000.0,11.0,70.75,-1.0386105,-3.571003
2010-12-01T00:00:00Z,1000.0,11.0,71.0,-0.9199581,-3.5036201
2010-12-01T00:00:00Z,1000.0,11.0,71.25,-0.78909874,-3.446003
2010-12-01T00:00:00Z,1000.0,11.0,71.5,-0.62698936,-3.371296
2010-12-01T00:00:00Z,1000.0,11.0,71.75,-0.4878292,-3.2834053
2010-12-01T00:00:00Z,1000.0,11.0,72.0,-0.34525108,-3.1764717
2010-12-01T00:00:00Z,1000.0,11.0,72.25,-0.22904015,-3.0392647
2010-12-01T00:00:00Z,1000.0,11.0,72.5,-0.11331749,-2.886921
2010-12-01T00:00:00Z,1000.0,11.0,72.75,-0.02786827,-2.7057686
2010-12-01T00:00:00Z,1000.0,11.0,73.0,0.07027626,-2.5133858
2010-12-01T00:00:00Z,1000.0,11.0,73.25,0.18844032,-2.374714
2010-12-01T00:00:00Z,1000.0,11.0,73.5,0.2856083,-2.2443428
2010-12-01T00:00:00Z,1000.0,11.0,73.75,0.4106083,-2.074421
2010-12-01T00:00:00Z,1000.0,11.0,74.0,0.4491825,-1.8883858
2010-12-01T00:00:00Z,1000.0,11.0,74.25,0.51607704,-1.7834053
2010-12-01T00:00:00Z,1000.0,11.0,74.5,0.56832314,-1.7155342
2010-12-01T00:00:00Z,1000.0,11.0,74.75,0.60396767,-1.5299873
2010-12-01T00:00:00Z,1000.0,11.0,75.0,0.675745,-1.2653389
2010-12-01T00:00:00Z,1000.0,11.0,75.25,0.5844364,-1.05196
2010-12-01T00:00:00Z,1000.0,11.0,75.5,0.6557255,-1.0143623
2010-12-01T00:00:00Z,1000.0,11.0,75.75,0.51363564,-0.7804756
2010-12-01T00:00:00Z,1000.0,11.0,76.0,-0.111364365,-0.3542061
2010-12-01T00:00:00Z,1000.0,11.0,76.25,-0.40530968,-0.13106155
2010-12-01T00:00:00Z,1000.0,11.0,76.5,-0.5640011,-0.07393265
2010-12-01T00:00:00Z,1000.0,11.0,76.75,-0.65091515,-0.26192093
2010-12-01T00:00:00Z,1000.0,11.0,77.0,-0.46292686,-0.24385452
2010-12-01T00:00:00Z,1000.0,11.0,77.25,-0.5122433,-0.019245148
2010-12-01T00:00:00Z,1000.0,11.0,77.5,-0.5161495,0.083782196
2010-12-01T00:00:00Z,1000.0,11.0,77.75,-0.3476925,0.11210251
2010-12-01T00:00:00Z,1000.0,11.0,78.0,-0.28323936,-0.0070381165
2010-12-01T00:00:00Z,1000.0,11.25,70.0,-1.4541378,-3.7682686
2010-12-01T00:00:00Z,1000.0,11.25,70.25,-1.3061886,-3.7555733
2010-12-01T00:00:00Z,1000.0,11.25,70.5,-1.1782589,-3.7370186
2010-12-01T00:00:00Z,1000.0,11.25,70.75,-1.0386105,-3.6969795
2010-12-01T00:00:00Z,1000.0,11.25,71.0,-0.92435265,-3.6501045
2010-12-01T00:00:00Z,1000.0,11.25,71.25,-0.7954464,-3.5949287
2010-12-01T00:00:00Z,1000.0,11.25,71.5,-0.6445675,-3.5338936
2010-12-01T00:00:00Z,1000.0,11.25,71.75,-0.5161495,-3.4430733
2010-12-01T00:00:00Z,1000.0,11.25,72.0,-0.36429405,-3.3205147
2010-12-01T00:00:00Z,1000.0,11.25,72.25,-0.26224327,-3.1984444
2010-12-01T00:00:00Z,1000.0,11.25,72.5,-0.14310265,-3.0187569
2010-12-01T00:00:00Z,1000.0,11.25,72.75,-0.04642296,-2.8136787
2010-12-01T00:00:00Z,1000.0,11.25,73.0,0.057092667,-2.6032295
2010-12-01T00:00:00Z,1000.0,11.25,73.25,0.17672157,-2.4508858
2010-12-01T00:00:00Z,1000.0,11.25,73.5,0.26803017,-2.3312569
2010-12-01T00:00:00Z,1000.0,11.25,73.75,0.4076786,-2.138874
2010-12-01T00:00:00Z,1000.0,11.25,74.0,0.47603798,-1.9709053
2010-12-01T00:00:00Z,1000.0,11.25,74.25,0.5824833,-1.8493233
2010-12-01T00:00:00Z,1000.0,11.25,74.5,0.62545204,-1.7604561
2010-12-01T00:00:00Z,1000.0,11.25,74.75,0.6733036,-1.598835
2010-12-01T00:00:00Z,1000.0,11.25,75.0,0.7768192,-1.2956123
2010-12-01T00:00:00Z,1000.0,11.25,75.25,0.6733036,-1.0802803
2010-12-01T00:00:00Z,1000.0,11.25,75.5,0.7719364,-0.9499092
2010-12-01T00:00:00Z,1000.0,11.25,75.75,0.6474247,-0.59199905
2010-12-01T00:00:00Z,1000.0,11.25,76.0,0.17379189,-0.24776077
2010-12-01T00:00:00Z,1000.0,11.25,76.25,-0.041540146,-0.14375687
2010-12-01T00:00:00Z,1000.0,11.25,76.5,-0.39847374,-0.1271553
2010-12-01T00:00:00Z,1000.0,11.25,76.75,-0.40872765,-0.20820999
2010-12-01T00:00:00Z,1000.0,11.25,77.0,-0.08109093,-0.11348343
2010-12-01T00:00:00Z,1000.0,11.25,77.25,-0.28958702,0.040813446
2010-12-01T00:00:00Z,1000.0,11.25,77.5,-0.3735714,0.051555634
2010-12-01T00:00:00Z,1000.0,11.25,77.75,-0.18362999,-0.108112335
2010-12-01T00:00:00Z,1000.0,11.25,78.0,-0.14652061,-0.3405342
2010-12-01T00:00:00Z,1000.0,11.5,70.0,-1.461462,-3.8625069
2010-12-01T00:00:00Z,1000.0,11.5,70.25,-1.3076534,-3.861042
2010-12-01T00:00:00Z,1000.0,11.5,70.5,-1.192419,-3.843464
2010-12-01T00:00:00Z,1000.0,11.5,70.75,-1.0557003,-3.8024483
2010-12-01T00:00:00Z,1000.0,11.5,71.0,-0.9341183,-3.7687569
2010-12-01T00:00:00Z,1000.0,11.5,71.25,-0.81009483,-3.7091866
2010-12-01T00:00:00Z,1000.0,11.5,71.5,-0.6811886,-3.6540108
2010-12-01T00:00:00Z,1000.0,11.5,71.75,-0.56009483,-3.5753975
2010-12-01T00:00:00Z,1000.0,11.5,72.0,-0.4072628,-3.444538
2010-12-01T00:00:00Z,1000.0,11.5,72.25,-0.3164425,-3.3322334
2010-12-01T00:00:00Z,1000.0,11.5,72.5,-0.19241905,-3.1418037
2010-12-01T00:00:00Z,1000.0,11.5,72.75,-0.08255577,-2.923542
2010-12-01T00:00:00Z,1000.0,11.5,73.0,0.024866104,-2.7038155
2010-12-01T00:00:00Z,1000.0,11.5,73.25,0.15719032,-2.5270576
2010-12-01T00:00:00Z,1000.0,11.5,73.5,0.24654579,-2.4245186
2010-12-01T00:00:00Z,1000.0,11.5,73.75,0.38131142,-2.2511787
2010-12-01T00:00:00Z,1000.0,11.5,74.0,0.47701454,-2.0768623
2010-12-01T00:00:00Z,1000.0,11.5,74.25,0.5878544,-1.9406319
2010-12-01T00:00:00Z,1000.0,11.5,74.5,0.6181278,-1.8429756
2010-12-01T00:00:00Z,1000.0,11.5,74.75,0.6469364,-1.6364326
2010-12-01T00:00:00Z,1000.0,11.5,75.0,0.67720985,-1.3122139
2010-12-01T00:00:00Z,1000.0,11.5,75.25,0.5043583,-1.1115303
2010-12-01T00:00:00Z,1000.0,11.5,75.5,0.49068642,-0.755085
2010-12-01T00:00:00Z,1000.0,11.5,75.75,0.2597294,-0.28682327
2010-12-01T00:00:00Z,1000.0,11.5,76.0,-0.12503624,-0.26143265
2010-12-01T00:00:00Z,1000.0,11.5,76.25,-0.23831749,-0.33516312
2010-12-01T00:00:00Z,1000.0,11.5,76.5,-0.5527706,-0.09541702
2010-12-01T00:00:00Z,1000.0,11.5,76.75,-0.45023155,0.09843063
2010-12-01T00:00:00Z,1000.0,11.5,77.0,-0.05472374,0.075969696
2010-12-01T00:00:00Z,1000.0,11.5,77.25,-0.22855186,-0.060749054
2010-12-01T00:00:00Z,1000.0,11.5,77.5,-0.27542686,-0.19942093
2010-12-01T00:00:00Z,1000.0,11.5,77.75,-0.13089561,-0.49824905
2010-12-01T00:00:00Z,1000.0,11.5,78.0,-0.23099327,-0.6530342
2010-12-01T00:00:00Z,1000.0,11.75,70.0,-1.4663448,-3.9484444
2010-12-01T00:00:00Z,1000.0,11.75,70.25,-1.3286495,-3.9333076
2010-12-01T00:00:00Z,1000.0,11.75,70.5,-1.2134151,-3.9274483
2010-12-01T00:00:00Z,1000.0,11.75,70.75,-1.0762081,-3.8961983
2010-12-01T00:00:00Z,1000.0,11.75,71.0,-0.9575558,-3.8600655
2010-12-01T00:00:00Z,1000.0,11.75,71.25,-0.84378624,-3.8048897
2010-12-01T00:00:00Z,1000.0,11.75,71.5,-0.7197628,-3.744831
2010-12-01T00:00:00Z,1000.0,11.75,71.75,-0.60159874,-3.6784248
2010-12-01T00:00:00Z,1000.0,11.75,72.0,-0.4643917,-3.5441475
2010-12-01T00:00:00Z,1000.0,11.75,72.25,-0.36185265,-3.4230537
2010-12-01T00:00:00Z,1000.0,11.75,72.5,-0.23441124,-3.2541084
2010-12-01T00:00:00Z,1000.0,11.75,72.75,-0.1182003,-3.0407295
2010-12-01T00:00:00Z,1000.0,11.75,73.0,0.0043582916,-2.8214912
2010-12-01T00:00:00Z,1000.0,11.75,73.25,0.13472939,-2.6374092
2010-12-01T00:00:00Z,1000.0,11.75,73.5,0.23092079,-2.5280342
2010-12-01T00:00:00Z,1000.0,11.75,73.75,0.36470985,-2.3649483
2010-12-01T00:00:00Z,1000.0,11.75,74.0,0.46041298,-2.1750069
2010-12-01T00:00:00Z,1000.0,11.75,74.25,0.56832314,-2.0036201
2010-12-01T00:00:00Z,1000.0,11.75,74.5,0.61226845,-1.8649483
2010-12-01T00:00:00Z,1000.0,11.75,74.75,0.6127567,-1.6305733
2010-12-01T00:00:00Z,1000.0,11.75,75.0,0.58053017,-1.2931709
2010-12-01T00:00:00Z,1000.0,11.75,75.25,0.36519814,-0.98506546
2010-12-01T00:00:00Z,1000.0,11.75,75.5,0.14303017,-0.4919014
2010-12-01T00:00:00Z,1000.0,11.75,75.75,-0.21585655,-0.1325264
2010-12-01T00:00:00Z,1000.0,11.75,76.0,-0.4590206,-0.33125687
2010-12-01T00:00:00Z,1000.0,11.75,76.25,-0.45999718,-0.47969437
2010-12-01T00:00:00Z,1000.0,11.75,76.5,-0.7090206,-0.21113968
2010-12-01T00:00:00Z,1000.0,11.75,76.75,-0.6982784,0.06180954
2010-12-01T00:00:00Z,1000.0,11.75,77.0,-0.40238,0.049114227
2010-12-01T00:00:00Z,1000.0,11.75,77.25,-0.36380577,-0.10322952
2010-12-01T00:00:00Z,1000.0,11.75,77.5,-0.25784874,-0.2443428
2010-12-01T00:00:00Z,1000.0,11.75,77.75,-0.23343468,-0.6403389
2010-12-01T00:00:00Z,1000.0,11.75,78.0,-0.47171593,-0.78975296
2010-12-01T00:00:00Z,1000.0,12.0,70.0,-1.4775753,-4.0324287
2010-12-01T00:00:00Z,1000.0,12.0,70.25,-1.3584347,-4.009968
2010-12-01T00:00:00Z,1000.0,12.0,70.5,-1.2378292,-4.0163155
2010-12-01T00:00:00Z,1000.0,12.0,70.75,-1.1147823,-3.9919014
2010-12-01T00:00:00Z,1000.0,12.0,71.0,-0.9932003,-3.9381905
2010-12-01T00:00:00Z,1000.0,12.0,71.25,-0.8735714,-3.8952217
2010-12-01T00:00:00Z,1000.0,12.0,71.5,-0.7544308,-3.8258858
2010-12-01T00:00:00Z,1000.0,12.0,71.75,-0.6372433,-3.7545967
2010-12-01T00:00:00Z,1000.0,12.0,72.0,-0.51761436,-3.6281319
2010-12-01T00:00:00Z,1000.0,12.0,72.25,-0.40042686,-3.501667
2010-12-01T00:00:00Z,1000.0,12.0,72.5,-0.27347374,-3.3605537
2010-12-01T00:00:00Z,1000.0,12.0,72.75,-0.14310265,-3.1535225
2010-12-01T00:00:00Z,1000.0,12.0,73.0,-3.6239624E-5,-2.9352608
2010-12-01T00:00:00Z,1000.0,12.0,73.25,0.11422157,-2.7521553
2010-12-01T00:00:00Z,1000.0,12.0,73.5,0.2255497,-2.6154366
2010-12-01T00:00:00Z,1000.0,12.0,73.75,0.35738564,-2.4464912
2010-12-01T00:00:00Z,1000.0,12.0,74.0,0.46041298,-2.2506905
2010-12-01T00:00:00Z,1000.0,12.0,74.25,0.569788,-2.0456123
2010-12-01T00:00:00Z,1000.0,12.0,74.5,0.5985966,-1.8620186
2010-12-01T00:00:00Z,1000.0,12.0,74.75,0.6112919,-1.6256905
2010-12-01T00:00:00Z,1000.0,12.0,75.0,0.6029911,-1.1911201
2010-12-01T00:00:00Z,1000.0,12.0,75.25,0.35640907,-0.6764717
2010-12-01T00:00:00Z,1000.0,12.0,75.5,-0.09036827,-0.29805374
2010-12-01T00:00:00Z,1000.0,12.0,75.75,-0.54935265,-0.24483109
2010-12-01T00:00:00Z,1000.0,12.0,76.0,-0.67972374,-0.44893265
2010-12-01T00:00:00Z,1000.0,12.0,76.25,-0.65335655,-0.5446358
2010-12-01T00:00:00Z,1000.0,12.0,76.5,-0.83353233,-0.4655342
2010-12-01T00:00:00Z,1000.0,12.0,76.75,-0.86185265,-0.317585
2010-12-01T00:00:00Z,1000.0,12.0,77.0,-0.68704796,-0.13936234
2010-12-01T00:00:00Z,1000.0,12.0,77.25,-0.5293331,-0.029987335
2010-12-01T00:00:00Z,1000.0,12.0,77.5,-0.35941124,-0.0856514
2010-12-01T00:00:00Z,1000.0,12.0,77.75,-0.46292686,-0.55781937
2010-12-01T00:00:00Z,1000.0,12.0,78.0,-0.76273155,-0.87080765
2010-12-01T00:00:00Z,1000.0,12.25,70.0,-1.4932003,-4.112995
2010-12-01T00:00:00Z,1000.0,12.25,70.25,-1.3740597,-4.0978584
2010-12-01T00:00:00Z,1000.0,12.25,70.5,-1.2515011,-4.093464
2010-12-01T00:00:00Z,1000.0,12.25,70.75,-1.1440792,-4.0700264
2010-12-01T00:00:00Z,1000.0,12.25,71.0,-1.0098019,-4.010456
2010-12-01T00:00:00Z,1000.0,12.25,71.25,-0.8857784,-3.963581
2010-12-01T00:00:00Z,1000.0,12.25,71.5,-0.7827511,-3.8932686
2010-12-01T00:00:00Z,1000.0,12.25,71.75,-0.6650753,-3.8317451
2010-12-01T00:00:00Z,1000.0,12.25,72.0,-0.5615597,-3.7282295
2010-12-01T00:00:00Z,1000.0,12.25,72.25,-0.43900108,-3.5959053
2010-12-01T00:00:00Z,1000.0,12.25,72.5,-0.30130577,-3.4557686
2010-12-01T00:00:00Z,1000.0,12.25,72.75,-0.15823936,-3.2658272
2010-12-01T00:00:00Z,1000.0,12.25,73.0,-0.02005577,-3.0568428
2010-12-01T00:00:00Z,1000.0,12.25,73.25,0.09078407,-2.8605537
2010-12-01T00:00:00Z,1000.0,12.25,73.5,0.22701454,-2.70821
2010-12-01T00:00:00Z,1000.0,12.25,73.75,0.3427372,-2.5407295
2010-12-01T00:00:00Z,1000.0,12.25,74.0,0.46871376,-2.3156319
2010-12-01T00:00:00Z,1000.0,12.25,74.25,0.5609989,-2.077839
2010-12-01T00:00:00Z,1000.0,12.25,74.5,0.57271767,-1.8683662
2010-12-01T00:00:00Z,1000.0,12.25,74.75,0.65865517,-1.5436592
2010-12-01T00:00:00Z,1000.0,12.25,75.0,0.55220985,-0.91524124
2010-12-01T00:00:00Z,1000.0,12.25,75.25,0.16793251,-0.30537796
2010-12-01T00:00:00Z,1000.0,12.25,75.5,-0.26859093,-0.13350296
2010-12-01T00:00:00Z,1000.0,12.25,75.75,-0.6860714,-0.26973343
2010-12-01T00:00:00Z,1000.0,12.25,76.0,-0.81253624,-0.47676468
2010-12-01T00:00:00Z,1000.0,12.25,76.25,-0.8442745,-0.58321
2010-12-01T00:00:00Z,1000.0,12.25,76.5,-0.98685265,-0.54805374
2010-12-01T00:00:00Z,1000.0,12.25,76.75,-0.9307003,-0.46699905
2010-12-01T00:00:00Z,1000.0,12.25,77.0,-0.7563839,-0.25899124
2010-12-01T00:00:00Z,1000.0,12.25,77.25,-0.6518917,-0.09151077
2010-12-01T00:00:00Z,1000.0,12.25,77.5,-0.61966515,-0.16182327
2010-12-01T00:00:00Z,1000.0,12.25,77.75,-0.7231808,-0.5158272
2010-12-01T00:00:00Z,1000.0,12.25,78.0,-0.82816124,-0.81904984
2010-12-01T00:00:00Z,1000.0,12.5,70.0,-1.5044308,-4.185749
2010-12-01T00:00:00Z,1000.0,12.5,70.25,-1.3857784,-4.1759834
2010-12-01T00:00:00Z,1000.0,12.5,70.5,-1.2573605,-4.1603584
2010-12-01T00:00:00Z,1000.0,12.5,70.75,-1.1416378,-4.1393623
2010-12-01T00:00:00Z,1000.0,12.5,71.0,-1.0132198,-4.0841866
2010-12-01T00:00:00Z,1000.0,12.5,71.25,-0.8945675,-4.0177803
2010-12-01T00:00:00Z,1000.0,12.5,71.5,-0.789587,-3.9518623
2010-12-01T00:00:00Z,1000.0,12.5,71.75,-0.6758175,-3.8986397
2010-12-01T00:00:00Z,1000.0,12.5,72.0,-0.59134483,-3.8117256
2010-12-01T00:00:00Z,1000.0,12.5,72.25,-0.4697628,-3.6984444
2010-12-01T00:00:00Z,1000.0,12.5,72.5,-0.32962608,-3.571003
2010-12-01T00:00:00Z,1000.0,12.5,72.75,-0.18411827,-3.4064522
2010-12-01T00:00:00Z,1000.0,12.5,73.0,-0.052282333,-3.2067451
2010-12-01T00:00:00Z,1000.0,12.5,73.25,0.06490517,-2.9992256
2010-12-01T00:00:00Z,1000.0,12.5,73.5,0.2201786,-2.8302803
2010-12-01T00:00:00Z,1000.0,12.5,73.75,0.33834267,-2.6588936
2010-12-01T00:00:00Z,1000.0,12.5,74.0,0.49166298,-2.4084053
2010-12-01T00:00:00Z,1000.0,12.5,74.25,0.54928017,-2.1154366
2010-12-01T00:00:00Z,1000.0,12.5,74.5,0.5634403,-1.8566475
2010-12-01T00:00:00Z,1000.0,12.5,74.75,0.6752567,-1.4098701
2010-12-01T00:00:00Z,1000.0,12.5,75.0,0.33297157,-0.63594437
2010-12-01T00:00:00Z,1000.0,12.5,75.25,-0.14847374,-0.036823273
2010-12-01T00:00:00Z,1000.0,12.5,75.5,-0.36185265,0.060832977
2010-12-01T00:00:00Z,1000.0,12.5,75.75,-0.727087,-0.06270218
2010-12-01T00:00:00Z,1000.0,12.5,76.0,-0.91898155,-0.3249092
2010-12-01T00:00:00Z,1000.0,12.5,76.25,-0.94290733,-0.5436592
2010-12-01T00:00:00Z,1000.0,12.5,76.5,-1.0659542,-0.49580765
2010-12-01T00:00:00Z,1000.0,12.5,76.75,-0.95511436,-0.4499092
2010-12-01T00:00:00Z,1000.0,12.5,77.0,-0.7768917,-0.37129593
2010-12-01T00:00:00Z,1000.0,12.5,77.25,-0.80960655,-0.2834053
2010-12-01T00:00:00Z,1000.0,12.5,77.5,-0.9575558,-0.380085
2010-12-01T00:00:00Z,1000.0,12.5,77.75,-0.97122765,-0.56074905
2010-12-01T00:00:00Z,1000.0,12.5,78.0,-0.7671261,-0.77656937
2010-12-01T00:00:00Z,1000.0,12.75,70.0,-1.5122433,-4.249714
2010-12-01T00:00:00Z,1000.0,12.75,70.25,-1.3974972,-4.2453194
2010-12-01T00:00:00Z,1000.0,12.75,70.5,-1.2656612,-4.234089
2010-12-01T00:00:00Z,1000.0,12.75,70.75,-1.140173,-4.2057686
2010-12-01T00:00:00Z,1000.0,12.75,71.0,-1.0224972,-4.1496162
2010-12-01T00:00:00Z,1000.0,12.75,71.25,-0.90335655,-4.074909
2010-12-01T00:00:00Z,1000.0,12.75,71.5,-0.7998409,-4.013874
2010-12-01T00:00:00Z,1000.0,12.75,71.75,-0.7041378,-3.961628
2010-12-01T00:00:00Z,1000.0,12.75,72.0,-0.61917686,-3.9020576
2010-12-01T00:00:00Z,1000.0,12.75,72.25,-0.4980831,-3.8224678
2010-12-01T00:00:00Z,1000.0,12.75,72.5,-0.3760128,-3.7140694
2010-12-01T00:00:00Z,1000.0,12.75,72.75,-0.23245811,-3.5661201
2010-12-01T00:00:00Z,1000.0,12.75,73.0,-0.08499718,-3.371296
2010-12-01T00:00:00Z,1000.0,12.75,73.25,0.04683876,-3.1935616
2010-12-01T00:00:00Z,1000.0,12.75,73.5,0.21578407,-3.0065498
2010-12-01T00:00:00Z,1000.0,12.75,73.75,0.3456669,-2.8004951
2010-12-01T00:00:00Z,1000.0,12.75,74.0,0.4960575,-2.5490303
2010-12-01T00:00:00Z,1000.0,12.75,74.25,0.56295204,-2.1754951
2010-12-01T00:00:00Z,1000.0,12.75,74.5,0.59615517,-1.7716866
2010-12-01T00:00:00Z,1000.0,12.75,74.75,0.6186161,-1.1872139
2010-12-01T00:00:00Z,1000.0,12.75,75.0,0.17428017,-0.42305374
2010-12-01T00:00:00Z,1000.0,12.75,75.25,-0.22708702,0.029582977
2010-12-01T00:00:00Z,1000.0,12.75,75.5,-0.37698936,0.047649384
2010-12-01T00:00:00Z,1000.0,12.75,75.75,-0.82523155,-0.088581085
2010-12-01T00:00:00Z,1000.0,12.75,76.0,-1.0215206,-0.28535843
2010-12-01T00:00:00Z,1000.0,12.75,76.25,-0.96341515,-0.42988968
2010-12-01T00:00:00Z,1000.0,12.75,76.5,-1.0342159,-0.4005928
2010-12-01T00:00:00Z,1000.0,12.75,76.75,-0.9121456,-0.4005928
2010-12-01T00:00:00Z,1000.0,12.75,77.0,-0.8418331,-0.4347725
2010-12-01T00:00:00Z,1000.0,12.75,77.25,-1.0102901,-0.4215889
2010-12-01T00:00:00Z,1000.0,12.75,77.5,-1.2012081,-0.48506546
2010-12-01T00:00:00Z,1000.0,12.75,77.75,-1.195837,-0.62031937
2010-12-01T00:00:00Z,1000.0,12.75,78.0,-0.93167686,-0.83321
2010-12-01T00:00:00Z,1000.0,13.0,70.0,-1.5351925,-4.3200264
2010-12-01T00:00:00Z,1000.0,13.0,70.25,-1.4160519,-4.3078194
2010-12-01T00:00:00Z,1000.0,13.0,70.5,-1.280798,-4.2990303
2010-12-01T00:00:00Z,1000.0,13.0,70.75,-1.161169,-4.2746162
2010-12-01T00:00:00Z,1000.0,13.0,71.0,-1.0444698,-4.228718
2010-12-01T00:00:00Z,1000.0,13.0,71.25,-0.92679405,-4.1584053
2010-12-01T00:00:00Z,1000.0,13.0,71.5,-0.83548546,-4.091999
2010-12-01T00:00:00Z,1000.0,13.0,71.75,-0.73441124,-4.036335
2010-12-01T00:00:00Z,1000.0,13.0,72.0,-0.6372433,-3.9953194
2010-12-01T00:00:00Z,1000.0,13.0,72.25,-0.5303097,-3.9206123
2010-12-01T00:00:00Z,1000.0,13.0,72.5,-0.41312218,-3.8307686
2010-12-01T00:00:00Z,1000.0,13.0,72.75,-0.2798214,-3.7282295
2010-12-01T00:00:00Z,1000.0,13.0,73.0,-0.13773155,-3.5534248
2010-12-01T00:00:00Z,1000.0,13.0,73.25,0.011194229,-3.4064522
2010-12-01T00:00:00Z,1000.0,13.0,73.5,0.18697548,-3.2179756
2010-12-01T00:00:00Z,1000.0,13.0,73.75,0.31881142,-2.9782295
2010-12-01T00:00:00Z,1000.0,13.0,74.0,0.45260048,-2.696003
2010-12-01T00:00:00Z,1000.0,13.0,74.25,0.57613564,-2.2677803
2010-12-01T00:00:00Z,1000.0,13.0,74.5,0.61470985,-1.7111397
2010-12-01T00:00:00Z,1000.0,13.0,74.75,0.4911747,-0.9030342
2010-12-01T00:00:00Z,1000.0,13.0,75.0,0.11422157,-0.21113968
2010-12-01T00:00:00Z,1000.0,13.0,75.25,-0.19241905,-0.03926468
2010-12-01T00:00:00Z,1000.0,13.0,75.5,-0.4722042,-0.108112335
2010-12-01T00:00:00Z,1000.0,13.0,75.75,-0.89017296,-0.23262405
2010-12-01T00:00:00Z,1000.0,13.0,76.0,-0.9756222,-0.28438187
2010-12-01T00:00:00Z,1000.0,13.0,76.25,-0.9228878,-0.23750687
2010-12-01T00:00:00Z,1000.0,13.0,76.5,-0.98196983,-0.23945999
2010-12-01T00:00:00Z,1000.0,13.0,76.75,-0.9150753,-0.3073311
2010-12-01T00:00:00Z,1000.0,13.0,77.0,-0.97659874,-0.42744827
2010-12-01T00:00:00Z,1000.0,13.0,77.25,-1.1684933,-0.5280342
2010-12-01T00:00:00Z,1000.0,13.0,77.5,-1.3022823,-0.5802803
2010-12-01T00:00:00Z,1000.0,13.0,77.75,-1.3203487,-0.69404984
2010-12-01T00:00:00Z,1000.0,13.0,78.0,-1.1479855,-0.8493233
2010-12-01T00:00:00Z,1000.0,13.25,70.0,-1.5561886,-4.3966866
2010-12-01T00:00:00Z,1000.0,13.25,70.25,-1.437048,-4.3669014
2010-12-01T00:00:00Z,1000.0,13.25,70.5,-1.3003292,-4.3527412
2010-12-01T00:00:00Z,1000.0,13.25,70.75,-1.1831417,-4.335163
2010-12-01T00:00:00Z,1000.0,13.25,71.0,-1.0654659,-4.2980537
2010-12-01T00:00:00Z,1000.0,13.25,71.25,-0.9536495,-4.2419014
2010-12-01T00:00:00Z,1000.0,13.25,71.5,-0.8608761,-4.190632
2010-12-01T00:00:00Z,1000.0,13.25,71.75,-0.7505245,-4.138386
2010-12-01T00:00:00Z,1000.0,13.25,72.0,-0.6621456,-4.0924873
2010-12-01T00:00:00Z,1000.0,13.25,72.25,-0.5791378,-4.0236397
2010-12-01T00:00:00Z,1000.0,13.25,72.5,-0.4516964,-3.947956
2010-12-01T00:00:00Z,1000.0,13.25,72.75,-0.3262081,-3.8649483
2010-12-01T00:00:00Z,1000.0,13.25,73.0,-0.19193077,-3.7248116
2010-12-01T00:00:00Z,1000.0,13.25,73.25,-0.03128624,-3.593464
2010-12-01T00:00:00Z,1000.0,13.25,73.5,0.11226845,-3.4162178
2010-12-01T00:00:00Z,1000.0,13.25,73.75,0.24849892,-3.17696
2010-12-01T00:00:00Z,1000.0,13.25,74.0,0.38277626,-2.8239326
2010-12-01T00:00:00Z,1000.0,13.25,74.25,0.5097294,-2.3791084
2010-12-01T00:00:00Z,1000.0,13.25,74.5,0.50387,-1.7687569
2010-12-01T00:00:00Z,1000.0,13.25,74.75,0.23922157,-0.7624092
2010-12-01T00:00:00Z,1000.0,13.25,75.0,-0.08255577,-0.11397171
2010-12-01T00:00:00Z,1000.0,13.25,75.25,-0.33743858,-0.11494827
2010-12-01T00:00:00Z,1000.0,13.25,75.5,-0.6265011,-0.06367874
2010-12-01T00:00:00Z,1000.0,13.25,75.75,-0.8213253,-0.014850616
2010-12-01T00:00:00Z,1000.0,13.25,76.0,-0.8310909,-0.05586624
2010-12-01T00:00:00Z,1000.0,13.25,76.25,-0.8706417,-0.030963898
2010-12-01T00:00:00Z,1000.0,13.25,76.5,-0.96097374,-0.091999054
2010-12-01T00:00:00Z,1000.0,13.25,76.75,-1.0342159,-0.25654984
2010-12-01T00:00:00Z,1000.0,13.25,77.0,-1.1494503,-0.41182327
2010-12-01T00:00:00Z,1000.0,13.25,77.25,-1.2309933,-0.51094437
2010-12-01T00:00:00Z,1000.0,13.25,77.5,-1.3032589,-0.5495186
2010-12-01T00:00:00Z,1000.0,13.25,77.75,-1.3047237,-0.6295967
2010-12-01T00:00:00Z,1000.0,13.25,78.0,-1.168005,-0.7336006
2010-12-01T00:00:00Z,1000.0,13.5,70.0,-1.5605831,-4.4577217
2010-12-01T00:00:00Z,1000.0,13.5,70.25,-1.4404659,-4.416706
2010-12-01T00:00:00Z,1000.0,13.5,70.5,-1.3081417,-4.3986397
2010-12-01T00:00:00Z,1000.0,13.5,70.75,-1.1904659,-4.3722725
2010-12-01T00:00:00Z,1000.0,13.5,71.0,-1.0786495,-4.3463936
2010-12-01T00:00:00Z,1000.0,13.5,71.25,-0.9722042,-4.3117256
2010-12-01T00:00:00Z,1000.0,13.5,71.5,-0.8730831,-4.280964
2010-12-01T00:00:00Z,1000.0,13.5,71.75,-0.7822628,-4.2399483
2010-12-01T00:00:00Z,1000.0,13.5,72.0,-0.6963253,-4.178425
2010-12-01T00:00:00Z,1000.0,13.5,72.25,-0.61185265,-4.1256905
2010-12-01T00:00:00Z,1000.0,13.5,72.5,-0.49759483,-4.053913
2010-12-01T00:00:00Z,1000.0,13.5,72.75,-0.38480186,-3.9577217
2010-12-01T00:00:00Z,1000.0,13.5,73.0,-0.24710655,-3.873249
2010-12-01T00:00:00Z,1000.0,13.5,73.25,-0.08987999,-3.7643623
2010-12-01T00:00:00Z,1000.0,13.5,73.5,0.019983292,-3.5836983
2010-12-01T00:00:00Z,1000.0,13.5,73.75,0.17672157,-3.3517647
2010-12-01T00:00:00Z,1000.0,13.5,74.0,0.29488564,-2.9523506
2010-12-01T00:00:00Z,1000.0,13.5,74.25,0.38863564,-2.4655342
2010-12-01T00:00:00Z,1000.0,13.5,74.5,0.3896122,-1.7477608
2010-12-01T00:00:00Z,1000.0,13.5,74.75,-0.006383896,-0.6813545
2010-12-01T00:00:00Z,1000.0,13.5,75.0,-0.41946983,-0.12666702
2010-12-01T00:00:00Z,1000.0,13.5,75.25,-0.6059933,-0.12276077
2010-12-01T00:00:00Z,1000.0,13.5,75.5,-0.7558956,0.05839157
2010-12-01T00:00:00Z,1000.0,13.5,75.75,-0.8115597,0.24540329
2010-12-01T00:00:00Z,1000.0,13.5,76.0,-0.87454796,0.16483688
2010-12-01T00:00:00Z,1000.0,13.5,76.25,-0.97073936,0.03446579
2010-12-01T00:00:00Z,1000.0,13.5,76.5,-1.0459347,-0.017780304
2010-12-01T00:00:00Z,1000.0,13.5,76.75,-1.1894894,-0.15449905
2010-12-01T00:00:00Z,1000.0,13.5,77.0,-1.2685909,-0.29756546
2010-12-01T00:00:00Z,1000.0,13.5,77.25,-1.2407589,-0.34981155
2010-12-01T00:00:00Z,1000.0,13.5,77.5,-1.2837276,-0.3747139
2010-12-01T00:00:00Z,1000.0,13.5,77.75,-1.2969112,-0.4264717
2010-12-01T00:00:00Z,1000.0,13.5,78.0,-1.1782589,-0.5622139
2010-12-01T00:00:00Z,1000.0,13.75,70.0,-1.5625362,-4.5231514
2010-12-01T00:00:00Z,1000.0,13.75,70.25,-1.4341183,-4.468952
2010-12-01T00:00:00Z,1000.0,13.75,70.5,-1.3164425,-4.4381905
2010-12-01T00:00:00Z,1000.0,13.75,70.75,-1.2012081,-4.3966866
2010-12-01T00:00:00Z,1000.0,13.75,71.0,-1.0967159,-4.3898506
2010-12-01T00:00:00Z,1000.0,13.75,71.25,-1.0010128,-4.36446
2010-12-01T00:00:00Z,1000.0,13.75,71.5,-0.8935909,-4.3336983
2010-12-01T00:00:00Z,1000.0,13.75,71.75,-0.8164425,-4.3112373
2010-12-01T00:00:00Z,1000.0,13.75,72.0,-0.72659874,-4.2511787
2010-12-01T00:00:00Z,1000.0,13.75,72.25,-0.648962,-4.2003975
2010-12-01T00:00:00Z,1000.0,13.75,72.5,-0.55423546,-4.1398506
2010-12-01T00:00:00Z,1000.0,13.75,72.75,-0.43216515,-4.0617256
2010-12-01T00:00:00Z,1000.0,13.75,73.0,-0.30423546,-3.986042
2010-12-01T00:00:00Z,1000.0,13.75,73.25,-0.16556358,-3.8708076
2010-12-01T00:00:00Z,1000.0,13.75,73.5,-0.053258896,-3.7213936
2010-12-01T00:00:00Z,1000.0,13.75,73.75,0.1317997,-3.4977608
2010-12-01T00:00:00Z,1000.0,13.75,74.0,0.23433876,-3.1032295
2010-12-01T00:00:00Z,1000.0,13.75,74.25,0.31832314,-2.5124092
2010-12-01T00:00:00Z,1000.0,13.75,74.5,0.34859657,-1.5202217
2010-12-01T00:00:00Z,1000.0,13.75,74.75,-0.19241905,-0.5382881
2010-12-01T00:00:00Z,1000.0,13.75,75.0,-0.76810265,-0.22237015
2010-12-01T00:00:00Z,1000.0,13.75,75.25,-0.8857784,-0.14473343
2010-12-01T00:00:00Z,1000.0,13.75,75.5,-0.9199581,0.007610321
2010-12-01T00:00:00Z,1000.0,13.75,75.75,-0.98636436,0.19755173
2010-12-01T00:00:00Z,1000.0,13.75,76.0,-1.1416378,0.22977829
2010-12-01T00:00:00Z,1000.0,13.75,76.25,-1.2231808,-0.00850296
2010-12-01T00:00:00Z,1000.0,13.75,76.5,-1.1963253,-0.09395218
2010-12-01T00:00:00Z,1000.0,13.75,76.75,-1.3081417,-0.12422562
2010-12-01T00:00:00Z,1000.0,13.75,77.0,-1.3818722,-0.22139359
2010-12-01T00:00:00Z,1000.0,13.75,77.25,-1.3315792,-0.29756546
2010-12-01T00:00:00Z,1000.0,13.75,77.5,-1.3574581,-0.31807327
2010-12-01T00:00:00Z,1000.0,13.75,77.75,-1.4155636,-0.28779984
2010-12-01T00:00:00Z,1000.0,13.75,78.0,-1.2920284,-0.4245186
2010-12-01T00:00:00Z,1000.0,14.0,70.0,-1.570837,-4.588093
2010-12-01T00:00:00Z,1000.0,14.0,70.25,-1.4365597,-4.522175
2010-12-01T00:00:00Z,1000.0,14.0,70.5,-1.3354855,-4.475788
2010-12-01T00:00:00Z,1000.0,14.0,70.75,-1.2192745,-4.4279366
2010-12-01T00:00:00Z,1000.0,14.0,71.0,-1.114294,-4.416706
2010-12-01T00:00:00Z,1000.0,14.0,71.25,-1.0356808,-4.388386
2010-12-01T00:00:00Z,1000.0,14.0,71.5,-0.9277706,-4.3722725
2010-12-01T00:00:00Z,1000.0,14.0,71.75,-0.8447628,-4.3532295
2010-12-01T00:00:00Z,1000.0,14.0,72.0,-0.74613,-4.3048897
2010-12-01T00:00:00Z,1000.0,14.0,72.25,-0.67728233,-4.253132
2010-12-01T00:00:00Z,1000.0,14.0,72.5,-0.5815792,-4.1916084
2010-12-01T00:00:00Z,1000.0,14.0,72.75,-0.4565792,-4.1486397
2010-12-01T00:00:00Z,1000.0,14.0,73.0,-0.36087608,-4.050007
2010-12-01T00:00:00Z,1000.0,14.0,73.25,-0.22806358,-3.9342842
2010-12-01T00:00:00Z,1000.0,14.0,73.5,-0.12503624,-3.838581
2010-12-01T00:00:00Z,1000.0,14.0,73.75,0.048303604,-3.6071358
2010-12-01T00:00:00Z,1000.0,14.0,74.0,0.16890907,-3.2287178
2010-12-01T00:00:00Z,1000.0,14.0,74.25,0.18746376,-2.446003
2010-12-01T00:00:00Z,1000.0,14.0,74.5,0.095666885,-1.0905342
2010-12-01T00:00:00Z,1000.0,14.0,74.75,-0.49710655,-0.25947952
2010-12-01T00:00:00Z,1000.0,14.0,75.0,-1.0342159,-0.2624092
2010-12-01T00:00:00Z,1000.0,14.0,75.25,-1.0762081,-0.15791702
2010-12-01T00:00:00Z,1000.0,14.0,75.5,-1.0537472,-0.07490921
2010-12-01T00:00:00Z,1000.0,14.0,75.75,-1.1221066,0.040325165
2010-12-01T00:00:00Z,1000.0,14.0,76.0,-1.3574581,0.20145798
2010-12-01T00:00:00Z,1000.0,14.0,76.25,-1.4131222,-0.019245148
2010-12-01T00:00:00Z,1000.0,14.0,76.5,-1.2441769,-0.18867874
2010-12-01T00:00:00Z,1000.0,14.0,76.75,-1.364294,-0.22188187
2010-12-01T00:00:00Z,1000.0,14.0,77.0,-1.5293331,-0.26338577
2010-12-01T00:00:00Z,1000.0,14.0,77.25,-1.4726925,-0.32881546
2010-12-01T00:00:00Z,1000.0,14.0,77.5,-1.4565792,-0.3434639
2010-12-01T00:00:00Z,1000.0,14.0,77.75,-1.5278683,-0.22432327
2010-12-01T00:00:00Z,1000.0,14.0,78.0,-1.3721066,-0.24922562
2010-12-01T00:00:00Z,1000.0,14.25,70.0,-1.5923214,-4.6588936
2010-12-01T00:00:00Z,1000.0,14.25,70.25,-1.4551144,-4.581257
2010-12-01T00:00:00Z,1000.0,14.25,70.5,-1.348669,-4.513386
2010-12-01T00:00:00Z,1000.0,14.25,70.75,-1.2280636,-4.475788
2010-12-01T00:00:00Z,1000.0,14.25,71.0,-1.1255245,-4.4489326
2010-12-01T00:00:00Z,1000.0,14.25,71.25,-1.0473995,-4.4103584
2010-12-01T00:00:00Z,1000.0,14.25,71.5,-0.9487667,-4.4123116
2010-12-01T00:00:00Z,1000.0,14.25,71.75,-0.86673546,-4.367878
2010-12-01T00:00:00Z,1000.0,14.25,72.0,-0.74759483,-4.325886
2010-12-01T00:00:00Z,1000.0,14.25,72.25,-0.6606808,-4.282917
2010-12-01T00:00:00Z,1000.0,14.25,72.5,-0.5640011,-4.20821
2010-12-01T00:00:00Z,1000.0,14.25,72.75,-0.46878624,-4.1828194
2010-12-01T00:00:00Z,1000.0,14.25,73.0,-0.4018917,-4.0890694
2010-12-01T00:00:00Z,1000.0,14.25,73.25,-0.24905968,-3.9752998
2010-12-01T00:00:00Z,1000.0,14.25,73.5,-0.1650753,-3.845417
2010-12-01T00:00:00Z,1000.0,14.25,73.75,-0.04642296,-3.6374092
2010-12-01T00:00:00Z,1000.0,14.25,74.0,0.060022354,-3.2995186
2010-12-01T00:00:00Z,1000.0,14.25,74.25,-0.072301865,-2.2648506
2010-12-01T00:00:00Z,1000.0,14.25,74.5,-0.35452843,-0.70625687
2010-12-01T00:00:00Z,1000.0,14.25,74.75,-0.84378624,-0.024616241
2010-12-01T00:00:00Z,1000.0,14.25,75.0,-1.1655636,-0.16670609
2010-12-01T00:00:00Z,1000.0,14.25,75.25,-1.1538448,-0.10469437
2010-12-01T00:00:00Z,1000.0,14.25,75.5,-1.1255245,-0.06953812
2010-12-01T00:00:00Z,1000.0,14.25,75.75,-1.1699581,-0.042194366
2010-12-01T00:00:00Z,1000.0,14.25,76.0,-1.4663448,0.064250946
2010-12-01T00:00:00Z,1000.0,14.25,76.25,-1.5537472,-0.04756546
2010-12-01T00:00:00Z,1000.0,14.25,76.5,-1.320837,-0.19160843
2010-12-01T00:00:00Z,1000.0,14.25,76.75,-1.4175167,-0.30049515
2010-12-01T00:00:00Z,1000.0,14.25,77.0,-1.6040401,-0.29805374
2010-12-01T00:00:00Z,1000.0,14.25,77.25,-1.5752316,-0.30342484
2010-12-01T00:00:00Z,1000.0,14.25,77.5,-1.4946651,-0.31612015
2010-12-01T00:00:00Z,1000.0,14.25,77.75,-1.5098019,-0.18574905
2010-12-01T00:00:00Z,1000.0,14.25,78.0,-1.4282589,-0.09102249
2010-12-01T00:00:00Z,1000.0,14.5,70.0,-1.6147823,-4.7262764
2010-12-01T00:00:00Z,1000.0,14.5,70.25,-1.4785519,-4.637409
2010-12-01T00:00:00Z,1000.0,14.5,70.5,-1.348669,-4.5490303
2010-12-01T00:00:00Z,1000.0,14.5,70.75,-1.2197628,-4.513874
2010-12-01T00:00:00Z,1000.0,14.5,71.0,-1.1216183,-4.4796944
2010-12-01T00:00:00Z,1000.0,14.5,71.25,-1.0371456,-4.431843
2010-12-01T00:00:00Z,1000.0,14.5,71.5,-0.94486046,-4.428425
2010-12-01T00:00:00Z,1000.0,14.5,71.75,-0.8608761,-4.387409
2010-12-01T00:00:00Z,1000.0,14.5,72.0,-0.7309933,-4.355671
2010-12-01T00:00:00Z,1000.0,14.5,72.25,-0.63284874,-4.2980537
2010-12-01T00:00:00Z,1000.0,14.5,72.5,-0.5371456,-4.223835
2010-12-01T00:00:00Z,1000.0,14.5,72.75,-0.44193077,-4.187702
2010-12-01T00:00:00Z,1000.0,14.5,73.0,-0.37015343,-4.0895576
2010-12-01T00:00:00Z,1000.0,14.5,73.25,-0.22611046,-3.9713936
2010-12-01T00:00:00Z,1000.0,14.5,73.5,-0.14652061,-3.789753
2010-12-01T00:00:00Z,1000.0,14.5,73.75,-0.053747177,-3.6281319
2010-12-01T00:00:00Z,1000.0,14.5,74.0,-0.011266708,-3.1261787
2010-12-01T00:00:00Z,1000.0,14.5,74.25,-0.27103233,-1.7624092
2010-12-01T00:00:00Z,1000.0,14.5,74.5,-0.61429405,-0.45381546
2010-12-01T00:00:00Z,1000.0,14.5,74.75,-0.98148155,-0.06709671
2010-12-01T00:00:00Z,1000.0,14.5,75.0,-1.218298,-0.088092804
2010-12-01T00:00:00Z,1000.0,14.5,75.25,-1.2212276,-0.06612015
2010-12-01T00:00:00Z,1000.0,14.5,75.5,-1.2104855,-0.05928421
2010-12-01T00:00:00Z,1000.0,14.5,75.75,-1.265173,-0.006549835
2010-12-01T00:00:00Z,1000.0,14.5,76.0,-1.5527706,0.017375946
2010-12-01T00:00:00Z,1000.0,14.5,76.25,-1.702673,-0.027545929
2010-12-01T00:00:00Z,1000.0,14.5,76.5,-1.543005,-0.15645218
2010-12-01T00:00:00Z,1000.0,14.5,76.75,-1.504919,-0.32149124
2010-12-01T00:00:00Z,1000.0,14.5,77.0,-1.6304073,-0.24238968
2010-12-01T00:00:00Z,1000.0,14.5,77.25,-1.8159542,-0.17256546
2010-12-01T00:00:00Z,1000.0,14.5,77.5,-1.65238,-0.17354202
2010-12-01T00:00:00Z,1000.0,14.5,77.75,-1.4726925,-0.09541702
2010-12-01T00:00:00Z,1000.0,14.5,78.0,-1.5786495,-0.028522491
2010-12-01T00:00:00Z,1000.0,14.75,70.0,-1.6382198,-4.778034
2010-12-01T00:00:00Z,1000.0,14.75,70.25,-1.4956417,-4.673542
2010-12-01T00:00:00Z,1000.0,14.75,70.5,-1.3525753,-4.5998116
2010-12-01T00:00:00Z,1000.0,14.75,70.75,-1.2222042,-4.547077
2010-12-01T00:00:00Z,1000.0,14.75,71.0,-1.1113644,-4.5045967
2010-12-01T00:00:00Z,1000.0,14.75,71.25,-1.0254269,-4.465534
2010-12-01T00:00:00Z,1000.0,14.75,71.5,-0.9326534,-4.433796
2010-12-01T00:00:00Z,1000.0,14.75,71.75,-0.82816124,-4.4088936
2010-12-01T00:00:00Z,1000.0,14.75,72.0,-0.7036495,-4.367878
2010-12-01T00:00:00Z,1000.0,14.75,72.25,-0.59134483,-4.2853584
2010-12-01T00:00:00Z,1000.0,14.75,72.5,-0.49124718,-4.2404366
2010-12-01T00:00:00Z,1000.0,14.75,72.75,-0.3887081,-4.1745186
2010-12-01T00:00:00Z,1000.0,14.75,73.0,-0.2900753,-4.06905
2010-12-01T00:00:00Z,1000.0,14.75,73.25,-0.15433311,-3.95821
2010-12-01T00:00:00Z,1000.0,14.75,73.5,-0.03568077,-3.7492256
2010-12-01T00:00:00Z,1000.0,14.75,73.75,0.06734657,-3.5265694
2010-12-01T00:00:00Z,1000.0,14.75,74.0,0.0024051666,-2.5959053
2010-12-01T00:00:00Z,1000.0,14.75,74.25,-0.35696983,-0.9938545
2010-12-01T00:00:00Z,1000.0,14.75,74.5,-0.6601925,-0.27217484
2010-12-01T00:00:00Z,1000.0,14.75,74.75,-0.92386436,-0.22725296
2010-12-01T00:00:00Z,1000.0,14.75,75.0,-1.2060909,-0.052448273
2010-12-01T00:00:00Z,1000.0,14.75,75.25,-1.2768917,-0.060260773
2010-12-01T00:00:00Z,1000.0,14.75,75.5,-1.2681026,-0.10078812
2010-12-01T00:00:00Z,1000.0,14.75,75.75,-1.3340206,0.009563446
2010-12-01T00:00:00Z,1000.0,14.75,76.0,-1.555212,0.07108688
2010-12-01T00:00:00Z,1000.0,14.75,76.25,-1.723669,0.083293915
2010-12-01T00:00:00Z,1000.0,14.75,76.5,-1.6777706,-0.05928421
2010-12-01T00:00:00Z,1000.0,14.75,76.75,-1.5454464,-0.22188187
2010-12-01T00:00:00Z,1000.0,14.75,77.0,-1.6348019,-0.10274124
2010-12-01T00:00:00Z,1000.0,14.75,77.25,-2.044958,-0.022663116
2010-12-01T00:00:00Z,1000.0,14.75,77.5,-1.8374386,-0.06319046
2010-12-01T00:00:00Z,1000.0,14.75,77.75,-1.4556026,-0.06758499
2010-12-01T00:00:00Z,1000.0,14.75,78.0,-1.6396847,-0.076374054
2010-12-01T00:00:00Z,1000.0,15.0,70.0,-1.6650753,-4.8214912
2010-12-01T00:00:00Z,1000.0,15.0,70.25,-1.5122433,-4.6950264
2010-12-01T00:00:00Z,1000.0,15.0,70.5,-1.3672237,-4.6413155
2010-12-01T00:00:00Z,1000.0,15.0,70.75,-1.2436886,-4.56905
2010-12-01T00:00:00Z,1000.0,15.0,71.0,-1.1113644,-4.526081
2010-12-01T00:00:00Z,1000.0,15.0,71.25,-1.0112667,-4.4992256
2010-12-01T00:00:00Z,1000.0,15.0,71.5,-0.9014034,-4.4469795
2010-12-01T00:00:00Z,1000.0,15.0,71.75,-0.7803097,-4.422077
2010-12-01T00:00:00Z,1000.0,15.0,72.0,-0.6787472,-4.359089
2010-12-01T00:00:00Z,1000.0,15.0,72.25,-0.55423546,-4.2956123
2010-12-01T00:00:00Z,1000.0,15.0,72.5,-0.4414425,-4.263874
2010-12-01T00:00:00Z,1000.0,15.0,72.75,-0.32864952,-4.1554756
2010-12-01T00:00:00Z,1000.0,15.0,73.0,-0.19974327,-4.0705147
2010-12-01T00:00:00Z,1000.0,15.0,73.25,-0.040563583,-3.9464912
2010-12-01T00:00:00Z,1000.0,15.0,73.5,0.13717079,-3.7057686
2010-12-01T00:00:00Z,1000.0,15.0,73.75,0.17379189,-3.3214912
2010-12-01T00:00:00Z,1000.0,15.0,74.0,-0.06595421,-2.026081
2010-12-01T00:00:00Z,1000.0,15.0,74.25,-0.4722042,-0.5334053
2010-12-01T00:00:00Z,1000.0,15.0,74.5,-0.70560265,-0.32051468
2010-12-01T00:00:00Z,1000.0,15.0,74.75,-0.8784542,-0.37910843
2010-12-01T00:00:00Z,1000.0,15.0,75.0,-1.18363,-0.10274124
2010-12-01T00:00:00Z,1000.0,15.0,75.25,-1.3262081,-0.09004593
2010-12-01T00:00:00Z,1000.0,15.0,75.5,-1.3115597,-0.12666702
2010-12-01T00:00:00Z,1000.0,15.0,75.75,-1.3491573,-0.08711624
2010-12-01T00:00:00Z,1000.0,15.0,76.0,-1.499548,-0.016803741
2010-12-01T00:00:00Z,1000.0,15.0,76.25,-1.6201534,0.067668915
2010-12-01T00:00:00Z,1000.0,15.0,76.5,-1.6064816,0.06913376
2010-12-01T00:00:00Z,1000.0,15.0,76.75,-1.5264034,0.05741501
2010-12-01T00:00:00Z,1000.0,15.0,77.0,-1.6059933,0.102825165
2010-12-01T00:00:00Z,1000.0,15.0,77.25,-1.9516964,0.08915329
2010-12-01T00:00:00Z,1000.0,15.0,77.5,-1.7905636,-0.049030304
2010-12-01T00:00:00Z,1000.0,15.0,77.75,-1.4253292,-0.15938187
2010-12-01T00:00:00Z,1000.0,15.0,78.0,-1.4443722,-0.19112015
